==22141== Memcheck, a memory error detector
==22141== Copyright (C) 2002-2024, and GNU GPL'd, by Julian Seward et al.
==22141== Using Valgrind-3.25.1 and LibVEX; rerun with -h for copyright info
==22141== Command: ./webServ danalexian.conf
==22141== Parent PID: 22130
==22141== 
==22141== Conditional jump or move depends on uninitialised value(s)
==22141==    at 0x4035C99: isDir(std::__cxx11::basic_string<char, std::char_traits<char>, std::allocator<char> > const&) (Get.cpp:90)
==22141==    by 0x403603B: Get::createResponse[abi:cxx11](Server const&) (Get.cpp:120)
==22141==    by 0x401DEA1: Loop::_createResponse(int) (Loop.cpp:460)
==22141==    by 0x401EDDF: Loop::runLoop() (Loop.cpp:612)
==22141==    by 0x4014393: main (main.cpp:62)
==22141== 
==22408== Invalid write of size 8
==22408==    at 0x4046AB6: Envp::getEnv() const (Envp.cpp:62)
==22408==    by 0x40446EE: CGI::startSubprocess(std::__cxx11::basic_string<char, std::char_traits<char>, std::allocator<char> >, std::__cxx11::basic_string<char, std::char_traits<char>, std::allocator<char> >) (CGI.cpp:157)
==22408==    by 0x401A107: Client::startCGI(Server&, Epoll&) (Client.cpp:226)
==22408==    by 0x401EBF6: Loop::runLoop() (Loop.cpp:593)
==22408==    by 0x4014393: main (main.cpp:62)
==22408==  Address 0x52d1348 is 0 bytes after a block of size 104 alloc'd
==22408==    at 0x48B35F3: operator new[](unsigned long) (vg_replace_malloc.c:729)
==22408==    by 0x4046A42: Envp::getEnv() const (Envp.cpp:55)
==22408==    by 0x40446EE: CGI::startSubprocess(std::__cxx11::basic_string<char, std::char_traits<char>, std::allocator<char> >, std::__cxx11::basic_string<char, std::char_traits<char>, std::allocator<char> >) (CGI.cpp:157)
==22408==    by 0x401A107: Client::startCGI(Server&, Epoll&) (Client.cpp:226)
==22408==    by 0x401EBF6: Loop::runLoop() (Loop.cpp:593)
==22408==    by 0x4014393: main (main.cpp:62)
==22408== 
==22408== Syscall param execve(envp) points to unaddressable byte(s)
==22408==    at 0x4C9078B: execve (syscall-template.S:120)
==22408==    by 0x404470C: CGI::startSubprocess(std::__cxx11::basic_string<char, std::char_traits<char>, std::allocator<char> >, std::__cxx11::basic_string<char, std::char_traits<char>, std::allocator<char> >) (CGI.cpp:158)
==22408==    by 0x401A107: Client::startCGI(Server&, Epoll&) (Client.cpp:226)
==22408==    by 0x401EBF6: Loop::runLoop() (Loop.cpp:593)
==22408==    by 0x4014393: main (main.cpp:62)
==22408==  Address 0x52d1348 is 0 bytes after a block of size 104 alloc'd
==22408==    at 0x48B35F3: operator new[](unsigned long) (vg_replace_malloc.c:729)
==22408==    by 0x4046A42: Envp::getEnv() const (Envp.cpp:55)
==22408==    by 0x40446EE: CGI::startSubprocess(std::__cxx11::basic_string<char, std::char_traits<char>, std::allocator<char> >, std::__cxx11::basic_string<char, std::char_traits<char>, std::allocator<char> >) (CGI.cpp:157)
==22408==    by 0x401A107: Client::startCGI(Server&, Epoll&) (Client.cpp:226)
==22408==    by 0x401EBF6: Loop::runLoop() (Loop.cpp:593)
==22408==    by 0x4014393: main (main.cpp:62)
==22408== 
==22141== Syscall param write(buf) points to uninitialised byte(s)
==22141==    at 0x4CC0AAD: write (write.c:26)
==22141==    by 0x40449A1: CGI::sendBody(std::__cxx11::basic_string<char, std::char_traits<char>, std::allocator<char> >) (CGI.cpp:187)
==22141==    by 0x401A156: Client::startCGI(Server&, Epoll&) (Client.cpp:227)
==22141==    by 0x401EBF6: Loop::runLoop() (Loop.cpp:593)
==22141==    by 0x4014393: main (main.cpp:62)
==22141==  Address 0x52d128d is 13 bytes inside a block of size 1,025 alloc'd
==22141==    at 0x48B1FD3: operator new(unsigned long) (vg_replace_malloc.c:487)
==22141==    by 0x4012C5C: std::__new_allocator<char>::allocate(unsigned long, void const*) (new_allocator.h:151)
==22141==    by 0x4010DF6: allocate (alloc_traits.h:142)
==22141==    by 0x4010DF6: std::__cxx11::basic_string<char, std::char_traits<char>, std::allocator<char> >::_S_allocate(std::allocator<char>&, unsigned long) (basic_string.h:142)
==22141==    by 0x400F609: std::__cxx11::basic_string<char, std::char_traits<char>, std::allocator<char> >::_M_create(unsigned long&, unsigned long) (basic_string.tcc:164)
==22141==    by 0x4045E40: void std::__cxx11::basic_string<char, std::char_traits<char>, std::allocator<char> >::_M_construct<__gnu_cxx::__normal_iterator<char*, std::__cxx11::basic_string<char, std::char_traits<char>, std::allocator<char> > > >(__gnu_cxx::__normal_iterator<char*, std::__cxx11::basic_string<char, std::char_traits<char>, std::allocator<char> > >, __gnu_cxx::__normal_iterator<char*, std::__cxx11::basic_string<char, std::char_traits<char>, std::allocator<char> > >, std::forward_iterator_tag) (basic_string.tcc:235)
==22141==    by 0x4045D47: void std::__cxx11::basic_string<char, std::char_traits<char>, std::allocator<char> >::_M_construct_aux<__gnu_cxx::__normal_iterator<char*, std::__cxx11::basic_string<char, std::char_traits<char>, std::allocator<char> > > >(__gnu_cxx::__normal_iterator<char*, std::__cxx11::basic_string<char, std::char_traits<char>, std::allocator<char> > >, __gnu_cxx::__normal_iterator<char*, std::__cxx11::basic_string<char, std::char_traits<char>, std::allocator<char> > >, std::__false_type) (basic_string.h:316)
==22141==    by 0x4045C96: std::__cxx11::basic_string<char, std::char_traits<char>, std::allocator<char> >::basic_string<__gnu_cxx::__normal_iterator<char*, std::__cxx11::basic_string<char, std::char_traits<char>, std::allocator<char> > > >(__gnu_cxx::__normal_iterator<char*, std::__cxx11::basic_string<char, std::char_traits<char>, std::allocator<char> > >, __gnu_cxx::__normal_iterator<char*, std::__cxx11::basic_string<char, std::char_traits<char>, std::allocator<char> > >, std::allocator<char> const&) (basic_string.h:860)
==22141==    by 0x404495C: CGI::sendBody(std::__cxx11::basic_string<char, std::char_traits<char>, std::allocator<char> >) (CGI.cpp:186)
==22141==    by 0x401A156: Client::startCGI(Server&, Epoll&) (Client.cpp:227)
==22141==    by 0x401EBF6: Loop::runLoop() (Loop.cpp:593)
==22141==    by 0x4014393: main (main.cpp:62)
==22141== 
==22141== Invalid read of size 8
==22141==    at 0x48BF817: memmove (vg_replace_strmem.c:1415)
==22141==    by 0x400A45E: std::char_traits<char>::copy(char*, char const*, unsigned long) (char_traits.h:429)
==22141==    by 0x400F697: std::__cxx11::basic_string<char, std::char_traits<char>, std::allocator<char> >::_S_copy(char*, char const*, unsigned long) (basic_string.h:453)
==22141==    by 0x4045F88: std::__cxx11::basic_string<char, std::char_traits<char>, std::allocator<char> >::_S_copy_chars(char*, char*, char*) (basic_string.h:520)
==22141==    by 0x4045F4F: std::__cxx11::basic_string<char, std::char_traits<char>, std::allocator<char> >::_S_copy_chars(char*, __gnu_cxx::__normal_iterator<char*, std::__cxx11::basic_string<char, std::char_traits<char>, std::allocator<char> > >, __gnu_cxx::__normal_iterator<char*, std::__cxx11::basic_string<char, std::char_traits<char>, std::allocator<char> > >) (basic_string.h:512)
==22141==    by 0x4045EA5: void std::__cxx11::basic_string<char, std::char_traits<char>, std::allocator<char> >::_M_construct<__gnu_cxx::__normal_iterator<char*, std::__cxx11::basic_string<char, std::char_traits<char>, std::allocator<char> > > >(__gnu_cxx::__normal_iterator<char*, std::__cxx11::basic_string<char, std::char_traits<char>, std::allocator<char> > >, __gnu_cxx::__normal_iterator<char*, std::__cxx11::basic_string<char, std::char_traits<char>, std::allocator<char> > >, std::forward_iterator_tag) (basic_string.tcc:253)
==22141==    by 0x4045D47: void std::__cxx11::basic_string<char, std::char_traits<char>, std::allocator<char> >::_M_construct_aux<__gnu_cxx::__normal_iterator<char*, std::__cxx11::basic_string<char, std::char_traits<char>, std::allocator<char> > > >(__gnu_cxx::__normal_iterator<char*, std::__cxx11::basic_string<char, std::char_traits<char>, std::allocator<char> > >, __gnu_cxx::__normal_iterator<char*, std::__cxx11::basic_string<char, std::char_traits<char>, std::allocator<char> > >, std::__false_type) (basic_string.h:316)
==22141==    by 0x4045C96: std::__cxx11::basic_string<char, std::char_traits<char>, std::allocator<char> >::basic_string<__gnu_cxx::__normal_iterator<char*, std::__cxx11::basic_string<char, std::char_traits<char>, std::allocator<char> > > >(__gnu_cxx::__normal_iterator<char*, std::__cxx11::basic_string<char, std::char_traits<char>, std::allocator<char> > >, __gnu_cxx::__normal_iterator<char*, std::__cxx11::basic_string<char, std::char_traits<char>, std::allocator<char> > >, std::allocator<char> const&) (basic_string.h:860)
==22141==    by 0x404495C: CGI::sendBody(std::__cxx11::basic_string<char, std::char_traits<char>, std::allocator<char> >) (CGI.cpp:186)
==22141==    by 0x401A156: Client::startCGI(Server&, Epoll&) (Client.cpp:227)
==22141==    by 0x401EBF6: Loop::runLoop() (Loop.cpp:593)
==22141==    by 0x4014393: main (main.cpp:62)
==22141==  Address 0x1fff001000 is not stack'd, malloc'd or (recently) free'd
==22141== 
==22141== 
==22141== Process terminating with default action of signal 11 (SIGSEGV)
==22141==  Access not within mapped region at address 0x1FFF001000
==22141==    at 0x48BF817: memmove (vg_replace_strmem.c:1415)
==22141==    by 0x400A45E: std::char_traits<char>::copy(char*, char const*, unsigned long) (char_traits.h:429)
==22141==    by 0x400F697: std::__cxx11::basic_string<char, std::char_traits<char>, std::allocator<char> >::_S_copy(char*, char const*, unsigned long) (basic_string.h:453)
==22141==    by 0x4045F88: std::__cxx11::basic_string<char, std::char_traits<char>, std::allocator<char> >::_S_copy_chars(char*, char*, char*) (basic_string.h:520)
==22141==    by 0x4045F4F: std::__cxx11::basic_string<char, std::char_traits<char>, std::allocator<char> >::_S_copy_chars(char*, __gnu_cxx::__normal_iterator<char*, std::__cxx11::basic_string<char, std::char_traits<char>, std::allocator<char> > >, __gnu_cxx::__normal_iterator<char*, std::__cxx11::basic_string<char, std::char_traits<char>, std::allocator<char> > >) (basic_string.h:512)
==22141==    by 0x4045EA5: void std::__cxx11::basic_string<char, std::char_traits<char>, std::allocator<char> >::_M_construct<__gnu_cxx::__normal_iterator<char*, std::__cxx11::basic_string<char, std::char_traits<char>, std::allocator<char> > > >(__gnu_cxx::__normal_iterator<char*, std::__cxx11::basic_string<char, std::char_traits<char>, std::allocator<char> > >, __gnu_cxx::__normal_iterator<char*, std::__cxx11::basic_string<char, std::char_traits<char>, std::allocator<char> > >, std::forward_iterator_tag) (basic_string.tcc:253)
==22141==    by 0x4045D47: void std::__cxx11::basic_string<char, std::char_traits<char>, std::allocator<char> >::_M_construct_aux<__gnu_cxx::__normal_iterator<char*, std::__cxx11::basic_string<char, std::char_traits<char>, std::allocator<char> > > >(__gnu_cxx::__normal_iterator<char*, std::__cxx11::basic_string<char, std::char_traits<char>, std::allocator<char> > >, __gnu_cxx::__normal_iterator<char*, std::__cxx11::basic_string<char, std::char_traits<char>, std::allocator<char> > >, std::__false_type) (basic_string.h:316)
==22141==    by 0x4045C96: std::__cxx11::basic_string<char, std::char_traits<char>, std::allocator<char> >::basic_string<__gnu_cxx::__normal_iterator<char*, std::__cxx11::basic_string<char, std::char_traits<char>, std::allocator<char> > > >(__gnu_cxx::__normal_iterator<char*, std::__cxx11::basic_string<char, std::char_traits<char>, std::allocator<char> > >, __gnu_cxx::__normal_iterator<char*, std::__cxx11::basic_string<char, std::char_traits<char>, std::allocator<char> > >, std::allocator<char> const&) (basic_string.h:860)
==22141==    by 0x404495C: CGI::sendBody(std::__cxx11::basic_string<char, std::char_traits<char>, std::allocator<char> >) (CGI.cpp:186)
==22141==    by 0x401A156: Client::startCGI(Server&, Epoll&) (Client.cpp:227)
==22141==    by 0x401EBF6: Loop::runLoop() (Loop.cpp:593)
==22141==    by 0x4014393: main (main.cpp:62)
==22141==  If you believe this happened as a result of a stack
==22141==  overflow in your program's main thread (unlikely but
==22141==  possible), you can try to increase the size of the
==22141==  main thread stack using the --main-stacksize= flag.
==22141==  The main thread stack size used in this run was 8388608.
==22141== 
==22141== FILE DESCRIPTORS: 10 open (3 inherited) at exit.
==22141== Open file descriptor 11:
==22141==    at 0x4CBFA0D: pipe (pipe.c:29)
==22141==    by 0x4044218: CGI::constructFD(Epoll&) (CGI.cpp:86)
==22141==    by 0x4019CDA: Client::startCGI(Server&, Epoll&) (Client.cpp:198)
==22141==    by 0x401EBF6: Loop::runLoop() (Loop.cpp:593)
==22141==    by 0x4014393: main (main.cpp:62)
==22141== 
==22141== Open AF_INET socket 8: 127.0.0.1:8080 <-> 127.0.0.1:43944
==22141==    at 0x4CD0CFD: accept (accept.c:26)
==22141==    by 0x401D1AB: Loop::_acceptClient(int) (Loop.cpp:324)
==22141==    by 0x401EA24: Loop::runLoop() (Loop.cpp:579)
==22141==    by 0x4014393: main (main.cpp:62)
==22141== 
==22141== Open file descriptor 7:
==22141==    at 0x4CBFA0D: pipe (pipe.c:29)
==22141==    by 0x404412F: CGI::constructFD(Epoll&) (CGI.cpp:80)
==22141==    by 0x4019CDA: Client::startCGI(Server&, Epoll&) (Client.cpp:198)
==22141==    by 0x401EBF6: Loop::runLoop() (Loop.cpp:593)
==22141==    by 0x4014393: main (main.cpp:62)
==22141== 
==22141== Open file descriptor 6:
==22141==    at 0x4CCF62B: epoll_create (epoll_create.c:28)
==22141==    by 0x4046D33: Epoll::createEpoll() (Epoll.cpp:54)
==22141==    by 0x4046C18: Epoll::Epoll(std::vector<Socket*, std::allocator<Socket*> >, int) (Epoll.cpp:12)
==22141==    by 0x401BCE2: Loop::Loop(std::vector<Server, std::allocator<Server> >) (Loop.cpp:23)
==22141==    by 0x4014375: main (main.cpp:61)
==22141== 
==22141== Open AF_INET socket 5: 127.0.0.2:8888 <-> <unbound>
==22141==    at 0x4CD123B: socket (syscall-template.S:120)
==22141==    by 0x40320B6: SocketData::_assignmentSocket(std::pair<std::__cxx11::basic_string<char, std::char_traits<char>, std::allocator<char> >, unsigned int>) (SocketData.cpp:78)
==22141==    by 0x4031B8D: SocketData::SocketData(std::pair<std::__cxx11::basic_string<char, std::char_traits<char>, std::allocator<char> >, unsigned int>) (SocketData.cpp:5)
==22141==    by 0x40308D4: Socket::addingSockets(Server) (Socket.cpp:44)
==22141==    by 0x4030656: Socket::Socket(Server) (Socket.cpp:6)
==22141==    by 0x401C786: Loop::_createSocket(std::vector<Server, std::allocator<Server> >, int&) (Loop.cpp:146)
==22141==    by 0x401BBFA: Loop::Loop(std::vector<Server, std::allocator<Server> >) (Loop.cpp:20)
==22141==    by 0x4014375: main (main.cpp:61)
==22141== 
==22141== Open AF_INET socket 4: 127.0.0.2:8080 <-> <unbound>
==22141==    at 0x4CD123B: socket (syscall-template.S:120)
==22141==    by 0x40320B6: SocketData::_assignmentSocket(std::pair<std::__cxx11::basic_string<char, std::char_traits<char>, std::allocator<char> >, unsigned int>) (SocketData.cpp:78)
==22141==    by 0x4031B8D: SocketData::SocketData(std::pair<std::__cxx11::basic_string<char, std::char_traits<char>, std::allocator<char> >, unsigned int>) (SocketData.cpp:5)
==22141==    by 0x40308D4: Socket::addingSockets(Server) (Socket.cpp:44)
==22141==    by 0x4030656: Socket::Socket(Server) (Socket.cpp:6)
==22141==    by 0x401C786: Loop::_createSocket(std::vector<Server, std::allocator<Server> >, int&) (Loop.cpp:146)
==22141==    by 0x401BBFA: Loop::Loop(std::vector<Server, std::allocator<Server> >) (Loop.cpp:20)
==22141==    by 0x4014375: main (main.cpp:61)
==22141== 
==22141== Open AF_INET socket 3: 127.0.0.1:8080 <-> <unbound>
==22141==    at 0x4CD123B: socket (syscall-template.S:120)
==22141==    by 0x40320B6: SocketData::_assignmentSocket(std::pair<std::__cxx11::basic_string<char, std::char_traits<char>, std::allocator<char> >, unsigned int>) (SocketData.cpp:78)
==22141==    by 0x4031B8D: SocketData::SocketData(std::pair<std::__cxx11::basic_string<char, std::char_traits<char>, std::allocator<char> >, unsigned int>) (SocketData.cpp:5)
==22141==    by 0x40308D4: Socket::addingSockets(Server) (Socket.cpp:44)
==22141==    by 0x4030656: Socket::Socket(Server) (Socket.cpp:6)
==22141==    by 0x401C786: Loop::_createSocket(std::vector<Server, std::allocator<Server> >, int&) (Loop.cpp:146)
==22141==    by 0x401BBFA: Loop::Loop(std::vector<Server, std::allocator<Server> >) (Loop.cpp:20)
==22141==    by 0x4014375: main (main.cpp:61)
==22141== 
==22141== 
==22141== HEAP SUMMARY:
==22141==     in use at exit: 4,844,708 bytes in 142 blocks
==22141==   total heap usage: 13,075 allocs, 12,933 frees, 58,020,840 bytes allocated
==22141== 
==22141== 8 bytes in 1 blocks are still reachable in loss record 1 of 80
==22141==    at 0x48B1FD3: operator new(unsigned long) (vg_replace_malloc.c:487)
==22141==    by 0x4022117: std::__new_allocator<Socket*>::allocate(unsigned long, void const*) (new_allocator.h:151)
==22141==    by 0x4021062: allocate (alloc_traits.h:142)
==22141==    by 0x4021062: std::_Vector_base<Socket*, std::allocator<Socket*> >::_M_allocate(unsigned long) (stl_vector.h:387)
==22141==    by 0x4020245: std::vector<Socket*, std::allocator<Socket*> >::_M_realloc_append(Socket* const&) (vector.tcc:572)
==22141==    by 0x401F81B: std::vector<Socket*, std::allocator<Socket*> >::push_back(Socket* const&) (stl_vector.h:1427)
==22141==    by 0x401C7CC: Loop::_createSocket(std::vector<Server, std::allocator<Server> >, int&) (Loop.cpp:147)
==22141==    by 0x401BBFA: Loop::Loop(std::vector<Server, std::allocator<Server> >) (Loop.cpp:20)
==22141==    by 0x4014375: main (main.cpp:61)
==22141== 
==22141== 15 bytes in 1 blocks are still reachable in loss record 2 of 80
==22141==    at 0x48B1858: malloc (vg_replace_malloc.c:446)
==22141==    by 0x4C543EE: strdup (strdup.c:42)
==22141==    by 0x4C81691: tzset_internal (tzset.c:402)
==22141==    by 0x4C820DC: __tz_convert (tzset.c:577)
==22141==    by 0x40330B3: addLastModif(std::__cxx11::basic_string<char, std::char_traits<char>, std::allocator<char> >*, std::__cxx11::basic_string<char, std::char_traits<char>, std::allocator<char> >) (methodsUtils.cpp:129)
==22141==    by 0x404308F: ResponseBuilder::lastModified(std::__cxx11::basic_string<char, std::char_traits<char>, std::allocator<char> > const&) (ResponseBuilder.cpp:34)
==22141==    by 0x403FF95: ResponseError::createResponse[abi:cxx11](Server const&) (ResponseError.cpp:111)
==22141==    by 0x401E051: Loop::_createResponse(int) (Loop.cpp:465)
==22141==    by 0x401EDDF: Loop::runLoop() (Loop.cpp:612)
==22141==    by 0x4014393: main (main.cpp:62)
==22141== 
==22141== 16 bytes in 1 blocks are still reachable in loss record 3 of 80
==22141==    at 0x48B1FD3: operator new(unsigned long) (vg_replace_malloc.c:487)
==22141==    by 0x40222CB: std::__new_allocator<Client*>::allocate(unsigned long, void const*) (new_allocator.h:151)
==22141==    by 0x402138C: allocate (alloc_traits.h:142)
==22141==    by 0x402138C: std::_Vector_base<Client*, std::allocator<Client*> >::_M_allocate(unsigned long) (stl_vector.h:387)
==22141==    by 0x4020703: std::vector<Client*, std::allocator<Client*> >::_M_realloc_append(Client* const&) (vector.tcc:572)
==22141==    by 0x401F97D: std::vector<Client*, std::allocator<Client*> >::push_back(Client* const&) (stl_vector.h:1427)
==22141==    by 0x401D2EA: Loop::_acceptClient(int) (Loop.cpp:340)
==22141==    by 0x401EA24: Loop::runLoop() (Loop.cpp:579)
==22141==    by 0x4014393: main (main.cpp:62)
==22141== 
==22141== 17 bytes in 1 blocks are still reachable in loss record 4 of 80
==22141==    at 0x48B1FD3: operator new(unsigned long) (vg_replace_malloc.c:487)
==22141==    by 0x4012C5C: std::__new_allocator<char>::allocate(unsigned long, void const*) (new_allocator.h:151)
==22141==    by 0x4010DF6: allocate (alloc_traits.h:142)
==22141==    by 0x4010DF6: std::__cxx11::basic_string<char, std::char_traits<char>, std::allocator<char> >::_S_allocate(std::allocator<char>&, unsigned long) (basic_string.h:142)
==22141==    by 0x400F609: std::__cxx11::basic_string<char, std::char_traits<char>, std::allocator<char> >::_M_create(unsigned long&, unsigned long) (basic_string.tcc:164)
==22141==    by 0x400CB7B: void std::__cxx11::basic_string<char, std::char_traits<char>, std::allocator<char> >::_M_construct<true>(char const*, unsigned long) (basic_string.tcc:291)
==22141==    by 0x400AC80: std::__cxx11::basic_string<char, std::char_traits<char>, std::allocator<char> >::basic_string(std::__cxx11::basic_string<char, std::char_traits<char>, std::allocator<char> > const&) (basic_string.h:617)
==22141==    by 0x4014693: Server::Server(Server const&) (Server.hpp:12)
==22141==    by 0x4017A67: void std::_Construct<Server, Server>(Server*, Server const&) (stl_construct.h:142)
==22141==    by 0x401732F: Server* std::__do_uninit_copy<__gnu_cxx::__normal_iterator<Server const*, std::vector<Server, std::allocator<Server> > >, __gnu_cxx::__normal_iterator<Server const*, std::vector<Server, std::allocator<Server> > >, Server*>(__gnu_cxx::__normal_iterator<Server const*, std::vector<Server, std::allocator<Server> > >, __gnu_cxx::__normal_iterator<Server const*, std::vector<Server, std::allocator<Server> > >, Server*) (stl_uninitialized.h:145)
==22141==    by 0x4016D65: Server* std::__uninitialized_copy<false>::__uninit_copy<__gnu_cxx::__normal_iterator<Server const*, std::vector<Server, std::allocator<Server> > >, Server*>(__gnu_cxx::__normal_iterator<Server const*, std::vector<Server, std::allocator<Server> > >, __gnu_cxx::__normal_iterator<Server const*, std::vector<Server, std::allocator<Server> > >, Server*) (stl_uninitialized.h:170)
==22141==    by 0x401673F: Server* std::uninitialized_copy<__gnu_cxx::__normal_iterator<Server const*, std::vector<Server, std::allocator<Server> > >, Server*>(__gnu_cxx::__normal_iterator<Server const*, std::vector<Server, std::allocator<Server> > >, __gnu_cxx::__normal_iterator<Server const*, std::vector<Server, std::allocator<Server> > >, Server*) (stl_uninitialized.h:315)
==22141==    by 0x4015AA9: Server* std::__uninitialized_copy_a<__gnu_cxx::__normal_iterator<Server const*, std::vector<Server, std::allocator<Server> > >, __gnu_cxx::__normal_iterator<Server const*, std::vector<Server, std::allocator<Server> > >, Server*, Server>(__gnu_cxx::__normal_iterator<Server const*, std::vector<Server, std::allocator<Server> > >, __gnu_cxx::__normal_iterator<Server const*, std::vector<Server, std::allocator<Server> > >, Server*, std::allocator<Server>&) (stl_uninitialized.h:637)
==22141== 
==22141== 17 bytes in 1 blocks are still reachable in loss record 5 of 80
==22141==    at 0x48B1FD3: operator new(unsigned long) (vg_replace_malloc.c:487)
==22141==    by 0x4012C5C: std::__new_allocator<char>::allocate(unsigned long, void const*) (new_allocator.h:151)
==22141==    by 0x4010DF6: allocate (alloc_traits.h:142)
==22141==    by 0x4010DF6: std::__cxx11::basic_string<char, std::char_traits<char>, std::allocator<char> >::_S_allocate(std::allocator<char>&, unsigned long) (basic_string.h:142)
==22141==    by 0x400F609: std::__cxx11::basic_string<char, std::char_traits<char>, std::allocator<char> >::_M_create(unsigned long&, unsigned long) (basic_string.tcc:164)
==22141==    by 0x400CB7B: void std::__cxx11::basic_string<char, std::char_traits<char>, std::allocator<char> >::_M_construct<true>(char const*, unsigned long) (basic_string.tcc:291)
==22141==    by 0x400AC80: std::__cxx11::basic_string<char, std::char_traits<char>, std::allocator<char> >::basic_string(std::__cxx11::basic_string<char, std::char_traits<char>, std::allocator<char> > const&) (basic_string.h:617)
==22141==    by 0x400DD1A: construct (new_allocator.h:205)
==22141==    by 0x400DD1A: construct<std::__cxx11::basic_string<char> > (alloc_traits.h:157)
==22141==    by 0x400DD1A: std::vector<std::__cxx11::basic_string<char, std::char_traits<char>, std::allocator<char> >, std::allocator<std::__cxx11::basic_string<char, std::char_traits<char>, std::allocator<char> > > >::_M_realloc_append(std::__cxx11::basic_string<char, std::char_traits<char>, std::allocator<char> > const&) (vector.tcc:590)
==22141==    by 0x400B603: std::vector<std::__cxx11::basic_string<char, std::char_traits<char>, std::allocator<char> >, std::allocator<std::__cxx11::basic_string<char, std::char_traits<char>, std::allocator<char> > > >::push_back(std::__cxx11::basic_string<char, std::char_traits<char>, std::allocator<char> > const&) (stl_vector.h:1427)
==22141==    by 0x4046478: Envp::setEnv(std::__cxx11::basic_string<char, std::char_traits<char>, std::allocator<char> >, std::__cxx11::basic_string<char, std::char_traits<char>, std::allocator<char> >, Request&) (Envp.cpp:39)
==22141==    by 0x4043FC7: CGI::setEnvp(Server&, Request&) (CGI.cpp:75)
==22141==    by 0x4019CBA: Client::startCGI(Server&, Epoll&) (Client.cpp:197)
==22141==    by 0x401EBF6: Loop::runLoop() (Loop.cpp:593)
==22141== 
==22141== 20 bytes in 1 blocks are still reachable in loss record 6 of 80
==22141==    at 0x48B1FD3: operator new(unsigned long) (vg_replace_malloc.c:487)
==22141==    by 0x4012C5C: std::__new_allocator<char>::allocate(unsigned long, void const*) (new_allocator.h:151)
==22141==    by 0x4010DF6: allocate (alloc_traits.h:142)
==22141==    by 0x4010DF6: std::__cxx11::basic_string<char, std::char_traits<char>, std::allocator<char> >::_S_allocate(std::allocator<char>&, unsigned long) (basic_string.h:142)
==22141==    by 0x400F609: std::__cxx11::basic_string<char, std::char_traits<char>, std::allocator<char> >::_M_create(unsigned long&, unsigned long) (basic_string.tcc:164)
==22141==    by 0x400CB7B: void std::__cxx11::basic_string<char, std::char_traits<char>, std::allocator<char> >::_M_construct<true>(char const*, unsigned long) (basic_string.tcc:291)
==22141==    by 0x400AC80: std::__cxx11::basic_string<char, std::char_traits<char>, std::allocator<char> >::basic_string(std::__cxx11::basic_string<char, std::char_traits<char>, std::allocator<char> > const&) (basic_string.h:617)
==22141==    by 0x400B5A2: construct (new_allocator.h:205)
==22141==    by 0x400B5A2: construct<std::__cxx11::basic_string<char> > (alloc_traits.h:157)
==22141==    by 0x400B5A2: std::vector<std::__cxx11::basic_string<char, std::char_traits<char>, std::allocator<char> >, std::allocator<std::__cxx11::basic_string<char, std::char_traits<char>, std::allocator<char> > > >::push_back(std::__cxx11::basic_string<char, std::char_traits<char>, std::allocator<char> > const&) (stl_vector.h:1421)
==22141==    by 0x403AEDF: Request::_acceptedType[abi:cxx11]() (Request.cpp:76)
==22141==    by 0x403E378: __static_initialization_and_destruction_0() (Request.cpp:5)
==22141==    by 0x403E3BC: _GLOBAL__sub_I__ZN7Request2_vB5cxx11E (Request.cpp:488)
==22141==    by 0x4BC26A3: call_init (libc-start.c:145)
==22141==    by 0x4BC26A3: __libc_start_main@@GLIBC_2.34 (libc-start.c:347)
==22141==    by 0x4006E44: (below main) (in /home/dana/Documents/42/Webserv/webServ)
==22141== 
==22141== 20 bytes in 1 blocks are still reachable in loss record 7 of 80
==22141==    at 0x48B1858: malloc (vg_replace_malloc.c:446)
==22141==    by 0x4C80CD2: __tzstring_len (tzset.c:98)
==22141==    by 0x4C82FAB: __tzfile_read (tzfile.c:414)
==22141==    by 0x4C816A8: tzset_internal (tzset.c:405)
==22141==    by 0x4C820DC: __tz_convert (tzset.c:577)
==22141==    by 0x4032FB3: addDate(std::__cxx11::basic_string<char, std::char_traits<char>, std::allocator<char> >*) (methodsUtils.cpp:108)
==22141==    by 0x4042F2B: ResponseBuilder::date() (ResponseBuilder.cpp:27)
==22141==    by 0x4036565: Get::createResponse[abi:cxx11](Server const&) (Get.cpp:164)
==22141==    by 0x401DEA1: Loop::_createResponse(int) (Loop.cpp:460)
==22141==    by 0x401EDDF: Loop::runLoop() (Loop.cpp:612)
==22141==    by 0x4014393: main (main.cpp:62)
==22141== 
==22141== 23 bytes in 1 blocks are still reachable in loss record 8 of 80
==22141==    at 0x48B1FD3: operator new(unsigned long) (vg_replace_malloc.c:487)
==22141==    by 0x4012C5C: std::__new_allocator<char>::allocate(unsigned long, void const*) (new_allocator.h:151)
==22141==    by 0x4010DF6: allocate (alloc_traits.h:142)
==22141==    by 0x4010DF6: std::__cxx11::basic_string<char, std::char_traits<char>, std::allocator<char> >::_S_allocate(std::allocator<char>&, unsigned long) (basic_string.h:142)
==22141==    by 0x400F609: std::__cxx11::basic_string<char, std::char_traits<char>, std::allocator<char> >::_M_create(unsigned long&, unsigned long) (basic_string.tcc:164)
==22141==    by 0x400CB7B: void std::__cxx11::basic_string<char, std::char_traits<char>, std::allocator<char> >::_M_construct<true>(char const*, unsigned long) (basic_string.tcc:291)
==22141==    by 0x400AC80: std::__cxx11::basic_string<char, std::char_traits<char>, std::allocator<char> >::basic_string(std::__cxx11::basic_string<char, std::char_traits<char>, std::allocator<char> > const&) (basic_string.h:617)
==22141==    by 0x400B5A2: construct (new_allocator.h:205)
==22141==    by 0x400B5A2: construct<std::__cxx11::basic_string<char> > (alloc_traits.h:157)
==22141==    by 0x400B5A2: std::vector<std::__cxx11::basic_string<char, std::char_traits<char>, std::allocator<char> >, std::allocator<std::__cxx11::basic_string<char, std::char_traits<char>, std::allocator<char> > > >::push_back(std::__cxx11::basic_string<char, std::char_traits<char>, std::allocator<char> > const&) (stl_vector.h:1421)
==22141==    by 0x4046592: Envp::setEnv(std::__cxx11::basic_string<char, std::char_traits<char>, std::allocator<char> >, std::__cxx11::basic_string<char, std::char_traits<char>, std::allocator<char> >, Request&) (Envp.cpp:44)
==22141==    by 0x4043FC7: CGI::setEnvp(Server&, Request&) (CGI.cpp:75)
==22141==    by 0x4019CBA: Client::startCGI(Server&, Epoll&) (Client.cpp:197)
==22141==    by 0x401EBF6: Loop::runLoop() (Loop.cpp:593)
==22141==    by 0x4014393: main (main.cpp:62)
==22141== 
==22141== 25 bytes in 1 blocks are still reachable in loss record 9 of 80
==22141==    at 0x48B1FD3: operator new(unsigned long) (vg_replace_malloc.c:487)
==22141==    by 0x4012C5C: std::__new_allocator<char>::allocate(unsigned long, void const*) (new_allocator.h:151)
==22141==    by 0x4010DF6: allocate (alloc_traits.h:142)
==22141==    by 0x4010DF6: std::__cxx11::basic_string<char, std::char_traits<char>, std::allocator<char> >::_S_allocate(std::allocator<char>&, unsigned long) (basic_string.h:142)
==22141==    by 0x400F609: std::__cxx11::basic_string<char, std::char_traits<char>, std::allocator<char> >::_M_create(unsigned long&, unsigned long) (basic_string.tcc:164)
==22141==    by 0x400CB7B: void std::__cxx11::basic_string<char, std::char_traits<char>, std::allocator<char> >::_M_construct<true>(char const*, unsigned long) (basic_string.tcc:291)
==22141==    by 0x400AC80: std::__cxx11::basic_string<char, std::char_traits<char>, std::allocator<char> >::basic_string(std::__cxx11::basic_string<char, std::char_traits<char>, std::allocator<char> > const&) (basic_string.h:617)
==22141==    by 0x400DD1A: construct (new_allocator.h:205)
==22141==    by 0x400DD1A: construct<std::__cxx11::basic_string<char> > (alloc_traits.h:157)
==22141==    by 0x400DD1A: std::vector<std::__cxx11::basic_string<char, std::char_traits<char>, std::allocator<char> >, std::allocator<std::__cxx11::basic_string<char, std::char_traits<char>, std::allocator<char> > > >::_M_realloc_append(std::__cxx11::basic_string<char, std::char_traits<char>, std::allocator<char> > const&) (vector.tcc:590)
==22141==    by 0x400B603: std::vector<std::__cxx11::basic_string<char, std::char_traits<char>, std::allocator<char> >, std::allocator<std::__cxx11::basic_string<char, std::char_traits<char>, std::allocator<char> > > >::push_back(std::__cxx11::basic_string<char, std::char_traits<char>, std::allocator<char> > const&) (stl_vector.h:1427)
==22141==    by 0x403AD6F: Request::_acceptedType[abi:cxx11]() (Request.cpp:72)
==22141==    by 0x403E378: __static_initialization_and_destruction_0() (Request.cpp:5)
==22141==    by 0x403E3BC: _GLOBAL__sub_I__ZN7Request2_vB5cxx11E (Request.cpp:488)
==22141==    by 0x4BC26A3: call_init (libc-start.c:145)
==22141==    by 0x4BC26A3: __libc_start_main@@GLIBC_2.34 (libc-start.c:347)
==22141== 
==22141== 25 bytes in 1 blocks are still reachable in loss record 10 of 80
==22141==    at 0x48B1FD3: operator new(unsigned long) (vg_replace_malloc.c:487)
==22141==    by 0x4012C5C: std::__new_allocator<char>::allocate(unsigned long, void const*) (new_allocator.h:151)
==22141==    by 0x4010DF6: allocate (alloc_traits.h:142)
==22141==    by 0x4010DF6: std::__cxx11::basic_string<char, std::char_traits<char>, std::allocator<char> >::_S_allocate(std::allocator<char>&, unsigned long) (basic_string.h:142)
==22141==    by 0x400F609: std::__cxx11::basic_string<char, std::char_traits<char>, std::allocator<char> >::_M_create(unsigned long&, unsigned long) (basic_string.tcc:164)
==22141==    by 0x400CB7B: void std::__cxx11::basic_string<char, std::char_traits<char>, std::allocator<char> >::_M_construct<true>(char const*, unsigned long) (basic_string.tcc:291)
==22141==    by 0x400AC80: std::__cxx11::basic_string<char, std::char_traits<char>, std::allocator<char> >::basic_string(std::__cxx11::basic_string<char, std::char_traits<char>, std::allocator<char> > const&) (basic_string.h:617)
==22141==    by 0x400B5A2: construct (new_allocator.h:205)
==22141==    by 0x400B5A2: construct<std::__cxx11::basic_string<char> > (alloc_traits.h:157)
==22141==    by 0x400B5A2: std::vector<std::__cxx11::basic_string<char, std::char_traits<char>, std::allocator<char> >, std::allocator<std::__cxx11::basic_string<char, std::char_traits<char>, std::allocator<char> > > >::push_back(std::__cxx11::basic_string<char, std::char_traits<char>, std::allocator<char> > const&) (stl_vector.h:1421)
==22141==    by 0x4046534: Envp::setEnv(std::__cxx11::basic_string<char, std::char_traits<char>, std::allocator<char> >, std::__cxx11::basic_string<char, std::char_traits<char>, std::allocator<char> >, Request&) (Envp.cpp:43)
==22141==    by 0x4043FC7: CGI::setEnvp(Server&, Request&) (CGI.cpp:75)
==22141==    by 0x4019CBA: Client::startCGI(Server&, Epoll&) (Client.cpp:197)
==22141==    by 0x401EBF6: Loop::runLoop() (Loop.cpp:593)
==22141==    by 0x4014393: main (main.cpp:62)
==22141== 
==22141== 31 bytes in 1 blocks are still reachable in loss record 11 of 80
==22141==    at 0x48B1FD3: operator new(unsigned long) (vg_replace_malloc.c:487)
==22141==    by 0x4012C5C: std::__new_allocator<char>::allocate(unsigned long, void const*) (new_allocator.h:151)
==22141==    by 0x4010DF6: allocate (alloc_traits.h:142)
==22141==    by 0x4010DF6: std::__cxx11::basic_string<char, std::char_traits<char>, std::allocator<char> >::_S_allocate(std::allocator<char>&, unsigned long) (basic_string.h:142)
==22141==    by 0x400F609: std::__cxx11::basic_string<char, std::char_traits<char>, std::allocator<char> >::_M_create(unsigned long&, unsigned long) (basic_string.tcc:164)
==22141==    by 0x4010A7B: std::__cxx11::basic_string<char, std::char_traits<char>, std::allocator<char> >::_M_mutate(unsigned long, unsigned long, char const*, unsigned long) (basic_string.tcc:363)
==22141==    by 0x401028E: std::__cxx11::basic_string<char, std::char_traits<char>, std::allocator<char> >::_M_replace(unsigned long, unsigned long, char const*, unsigned long) (basic_string.tcc:579)
==22141==    by 0x400DF16: std::__cxx11::basic_string<char, std::char_traits<char>, std::allocator<char> >::assign(char const*) (basic_string.h:1847)
==22141==    by 0x400B638: std::__cxx11::basic_string<char, std::char_traits<char>, std::allocator<char> >::operator=(char const*) (basic_string.h:916)
==22141==    by 0x40374EA: MimeTypes::initMap[abi:cxx11]() (MimeTypes.cpp:13)
==22141==    by 0x4038080: __static_initialization_and_destruction_0() (MimeTypes.cpp:32)
==22141==    by 0x40380C4: _GLOBAL__sub_I__ZN9MimeTypes7initMapB5cxx11Ev (MimeTypes.cpp:44)
==22141==    by 0x4BC26A3: call_init (libc-start.c:145)
==22141==    by 0x4BC26A3: __libc_start_main@@GLIBC_2.34 (libc-start.c:347)
==22141== 
==22141== 31 bytes in 1 blocks are still reachable in loss record 12 of 80
==22141==    at 0x48B1FD3: operator new(unsigned long) (vg_replace_malloc.c:487)
==22141==    by 0x4012C5C: std::__new_allocator<char>::allocate(unsigned long, void const*) (new_allocator.h:151)
==22141==    by 0x4010DF6: allocate (alloc_traits.h:142)
==22141==    by 0x4010DF6: std::__cxx11::basic_string<char, std::char_traits<char>, std::allocator<char> >::_S_allocate(std::allocator<char>&, unsigned long) (basic_string.h:142)
==22141==    by 0x400F609: std::__cxx11::basic_string<char, std::char_traits<char>, std::allocator<char> >::_M_create(unsigned long&, unsigned long) (basic_string.tcc:164)
==22141==    by 0x4010A7B: std::__cxx11::basic_string<char, std::char_traits<char>, std::allocator<char> >::_M_mutate(unsigned long, unsigned long, char const*, unsigned long) (basic_string.tcc:363)
==22141==    by 0x401028E: std::__cxx11::basic_string<char, std::char_traits<char>, std::allocator<char> >::_M_replace(unsigned long, unsigned long, char const*, unsigned long) (basic_string.tcc:579)
==22141==    by 0x400DF16: std::__cxx11::basic_string<char, std::char_traits<char>, std::allocator<char> >::assign(char const*) (basic_string.h:1847)
==22141==    by 0x400B638: std::__cxx11::basic_string<char, std::char_traits<char>, std::allocator<char> >::operator=(char const*) (basic_string.h:916)
==22141==    by 0x4037881: MimeTypes::initMap[abi:cxx11]() (MimeTypes.cpp:23)
==22141==    by 0x4038080: __static_initialization_and_destruction_0() (MimeTypes.cpp:32)
==22141==    by 0x40380C4: _GLOBAL__sub_I__ZN9MimeTypes7initMapB5cxx11Ev (MimeTypes.cpp:44)
==22141==    by 0x4BC26A3: call_init (libc-start.c:145)
==22141==    by 0x4BC26A3: __libc_start_main@@GLIBC_2.34 (libc-start.c:347)
==22141== 
==22141== 31 bytes in 1 blocks are still reachable in loss record 13 of 80
==22141==    at 0x48B1FD3: operator new(unsigned long) (vg_replace_malloc.c:487)
==22141==    by 0x4012C5C: std::__new_allocator<char>::allocate(unsigned long, void const*) (new_allocator.h:151)
==22141==    by 0x4010DF6: allocate (alloc_traits.h:142)
==22141==    by 0x4010DF6: std::__cxx11::basic_string<char, std::char_traits<char>, std::allocator<char> >::_S_allocate(std::allocator<char>&, unsigned long) (basic_string.h:142)
==22141==    by 0x400F609: std::__cxx11::basic_string<char, std::char_traits<char>, std::allocator<char> >::_M_create(unsigned long&, unsigned long) (basic_string.tcc:164)
==22141==    by 0x4010A7B: std::__cxx11::basic_string<char, std::char_traits<char>, std::allocator<char> >::_M_mutate(unsigned long, unsigned long, char const*, unsigned long) (basic_string.tcc:363)
==22141==    by 0x401028E: std::__cxx11::basic_string<char, std::char_traits<char>, std::allocator<char> >::_M_replace(unsigned long, unsigned long, char const*, unsigned long) (basic_string.tcc:579)
==22141==    by 0x400DF16: std::__cxx11::basic_string<char, std::char_traits<char>, std::allocator<char> >::assign(char const*) (basic_string.h:1847)
==22141==    by 0x400B638: std::__cxx11::basic_string<char, std::char_traits<char>, std::allocator<char> >::operator=(char const*) (basic_string.h:916)
==22141==    by 0x40378F2: MimeTypes::initMap[abi:cxx11]() (MimeTypes.cpp:24)
==22141==    by 0x4038080: __static_initialization_and_destruction_0() (MimeTypes.cpp:32)
==22141==    by 0x40380C4: _GLOBAL__sub_I__ZN9MimeTypes7initMapB5cxx11Ev (MimeTypes.cpp:44)
==22141==    by 0x4BC26A3: call_init (libc-start.c:145)
==22141==    by 0x4BC26A3: __libc_start_main@@GLIBC_2.34 (libc-start.c:347)
==22141== 
==22141== 31 bytes in 1 blocks are still reachable in loss record 14 of 80
==22141==    at 0x48B1FD3: operator new(unsigned long) (vg_replace_malloc.c:487)
==22141==    by 0x4012C5C: std::__new_allocator<char>::allocate(unsigned long, void const*) (new_allocator.h:151)
==22141==    by 0x4010DF6: allocate (alloc_traits.h:142)
==22141==    by 0x4010DF6: std::__cxx11::basic_string<char, std::char_traits<char>, std::allocator<char> >::_S_allocate(std::allocator<char>&, unsigned long) (basic_string.h:142)
==22141==    by 0x400F609: std::__cxx11::basic_string<char, std::char_traits<char>, std::allocator<char> >::_M_create(unsigned long&, unsigned long) (basic_string.tcc:164)
==22141==    by 0x4010A7B: std::__cxx11::basic_string<char, std::char_traits<char>, std::allocator<char> >::_M_mutate(unsigned long, unsigned long, char const*, unsigned long) (basic_string.tcc:363)
==22141==    by 0x401028E: std::__cxx11::basic_string<char, std::char_traits<char>, std::allocator<char> >::_M_replace(unsigned long, unsigned long, char const*, unsigned long) (basic_string.tcc:579)
==22141==    by 0x400DF16: std::__cxx11::basic_string<char, std::char_traits<char>, std::allocator<char> >::assign(char const*) (basic_string.h:1847)
==22141==    by 0x400B638: std::__cxx11::basic_string<char, std::char_traits<char>, std::allocator<char> >::operator=(char const*) (basic_string.h:916)
==22141==    by 0x4037AB6: MimeTypes::initMap[abi:cxx11]() (MimeTypes.cpp:28)
==22141==    by 0x4038080: __static_initialization_and_destruction_0() (MimeTypes.cpp:32)
==22141==    by 0x40380C4: _GLOBAL__sub_I__ZN9MimeTypes7initMapB5cxx11Ev (MimeTypes.cpp:44)
==22141==    by 0x4BC26A3: call_init (libc-start.c:145)
==22141==    by 0x4BC26A3: __libc_start_main@@GLIBC_2.34 (libc-start.c:347)
==22141== 
==22141== 31 bytes in 1 blocks are still reachable in loss record 15 of 80
==22141==    at 0x48B1FD3: operator new(unsigned long) (vg_replace_malloc.c:487)
==22141==    by 0x4012C5C: std::__new_allocator<char>::allocate(unsigned long, void const*) (new_allocator.h:151)
==22141==    by 0x4010DF6: allocate (alloc_traits.h:142)
==22141==    by 0x4010DF6: std::__cxx11::basic_string<char, std::char_traits<char>, std::allocator<char> >::_S_allocate(std::allocator<char>&, unsigned long) (basic_string.h:142)
==22141==    by 0x400F609: std::__cxx11::basic_string<char, std::char_traits<char>, std::allocator<char> >::_M_create(unsigned long&, unsigned long) (basic_string.tcc:164)
==22141==    by 0x400F979: std::__cxx11::basic_string<char, std::char_traits<char>, std::allocator<char> >::_M_assign(std::__cxx11::basic_string<char, std::char_traits<char>, std::allocator<char> > const&) (basic_string.tcc:319)
==22141==    by 0x400D070: std::__cxx11::basic_string<char, std::char_traits<char>, std::allocator<char> >::assign(std::__cxx11::basic_string<char, std::char_traits<char>, std::allocator<char> > const&) (basic_string.h:1771)
==22141==    by 0x400AF4C: std::__cxx11::basic_string<char, std::char_traits<char>, std::allocator<char> >::operator=(std::__cxx11::basic_string<char, std::char_traits<char>, std::allocator<char> > const&) (basic_string.h:906)
==22141==    by 0x40073A0: Server::operator=(Server const&) (Server.cpp:27)
==22141==    by 0x401C2C4: Loop::_createMapServer(std::vector<Server, std::allocator<Server> >) (Loop.cpp:79)
==22141==    by 0x401BBBE: Loop::Loop(std::vector<Server, std::allocator<Server> >) (Loop.cpp:19)
==22141==    by 0x4014375: main (main.cpp:61)
==22141== 
==22141== 32 bytes in 1 blocks are still reachable in loss record 16 of 80
==22141==    at 0x48B1FD3: operator new(unsigned long) (vg_replace_malloc.c:487)
==22141==    by 0x4012C5C: std::__new_allocator<char>::allocate(unsigned long, void const*) (new_allocator.h:151)
==22141==    by 0x4010DF6: allocate (alloc_traits.h:142)
==22141==    by 0x4010DF6: std::__cxx11::basic_string<char, std::char_traits<char>, std::allocator<char> >::_S_allocate(std::allocator<char>&, unsigned long) (basic_string.h:142)
==22141==    by 0x400F609: std::__cxx11::basic_string<char, std::char_traits<char>, std::allocator<char> >::_M_create(unsigned long&, unsigned long) (basic_string.tcc:164)
==22141==    by 0x400CB7B: void std::__cxx11::basic_string<char, std::char_traits<char>, std::allocator<char> >::_M_construct<true>(char const*, unsigned long) (basic_string.tcc:291)
==22141==    by 0x400AC80: std::__cxx11::basic_string<char, std::char_traits<char>, std::allocator<char> >::basic_string(std::__cxx11::basic_string<char, std::char_traits<char>, std::allocator<char> > const&) (basic_string.h:617)
==22141==    by 0x4013A60: std::pair<unsigned int const, std::__cxx11::basic_string<char, std::char_traits<char>, std::allocator<char> > >::pair(std::pair<unsigned int const, std::__cxx11::basic_string<char, std::char_traits<char>, std::allocator<char> > > const&) (stl_pair.h:302)
==22141==    by 0x40138BD: construct (new_allocator.h:205)
==22141==    by 0x40138BD: std::_Rb_tree<unsigned int, std::pair<unsigned int const, std::__cxx11::basic_string<char, std::char_traits<char>, std::allocator<char> > >, std::_Select1st<std::pair<unsigned int const, std::__cxx11::basic_string<char, std::char_traits<char>, std::allocator<char> > > >, std::less<unsigned int>, std::allocator<std::pair<unsigned int const, std::__cxx11::basic_string<char, std::char_traits<char>, std::allocator<char> > > > >::_M_construct_node(std::_Rb_tree_node<std::pair<unsigned int const, std::__cxx11::basic_string<char, std::char_traits<char>, std::allocator<char> > > >*, std::pair<unsigned int const, std::__cxx11::basic_string<char, std::char_traits<char>, std::allocator<char> > > const&) (stl_tree.h:1214)
==22141==    by 0x40139CE: std::_Rb_tree<unsigned int, std::pair<unsigned int const, std::__cxx11::basic_string<char, std::char_traits<char>, std::allocator<char> > >, std::_Select1st<std::pair<unsigned int const, std::__cxx11::basic_string<char, std::char_traits<char>, std::allocator<char> > > >, std::less<unsigned int>, std::allocator<std::pair<unsigned int const, std::__cxx11::basic_string<char, std::char_traits<char>, std::allocator<char> > > > >::_M_create_node(std::pair<unsigned int const, std::__cxx11::basic_string<char, std::char_traits<char>, std::allocator<char> > > const&) (stl_tree.h:1226)
==22141==    by 0x401325D: std::_Rb_tree_node<std::pair<unsigned int const, std::__cxx11::basic_string<char, std::char_traits<char>, std::allocator<char> > > >* std::_Rb_tree<unsigned int, std::pair<unsigned int const, std::__cxx11::basic_string<char, std::char_traits<char>, std::allocator<char> > >, std::_Select1st<std::pair<unsigned int const, std::__cxx11::basic_string<char, std::char_traits<char>, std::allocator<char> > > >, std::less<unsigned int>, std::allocator<std::pair<unsigned int const, std::__cxx11::basic_string<char, std::char_traits<char>, std::allocator<char> > > > >::_Reuse_or_alloc_node::operator()<std::pair<unsigned int const, std::__cxx11::basic_string<char, std::char_traits<char>, std::allocator<char> > > >(std::pair<unsigned int const, std::__cxx11::basic_string<char, std::char_traits<char>, std::allocator<char> > > const&) (stl_tree.h:1083)
==22141==    by 0x401205F: std::_Rb_tree_node<std::pair<unsigned int const, std::__cxx11::basic_string<char, std::char_traits<char>, std::allocator<char> > > >* std::_Rb_tree<unsigned int, std::pair<unsigned int const, std::__cxx11::basic_string<char, std::char_traits<char>, std::allocator<char> > >, std::_Select1st<std::pair<unsigned int const, std::__cxx11::basic_string<char, std::char_traits<char>, std::allocator<char> > > >, std::less<unsigned int>, std::allocator<std::pair<unsigned int const, std::__cxx11::basic_string<char, std::char_traits<char>, std::allocator<char> > > > >::_M_clone_node<false, std::_Rb_tree<unsigned int, std::pair<unsigned int const, std::__cxx11::basic_string<char, std::char_traits<char>, std::allocator<char> > >, std::_Select1st<std::pair<unsigned int const, std::__cxx11::basic_string<char, std::char_traits<char>, std::allocator<char> > > >, std::less<unsigned int>, std::allocator<std::pair<unsigned int const, std::__cxx11::basic_string<char, std::char_traits<char>, std::allocator<char> > > > >::_Reuse_or_alloc_node>(std::_Rb_tree_node<std::pair<unsigned int const, std::__cxx11::basic_string<char, std::char_traits<char>, std::allocator<char> > > >*, std::_Rb_tree<unsigned int, std::pair<unsigned int const, std::__cxx11::basic_string<char, std::char_traits<char>, std::allocator<char> > >, std::_Select1st<std::pair<unsigned int const, std::__cxx11::basic_string<char, std::char_traits<char>, std::allocator<char> > > >, std::less<unsigned int>, std::allocator<std::pair<unsigned int const, std::__cxx11::basic_string<char, std::char_traits<char>, std::allocator<char> > > > >::_Reuse_or_alloc_node&) (stl_tree.h:1287)
==22141==    by 0x40111D9: std::_Rb_tree_node_base* std::_Rb_tree<unsigned int, std::pair<unsigned int const, std::__cxx11::basic_string<char, std::char_traits<char>, std::allocator<char> > >, std::_Select1st<std::pair<unsigned int const, std::__cxx11::basic_string<char, std::char_traits<char>, std::allocator<char> > > >, std::less<unsigned int>, std::allocator<std::pair<unsigned int const, std::__cxx11::basic_string<char, std::char_traits<char>, std::allocator<char> > > > >::_M_copy<false, std::_Rb_tree<unsigned int, std::pair<unsigned int const, std::__cxx11::basic_string<char, std::char_traits<char>, std::allocator<char> > >, std::_Select1st<std::pair<unsigned int const, std::__cxx11::basic_string<char, std::char_traits<char>, std::allocator<char> > > >, std::less<unsigned int>, std::allocator<std::pair<unsigned int const, std::__cxx11::basic_string<char, std::char_traits<char>, std::allocator<char> > > > >::_Reuse_or_alloc_node>(std::_Rb_tree_node<std::pair<unsigned int const, std::__cxx11::basic_string<char, std::char_traits<char>, std::allocator<char> > > >*, std::_Rb_tree_node_base*, std::_Rb_tree<unsigned int, std::pair<unsigned int const, std::__cxx11::basic_string<char, std::char_traits<char>, std::allocator<char> > >, std::_Select1st<std::pair<unsigned int const, std::__cxx11::basic_string<char, std::char_traits<char>, std::allocator<char> > > >, std::less<unsigned int>, std::allocator<std::pair<unsigned int const, std::__cxx11::basic_string<char, std::char_traits<char>, std::allocator<char> > > > >::_Reuse_or_alloc_node&) (stl_tree.h:2561)
==22141== 
==22141== 32 bytes in 1 blocks are still reachable in loss record 17 of 80
==22141==    at 0x48B1FD3: operator new(unsigned long) (vg_replace_malloc.c:487)
==22141==    by 0x4012C5C: std::__new_allocator<char>::allocate(unsigned long, void const*) (new_allocator.h:151)
==22141==    by 0x4010DF6: allocate (alloc_traits.h:142)
==22141==    by 0x4010DF6: std::__cxx11::basic_string<char, std::char_traits<char>, std::allocator<char> >::_S_allocate(std::allocator<char>&, unsigned long) (basic_string.h:142)
==22141==    by 0x400F609: std::__cxx11::basic_string<char, std::char_traits<char>, std::allocator<char> >::_M_create(unsigned long&, unsigned long) (basic_string.tcc:164)
==22141==    by 0x400CB7B: void std::__cxx11::basic_string<char, std::char_traits<char>, std::allocator<char> >::_M_construct<true>(char const*, unsigned long) (basic_string.tcc:291)
==22141==    by 0x400AC80: std::__cxx11::basic_string<char, std::char_traits<char>, std::allocator<char> >::basic_string(std::__cxx11::basic_string<char, std::char_traits<char>, std::allocator<char> > const&) (basic_string.h:617)
==22141==    by 0x4013A60: std::pair<unsigned int const, std::__cxx11::basic_string<char, std::char_traits<char>, std::allocator<char> > >::pair(std::pair<unsigned int const, std::__cxx11::basic_string<char, std::char_traits<char>, std::allocator<char> > > const&) (stl_pair.h:302)
==22141==    by 0x40138BD: construct (new_allocator.h:205)
==22141==    by 0x40138BD: std::_Rb_tree<unsigned int, std::pair<unsigned int const, std::__cxx11::basic_string<char, std::char_traits<char>, std::allocator<char> > >, std::_Select1st<std::pair<unsigned int const, std::__cxx11::basic_string<char, std::char_traits<char>, std::allocator<char> > > >, std::less<unsigned int>, std::allocator<std::pair<unsigned int const, std::__cxx11::basic_string<char, std::char_traits<char>, std::allocator<char> > > > >::_M_construct_node(std::_Rb_tree_node<std::pair<unsigned int const, std::__cxx11::basic_string<char, std::char_traits<char>, std::allocator<char> > > >*, std::pair<unsigned int const, std::__cxx11::basic_string<char, std::char_traits<char>, std::allocator<char> > > const&) (stl_tree.h:1214)
==22141==    by 0x40139CE: std::_Rb_tree<unsigned int, std::pair<unsigned int const, std::__cxx11::basic_string<char, std::char_traits<char>, std::allocator<char> > >, std::_Select1st<std::pair<unsigned int const, std::__cxx11::basic_string<char, std::char_traits<char>, std::allocator<char> > > >, std::less<unsigned int>, std::allocator<std::pair<unsigned int const, std::__cxx11::basic_string<char, std::char_traits<char>, std::allocator<char> > > > >::_M_create_node(std::pair<unsigned int const, std::__cxx11::basic_string<char, std::char_traits<char>, std::allocator<char> > > const&) (stl_tree.h:1226)
==22141==    by 0x40136ED: std::_Rb_tree_node<std::pair<unsigned int const, std::__cxx11::basic_string<char, std::char_traits<char>, std::allocator<char> > > >* std::_Rb_tree<unsigned int, std::pair<unsigned int const, std::__cxx11::basic_string<char, std::char_traits<char>, std::allocator<char> > >, std::_Select1st<std::pair<unsigned int const, std::__cxx11::basic_string<char, std::char_traits<char>, std::allocator<char> > > >, std::less<unsigned int>, std::allocator<std::pair<unsigned int const, std::__cxx11::basic_string<char, std::char_traits<char>, std::allocator<char> > > > >::_Alloc_node::operator()<std::pair<unsigned int const, std::__cxx11::basic_string<char, std::char_traits<char>, std::allocator<char> > > >(std::pair<unsigned int const, std::__cxx11::basic_string<char, std::char_traits<char>, std::allocator<char> > > const&) const (stl_tree.h:1136)
==22141==    by 0x401797D: std::_Rb_tree_node<std::pair<unsigned int const, std::__cxx11::basic_string<char, std::char_traits<char>, std::allocator<char> > > >* std::_Rb_tree<unsigned int, std::pair<unsigned int const, std::__cxx11::basic_string<char, std::char_traits<char>, std::allocator<char> > >, std::_Select1st<std::pair<unsigned int const, std::__cxx11::basic_string<char, std::char_traits<char>, std::allocator<char> > > >, std::less<unsigned int>, std::allocator<std::pair<unsigned int const, std::__cxx11::basic_string<char, std::char_traits<char>, std::allocator<char> > > > >::_M_clone_node<false, std::_Rb_tree<unsigned int, std::pair<unsigned int const, std::__cxx11::basic_string<char, std::char_traits<char>, std::allocator<char> > >, std::_Select1st<std::pair<unsigned int const, std::__cxx11::basic_string<char, std::char_traits<char>, std::allocator<char> > > >, std::less<unsigned int>, std::allocator<std::pair<unsigned int const, std::__cxx11::basic_string<char, std::char_traits<char>, std::allocator<char> > > > >::_Alloc_node>(std::_Rb_tree_node<std::pair<unsigned int const, std::__cxx11::basic_string<char, std::char_traits<char>, std::allocator<char> > > >*, std::_Rb_tree<unsigned int, std::pair<unsigned int const, std::__cxx11::basic_string<char, std::char_traits<char>, std::allocator<char> > >, std::_Select1st<std::pair<unsigned int const, std::__cxx11::basic_string<char, std::char_traits<char>, std::allocator<char> > > >, std::less<unsigned int>, std::allocator<std::pair<unsigned int const, std::__cxx11::basic_string<char, std::char_traits<char>, std::allocator<char> > > > >::_Alloc_node&) (stl_tree.h:1287)
==22141==    by 0x4017211: std::_Rb_tree_node_base* std::_Rb_tree<unsigned int, std::pair<unsigned int const, std::__cxx11::basic_string<char, std::char_traits<char>, std::allocator<char> > >, std::_Select1st<std::pair<unsigned int const, std::__cxx11::basic_string<char, std::char_traits<char>, std::allocator<char> > > >, std::less<unsigned int>, std::allocator<std::pair<unsigned int const, std::__cxx11::basic_string<char, std::char_traits<char>, std::allocator<char> > > > >::_M_copy<false, std::_Rb_tree<unsigned int, std::pair<unsigned int const, std::__cxx11::basic_string<char, std::char_traits<char>, std::allocator<char> > >, std::_Select1st<std::pair<unsigned int const, std::__cxx11::basic_string<char, std::char_traits<char>, std::allocator<char> > > >, std::less<unsigned int>, std::allocator<std::pair<unsigned int const, std::__cxx11::basic_string<char, std::char_traits<char>, std::allocator<char> > > > >::_Alloc_node>(std::_Rb_tree_node<std::pair<unsigned int const, std::__cxx11::basic_string<char, std::char_traits<char>, std::allocator<char> > > >*, std::_Rb_tree_node_base*, std::_Rb_tree<unsigned int, std::pair<unsigned int const, std::__cxx11::basic_string<char, std::char_traits<char>, std::allocator<char> > >, std::_Select1st<std::pair<unsigned int const, std::__cxx11::basic_string<char, std::char_traits<char>, std::allocator<char> > > >, std::less<unsigned int>, std::allocator<std::pair<unsigned int const, std::__cxx11::basic_string<char, std::char_traits<char>, std::allocator<char> > > > >::_Alloc_node&) (stl_tree.h:2561)
==22141== 
==22141== 32 bytes in 1 blocks are still reachable in loss record 18 of 80
==22141==    at 0x48B1FD3: operator new(unsigned long) (vg_replace_malloc.c:487)
==22141==    by 0x40318E5: std::__new_allocator<SocketData*>::allocate(unsigned long, void const*) (new_allocator.h:151)
==22141==    by 0x4031570: allocate (alloc_traits.h:142)
==22141==    by 0x4031570: std::_Vector_base<SocketData*, std::allocator<SocketData*> >::_M_allocate(unsigned long) (stl_vector.h:387)
==22141==    by 0x4031039: std::vector<SocketData*, std::allocator<SocketData*> >::_M_realloc_append(SocketData* const&) (vector.tcc:572)
==22141==    by 0x4030D1B: std::vector<SocketData*, std::allocator<SocketData*> >::push_back(SocketData* const&) (stl_vector.h:1427)
==22141==    by 0x403090E: Socket::addingSockets(Server) (Socket.cpp:45)
==22141==    by 0x4030656: Socket::Socket(Server) (Socket.cpp:6)
==22141==    by 0x401C786: Loop::_createSocket(std::vector<Server, std::allocator<Server> >, int&) (Loop.cpp:146)
==22141==    by 0x401BBFA: Loop::Loop(std::vector<Server, std::allocator<Server> >) (Loop.cpp:20)
==22141==    by 0x4014375: main (main.cpp:61)
==22141== 
==22141== 32 bytes in 1 blocks are still reachable in loss record 19 of 80
==22141==    at 0x48B1FD3: operator new(unsigned long) (vg_replace_malloc.c:487)
==22141==    by 0x4012C5C: std::__new_allocator<char>::allocate(unsigned long, void const*) (new_allocator.h:151)
==22141==    by 0x4010DF6: allocate (alloc_traits.h:142)
==22141==    by 0x4010DF6: std::__cxx11::basic_string<char, std::char_traits<char>, std::allocator<char> >::_S_allocate(std::allocator<char>&, unsigned long) (basic_string.h:142)
==22141==    by 0x400F609: std::__cxx11::basic_string<char, std::char_traits<char>, std::allocator<char> >::_M_create(unsigned long&, unsigned long) (basic_string.tcc:164)
==22141==    by 0x400F979: std::__cxx11::basic_string<char, std::char_traits<char>, std::allocator<char> >::_M_assign(std::__cxx11::basic_string<char, std::char_traits<char>, std::allocator<char> > const&) (basic_string.tcc:319)
==22141==    by 0x400D070: std::__cxx11::basic_string<char, std::char_traits<char>, std::allocator<char> >::assign(std::__cxx11::basic_string<char, std::char_traits<char>, std::allocator<char> > const&) (basic_string.h:1771)
==22141==    by 0x400AF4C: std::__cxx11::basic_string<char, std::char_traits<char>, std::allocator<char> >::operator=(std::__cxx11::basic_string<char, std::char_traits<char>, std::allocator<char> > const&) (basic_string.h:906)
==22141==    by 0x401A045: Client::startCGI(Server&, Epoll&) (Client.cpp:221)
==22141==    by 0x401EBF6: Loop::runLoop() (Loop.cpp:593)
==22141==    by 0x4014393: main (main.cpp:62)
==22141== 
==22141== 56 bytes in 1 blocks are still reachable in loss record 20 of 80
==22141==    at 0x48B1FD3: operator new(unsigned long) (vg_replace_malloc.c:487)
==22141==    by 0x401C73D: Loop::_createSocket(std::vector<Server, std::allocator<Server> >, int&) (Loop.cpp:146)
==22141==    by 0x401BBFA: Loop::Loop(std::vector<Server, std::allocator<Server> >) (Loop.cpp:20)
==22141==    by 0x4014375: main (main.cpp:61)
==22141== 
==22141== 60 bytes in 3 blocks are still reachable in loss record 21 of 80
==22141==    at 0x48B1FD3: operator new(unsigned long) (vg_replace_malloc.c:487)
==22141==    by 0x403088C: Socket::addingSockets(Server) (Socket.cpp:44)
==22141==    by 0x4030656: Socket::Socket(Server) (Socket.cpp:6)
==22141==    by 0x401C786: Loop::_createSocket(std::vector<Server, std::allocator<Server> >, int&) (Loop.cpp:146)
==22141==    by 0x401BBFA: Loop::Loop(std::vector<Server, std::allocator<Server> >) (Loop.cpp:20)
==22141==    by 0x4014375: main (main.cpp:61)
==22141== 
==22141== 61 bytes in 1 blocks are still reachable in loss record 22 of 80
==22141==    at 0x48B1FD3: operator new(unsigned long) (vg_replace_malloc.c:487)
==22141==    by 0x4012C5C: std::__new_allocator<char>::allocate(unsigned long, void const*) (new_allocator.h:151)
==22141==    by 0x4010DF6: allocate (alloc_traits.h:142)
==22141==    by 0x4010DF6: std::__cxx11::basic_string<char, std::char_traits<char>, std::allocator<char> >::_S_allocate(std::allocator<char>&, unsigned long) (basic_string.h:142)
==22141==    by 0x400F609: std::__cxx11::basic_string<char, std::char_traits<char>, std::allocator<char> >::_M_create(unsigned long&, unsigned long) (basic_string.tcc:164)
==22141==    by 0x400F979: std::__cxx11::basic_string<char, std::char_traits<char>, std::allocator<char> >::_M_assign(std::__cxx11::basic_string<char, std::char_traits<char>, std::allocator<char> > const&) (basic_string.tcc:319)
==22141==    by 0x400D070: std::__cxx11::basic_string<char, std::char_traits<char>, std::allocator<char> >::assign(std::__cxx11::basic_string<char, std::char_traits<char>, std::allocator<char> > const&) (basic_string.h:1771)
==22141==    by 0x400AF4C: std::__cxx11::basic_string<char, std::char_traits<char>, std::allocator<char> >::operator=(std::__cxx11::basic_string<char, std::char_traits<char>, std::allocator<char> > const&) (basic_string.h:906)
==22141==    by 0x403D636: Request::parseHeader(std::__cxx11::basic_string<char, std::char_traits<char>, std::allocator<char> >&) (Request.cpp:333)
==22141==    by 0x4019656: Client::setRequestHeader(std::__cxx11::basic_string<char, std::char_traits<char>, std::allocator<char> >&) (Client.cpp:102)
==22141==    by 0x401D4D9: Loop::_parsingRequest(int) (Loop.cpp:356)
==22141==    by 0x401DAFA: Loop::_getRequest(int) (Loop.cpp:435)
==22141==    by 0x401EAA4: Loop::runLoop() (Loop.cpp:583)
==22141== 
==22141== 61 bytes in 1 blocks are still reachable in loss record 23 of 80
==22141==    at 0x48B1FD3: operator new(unsigned long) (vg_replace_malloc.c:487)
==22141==    by 0x4012C5C: std::__new_allocator<char>::allocate(unsigned long, void const*) (new_allocator.h:151)
==22141==    by 0x4010DF6: allocate (alloc_traits.h:142)
==22141==    by 0x4010DF6: std::__cxx11::basic_string<char, std::char_traits<char>, std::allocator<char> >::_S_allocate(std::allocator<char>&, unsigned long) (basic_string.h:142)
==22141==    by 0x400F609: std::__cxx11::basic_string<char, std::char_traits<char>, std::allocator<char> >::_M_create(unsigned long&, unsigned long) (basic_string.tcc:164)
==22141==    by 0x4010A7B: std::__cxx11::basic_string<char, std::char_traits<char>, std::allocator<char> >::_M_mutate(unsigned long, unsigned long, char const*, unsigned long) (basic_string.tcc:363)
==22141==    by 0x400F1BD: std::__cxx11::basic_string<char, std::char_traits<char>, std::allocator<char> >::_M_append(char const*, unsigned long) (basic_string.tcc:455)
==22141==    by 0x49BA4C1: std::basic_istream<char, std::char_traits<char> >& std::operator>><char, std::char_traits<char>, std::allocator<char> >(std::basic_istream<char, std::char_traits<char> >&, std::__cxx11::basic_string<char, std::char_traits<char>, std::allocator<char> >&) (in /usr/lib/x86_64-linux-gnu/libstdc++.so.6.0.34)
==22141==    by 0x403C871: Request::setFirstLine(std::__cxx11::basic_string<char, std::char_traits<char>, std::allocator<char> >&) (Request.cpp:233)
==22141==    by 0x403D24E: Request::parseHeader(std::__cxx11::basic_string<char, std::char_traits<char>, std::allocator<char> >&) (Request.cpp:292)
==22141==    by 0x4019656: Client::setRequestHeader(std::__cxx11::basic_string<char, std::char_traits<char>, std::allocator<char> >&) (Client.cpp:102)
==22141==    by 0x401D4D9: Loop::_parsingRequest(int) (Loop.cpp:356)
==22141==    by 0x401DAFA: Loop::_getRequest(int) (Loop.cpp:435)
==22141== 
==22141== 61 bytes in 1 blocks are still reachable in loss record 24 of 80
==22141==    at 0x48B1FD3: operator new(unsigned long) (vg_replace_malloc.c:487)
==22141==    by 0x4012C5C: std::__new_allocator<char>::allocate(unsigned long, void const*) (new_allocator.h:151)
==22141==    by 0x4010DF6: allocate (alloc_traits.h:142)
==22141==    by 0x4010DF6: std::__cxx11::basic_string<char, std::char_traits<char>, std::allocator<char> >::_S_allocate(std::allocator<char>&, unsigned long) (basic_string.h:142)
==22141==    by 0x400F609: std::__cxx11::basic_string<char, std::char_traits<char>, std::allocator<char> >::_M_create(unsigned long&, unsigned long) (basic_string.tcc:164)
==22141==    by 0x400F979: std::__cxx11::basic_string<char, std::char_traits<char>, std::allocator<char> >::_M_assign(std::__cxx11::basic_string<char, std::char_traits<char>, std::allocator<char> > const&) (basic_string.tcc:319)
==22141==    by 0x400D070: std::__cxx11::basic_string<char, std::char_traits<char>, std::allocator<char> >::assign(std::__cxx11::basic_string<char, std::char_traits<char>, std::allocator<char> > const&) (basic_string.h:1771)
==22141==    by 0x400AF4C: std::__cxx11::basic_string<char, std::char_traits<char>, std::allocator<char> >::operator=(std::__cxx11::basic_string<char, std::char_traits<char>, std::allocator<char> > const&) (basic_string.h:906)
==22141==    by 0x403D6B5: Request::parseHeader(std::__cxx11::basic_string<char, std::char_traits<char>, std::allocator<char> >&) (Request.cpp:335)
==22141==    by 0x4019656: Client::setRequestHeader(std::__cxx11::basic_string<char, std::char_traits<char>, std::allocator<char> >&) (Client.cpp:102)
==22141==    by 0x401D4D9: Loop::_parsingRequest(int) (Loop.cpp:356)
==22141==    by 0x401DAFA: Loop::_getRequest(int) (Loop.cpp:435)
==22141==    by 0x401EAA4: Loop::runLoop() (Loop.cpp:583)
==22141== 
==22141== 61 bytes in 3 blocks are still reachable in loss record 25 of 80
==22141==    at 0x48B1858: malloc (vg_replace_malloc.c:446)
==22141==    by 0x4C80C71: __tzstring_len (tzset.c:98)
==22141==    by 0x4C82FAB: __tzfile_read (tzfile.c:414)
==22141==    by 0x4C816A8: tzset_internal (tzset.c:405)
==22141==    by 0x4C820DC: __tz_convert (tzset.c:577)
==22141==    by 0x4032FB3: addDate(std::__cxx11::basic_string<char, std::char_traits<char>, std::allocator<char> >*) (methodsUtils.cpp:108)
==22141==    by 0x4042F2B: ResponseBuilder::date() (ResponseBuilder.cpp:27)
==22141==    by 0x4036565: Get::createResponse[abi:cxx11](Server const&) (Get.cpp:164)
==22141==    by 0x401DEA1: Loop::_createResponse(int) (Loop.cpp:460)
==22141==    by 0x401EDDF: Loop::runLoop() (Loop.cpp:612)
==22141==    by 0x4014393: main (main.cpp:62)
==22141== 
==22141== 62 bytes in 2 blocks are still reachable in loss record 26 of 80
==22141==    at 0x48B1FD3: operator new(unsigned long) (vg_replace_malloc.c:487)
==22141==    by 0x4012C5C: std::__new_allocator<char>::allocate(unsigned long, void const*) (new_allocator.h:151)
==22141==    by 0x4010DF6: allocate (alloc_traits.h:142)
==22141==    by 0x4010DF6: std::__cxx11::basic_string<char, std::char_traits<char>, std::allocator<char> >::_S_allocate(std::allocator<char>&, unsigned long) (basic_string.h:142)
==22141==    by 0x400F609: std::__cxx11::basic_string<char, std::char_traits<char>, std::allocator<char> >::_M_create(unsigned long&, unsigned long) (basic_string.tcc:164)
==22141==    by 0x400F979: std::__cxx11::basic_string<char, std::char_traits<char>, std::allocator<char> >::_M_assign(std::__cxx11::basic_string<char, std::char_traits<char>, std::allocator<char> > const&) (basic_string.tcc:319)
==22141==    by 0x400D070: std::__cxx11::basic_string<char, std::char_traits<char>, std::allocator<char> >::assign(std::__cxx11::basic_string<char, std::char_traits<char>, std::allocator<char> > const&) (basic_string.h:1771)
==22141==    by 0x400AF4C: std::__cxx11::basic_string<char, std::char_traits<char>, std::allocator<char> >::operator=(std::__cxx11::basic_string<char, std::char_traits<char>, std::allocator<char> > const&) (basic_string.h:906)
==22141==    by 0x402A9F7: Location::Location(Location const&) (Location.cpp:190)
==22141==    by 0x4013423: void std::_Construct<Location, Location>(Location*, Location const&) (stl_construct.h:142)
==22141==    by 0x40132B8: Location* std::__do_uninit_copy<__gnu_cxx::__normal_iterator<Location const*, std::vector<Location, std::allocator<Location> > >, __gnu_cxx::__normal_iterator<Location const*, std::vector<Location, std::allocator<Location> > >, Location*>(__gnu_cxx::__normal_iterator<Location const*, std::vector<Location, std::allocator<Location> > >, __gnu_cxx::__normal_iterator<Location const*, std::vector<Location, std::allocator<Location> > >, Location*) (stl_uninitialized.h:145)
==22141==    by 0x401212D: Location* std::__uninitialized_copy<false>::__uninit_copy<__gnu_cxx::__normal_iterator<Location const*, std::vector<Location, std::allocator<Location> > >, Location*>(__gnu_cxx::__normal_iterator<Location const*, std::vector<Location, std::allocator<Location> > >, __gnu_cxx::__normal_iterator<Location const*, std::vector<Location, std::allocator<Location> > >, Location*) (stl_uninitialized.h:170)
==22141==    by 0x40112E8: Location* std::uninitialized_copy<__gnu_cxx::__normal_iterator<Location const*, std::vector<Location, std::allocator<Location> > >, Location*>(__gnu_cxx::__normal_iterator<Location const*, std::vector<Location, std::allocator<Location> > >, __gnu_cxx::__normal_iterator<Location const*, std::vector<Location, std::allocator<Location> > >, Location*) (stl_uninitialized.h:315)
==22141== 
==22141== 64 bytes in 2 blocks are still reachable in loss record 27 of 80
==22141==    at 0x48B1FD3: operator new(unsigned long) (vg_replace_malloc.c:487)
==22141==    by 0x4012C5C: std::__new_allocator<char>::allocate(unsigned long, void const*) (new_allocator.h:151)
==22141==    by 0x4010DF6: allocate (alloc_traits.h:142)
==22141==    by 0x4010DF6: std::__cxx11::basic_string<char, std::char_traits<char>, std::allocator<char> >::_S_allocate(std::allocator<char>&, unsigned long) (basic_string.h:142)
==22141==    by 0x400F609: std::__cxx11::basic_string<char, std::char_traits<char>, std::allocator<char> >::_M_create(unsigned long&, unsigned long) (basic_string.tcc:164)
==22141==    by 0x400CB7B: void std::__cxx11::basic_string<char, std::char_traits<char>, std::allocator<char> >::_M_construct<true>(char const*, unsigned long) (basic_string.tcc:291)
==22141==    by 0x400AC80: std::__cxx11::basic_string<char, std::char_traits<char>, std::allocator<char> >::basic_string(std::__cxx11::basic_string<char, std::char_traits<char>, std::allocator<char> > const&) (basic_string.h:617)
==22141==    by 0x4013A60: std::pair<unsigned int const, std::__cxx11::basic_string<char, std::char_traits<char>, std::allocator<char> > >::pair(std::pair<unsigned int const, std::__cxx11::basic_string<char, std::char_traits<char>, std::allocator<char> > > const&) (stl_pair.h:302)
==22141==    by 0x40138BD: construct (new_allocator.h:205)
==22141==    by 0x40138BD: std::_Rb_tree<unsigned int, std::pair<unsigned int const, std::__cxx11::basic_string<char, std::char_traits<char>, std::allocator<char> > >, std::_Select1st<std::pair<unsigned int const, std::__cxx11::basic_string<char, std::char_traits<char>, std::allocator<char> > > >, std::less<unsigned int>, std::allocator<std::pair<unsigned int const, std::__cxx11::basic_string<char, std::char_traits<char>, std::allocator<char> > > > >::_M_construct_node(std::_Rb_tree_node<std::pair<unsigned int const, std::__cxx11::basic_string<char, std::char_traits<char>, std::allocator<char> > > >*, std::pair<unsigned int const, std::__cxx11::basic_string<char, std::char_traits<char>, std::allocator<char> > > const&) (stl_tree.h:1214)
==22141==    by 0x40139CE: std::_Rb_tree<unsigned int, std::pair<unsigned int const, std::__cxx11::basic_string<char, std::char_traits<char>, std::allocator<char> > >, std::_Select1st<std::pair<unsigned int const, std::__cxx11::basic_string<char, std::char_traits<char>, std::allocator<char> > > >, std::less<unsigned int>, std::allocator<std::pair<unsigned int const, std::__cxx11::basic_string<char, std::char_traits<char>, std::allocator<char> > > > >::_M_create_node(std::pair<unsigned int const, std::__cxx11::basic_string<char, std::char_traits<char>, std::allocator<char> > > const&) (stl_tree.h:1226)
==22141==    by 0x401325D: std::_Rb_tree_node<std::pair<unsigned int const, std::__cxx11::basic_string<char, std::char_traits<char>, std::allocator<char> > > >* std::_Rb_tree<unsigned int, std::pair<unsigned int const, std::__cxx11::basic_string<char, std::char_traits<char>, std::allocator<char> > >, std::_Select1st<std::pair<unsigned int const, std::__cxx11::basic_string<char, std::char_traits<char>, std::allocator<char> > > >, std::less<unsigned int>, std::allocator<std::pair<unsigned int const, std::__cxx11::basic_string<char, std::char_traits<char>, std::allocator<char> > > > >::_Reuse_or_alloc_node::operator()<std::pair<unsigned int const, std::__cxx11::basic_string<char, std::char_traits<char>, std::allocator<char> > > >(std::pair<unsigned int const, std::__cxx11::basic_string<char, std::char_traits<char>, std::allocator<char> > > const&) (stl_tree.h:1083)
==22141==    by 0x401205F: std::_Rb_tree_node<std::pair<unsigned int const, std::__cxx11::basic_string<char, std::char_traits<char>, std::allocator<char> > > >* std::_Rb_tree<unsigned int, std::pair<unsigned int const, std::__cxx11::basic_string<char, std::char_traits<char>, std::allocator<char> > >, std::_Select1st<std::pair<unsigned int const, std::__cxx11::basic_string<char, std::char_traits<char>, std::allocator<char> > > >, std::less<unsigned int>, std::allocator<std::pair<unsigned int const, std::__cxx11::basic_string<char, std::char_traits<char>, std::allocator<char> > > > >::_M_clone_node<false, std::_Rb_tree<unsigned int, std::pair<unsigned int const, std::__cxx11::basic_string<char, std::char_traits<char>, std::allocator<char> > >, std::_Select1st<std::pair<unsigned int const, std::__cxx11::basic_string<char, std::char_traits<char>, std::allocator<char> > > >, std::less<unsigned int>, std::allocator<std::pair<unsigned int const, std::__cxx11::basic_string<char, std::char_traits<char>, std::allocator<char> > > > >::_Reuse_or_alloc_node>(std::_Rb_tree_node<std::pair<unsigned int const, std::__cxx11::basic_string<char, std::char_traits<char>, std::allocator<char> > > >*, std::_Rb_tree<unsigned int, std::pair<unsigned int const, std::__cxx11::basic_string<char, std::char_traits<char>, std::allocator<char> > >, std::_Select1st<std::pair<unsigned int const, std::__cxx11::basic_string<char, std::char_traits<char>, std::allocator<char> > > >, std::less<unsigned int>, std::allocator<std::pair<unsigned int const, std::__cxx11::basic_string<char, std::char_traits<char>, std::allocator<char> > > > >::_Reuse_or_alloc_node&) (stl_tree.h:1287)
==22141==    by 0x401114D: std::_Rb_tree_node_base* std::_Rb_tree<unsigned int, std::pair<unsigned int const, std::__cxx11::basic_string<char, std::char_traits<char>, std::allocator<char> > >, std::_Select1st<std::pair<unsigned int const, std::__cxx11::basic_string<char, std::char_traits<char>, std::allocator<char> > > >, std::less<unsigned int>, std::allocator<std::pair<unsigned int const, std::__cxx11::basic_string<char, std::char_traits<char>, std::allocator<char> > > > >::_M_copy<false, std::_Rb_tree<unsigned int, std::pair<unsigned int const, std::__cxx11::basic_string<char, std::char_traits<char>, std::allocator<char> > >, std::_Select1st<std::pair<unsigned int const, std::__cxx11::basic_string<char, std::char_traits<char>, std::allocator<char> > > >, std::less<unsigned int>, std::allocator<std::pair<unsigned int const, std::__cxx11::basic_string<char, std::char_traits<char>, std::allocator<char> > > > >::_Reuse_or_alloc_node>(std::_Rb_tree_node<std::pair<unsigned int const, std::__cxx11::basic_string<char, std::char_traits<char>, std::allocator<char> > > >*, std::_Rb_tree_node_base*, std::_Rb_tree<unsigned int, std::pair<unsigned int const, std::__cxx11::basic_string<char, std::char_traits<char>, std::allocator<char> > >, std::_Select1st<std::pair<unsigned int const, std::__cxx11::basic_string<char, std::char_traits<char>, std::allocator<char> > > >, std::less<unsigned int>, std::allocator<std::pair<unsigned int const, std::__cxx11::basic_string<char, std::char_traits<char>, std::allocator<char> > > > >::_Reuse_or_alloc_node&) (stl_tree.h:2546)
==22141== 
==22141== 64 bytes in 2 blocks are still reachable in loss record 28 of 80
==22141==    at 0x48B1FD3: operator new(unsigned long) (vg_replace_malloc.c:487)
==22141==    by 0x4012C5C: std::__new_allocator<char>::allocate(unsigned long, void const*) (new_allocator.h:151)
==22141==    by 0x4010DF6: allocate (alloc_traits.h:142)
==22141==    by 0x4010DF6: std::__cxx11::basic_string<char, std::char_traits<char>, std::allocator<char> >::_S_allocate(std::allocator<char>&, unsigned long) (basic_string.h:142)
==22141==    by 0x400F609: std::__cxx11::basic_string<char, std::char_traits<char>, std::allocator<char> >::_M_create(unsigned long&, unsigned long) (basic_string.tcc:164)
==22141==    by 0x400CB7B: void std::__cxx11::basic_string<char, std::char_traits<char>, std::allocator<char> >::_M_construct<true>(char const*, unsigned long) (basic_string.tcc:291)
==22141==    by 0x400AC80: std::__cxx11::basic_string<char, std::char_traits<char>, std::allocator<char> >::basic_string(std::__cxx11::basic_string<char, std::char_traits<char>, std::allocator<char> > const&) (basic_string.h:617)
==22141==    by 0x4013A60: std::pair<unsigned int const, std::__cxx11::basic_string<char, std::char_traits<char>, std::allocator<char> > >::pair(std::pair<unsigned int const, std::__cxx11::basic_string<char, std::char_traits<char>, std::allocator<char> > > const&) (stl_pair.h:302)
==22141==    by 0x40138BD: construct (new_allocator.h:205)
==22141==    by 0x40138BD: std::_Rb_tree<unsigned int, std::pair<unsigned int const, std::__cxx11::basic_string<char, std::char_traits<char>, std::allocator<char> > >, std::_Select1st<std::pair<unsigned int const, std::__cxx11::basic_string<char, std::char_traits<char>, std::allocator<char> > > >, std::less<unsigned int>, std::allocator<std::pair<unsigned int const, std::__cxx11::basic_string<char, std::char_traits<char>, std::allocator<char> > > > >::_M_construct_node(std::_Rb_tree_node<std::pair<unsigned int const, std::__cxx11::basic_string<char, std::char_traits<char>, std::allocator<char> > > >*, std::pair<unsigned int const, std::__cxx11::basic_string<char, std::char_traits<char>, std::allocator<char> > > const&) (stl_tree.h:1214)
==22141==    by 0x40139CE: std::_Rb_tree<unsigned int, std::pair<unsigned int const, std::__cxx11::basic_string<char, std::char_traits<char>, std::allocator<char> > >, std::_Select1st<std::pair<unsigned int const, std::__cxx11::basic_string<char, std::char_traits<char>, std::allocator<char> > > >, std::less<unsigned int>, std::allocator<std::pair<unsigned int const, std::__cxx11::basic_string<char, std::char_traits<char>, std::allocator<char> > > > >::_M_create_node(std::pair<unsigned int const, std::__cxx11::basic_string<char, std::char_traits<char>, std::allocator<char> > > const&) (stl_tree.h:1226)
==22141==    by 0x40136ED: std::_Rb_tree_node<std::pair<unsigned int const, std::__cxx11::basic_string<char, std::char_traits<char>, std::allocator<char> > > >* std::_Rb_tree<unsigned int, std::pair<unsigned int const, std::__cxx11::basic_string<char, std::char_traits<char>, std::allocator<char> > >, std::_Select1st<std::pair<unsigned int const, std::__cxx11::basic_string<char, std::char_traits<char>, std::allocator<char> > > >, std::less<unsigned int>, std::allocator<std::pair<unsigned int const, std::__cxx11::basic_string<char, std::char_traits<char>, std::allocator<char> > > > >::_Alloc_node::operator()<std::pair<unsigned int const, std::__cxx11::basic_string<char, std::char_traits<char>, std::allocator<char> > > >(std::pair<unsigned int const, std::__cxx11::basic_string<char, std::char_traits<char>, std::allocator<char> > > const&) const (stl_tree.h:1136)
==22141==    by 0x401797D: std::_Rb_tree_node<std::pair<unsigned int const, std::__cxx11::basic_string<char, std::char_traits<char>, std::allocator<char> > > >* std::_Rb_tree<unsigned int, std::pair<unsigned int const, std::__cxx11::basic_string<char, std::char_traits<char>, std::allocator<char> > >, std::_Select1st<std::pair<unsigned int const, std::__cxx11::basic_string<char, std::char_traits<char>, std::allocator<char> > > >, std::less<unsigned int>, std::allocator<std::pair<unsigned int const, std::__cxx11::basic_string<char, std::char_traits<char>, std::allocator<char> > > > >::_M_clone_node<false, std::_Rb_tree<unsigned int, std::pair<unsigned int const, std::__cxx11::basic_string<char, std::char_traits<char>, std::allocator<char> > >, std::_Select1st<std::pair<unsigned int const, std::__cxx11::basic_string<char, std::char_traits<char>, std::allocator<char> > > >, std::less<unsigned int>, std::allocator<std::pair<unsigned int const, std::__cxx11::basic_string<char, std::char_traits<char>, std::allocator<char> > > > >::_Alloc_node>(std::_Rb_tree_node<std::pair<unsigned int const, std::__cxx11::basic_string<char, std::char_traits<char>, std::allocator<char> > > >*, std::_Rb_tree<unsigned int, std::pair<unsigned int const, std::__cxx11::basic_string<char, std::char_traits<char>, std::allocator<char> > >, std::_Select1st<std::pair<unsigned int const, std::__cxx11::basic_string<char, std::char_traits<char>, std::allocator<char> > > >, std::less<unsigned int>, std::allocator<std::pair<unsigned int const, std::__cxx11::basic_string<char, std::char_traits<char>, std::allocator<char> > > > >::_Alloc_node&) (stl_tree.h:1287)
==22141==    by 0x4017185: std::_Rb_tree_node_base* std::_Rb_tree<unsigned int, std::pair<unsigned int const, std::__cxx11::basic_string<char, std::char_traits<char>, std::allocator<char> > >, std::_Select1st<std::pair<unsigned int const, std::__cxx11::basic_string<char, std::char_traits<char>, std::allocator<char> > > >, std::less<unsigned int>, std::allocator<std::pair<unsigned int const, std::__cxx11::basic_string<char, std::char_traits<char>, std::allocator<char> > > > >::_M_copy<false, std::_Rb_tree<unsigned int, std::pair<unsigned int const, std::__cxx11::basic_string<char, std::char_traits<char>, std::allocator<char> > >, std::_Select1st<std::pair<unsigned int const, std::__cxx11::basic_string<char, std::char_traits<char>, std::allocator<char> > > >, std::less<unsigned int>, std::allocator<std::pair<unsigned int const, std::__cxx11::basic_string<char, std::char_traits<char>, std::allocator<char> > > > >::_Alloc_node>(std::_Rb_tree_node<std::pair<unsigned int const, std::__cxx11::basic_string<char, std::char_traits<char>, std::allocator<char> > > >*, std::_Rb_tree_node_base*, std::_Rb_tree<unsigned int, std::pair<unsigned int const, std::__cxx11::basic_string<char, std::char_traits<char>, std::allocator<char> > >, std::_Select1st<std::pair<unsigned int const, std::__cxx11::basic_string<char, std::char_traits<char>, std::allocator<char> > > >, std::less<unsigned int>, std::allocator<std::pair<unsigned int const, std::__cxx11::basic_string<char, std::char_traits<char>, std::allocator<char> > > > >::_Alloc_node&) (stl_tree.h:2546)
==22141== 
==22141== 72 bytes in 1 blocks are still reachable in loss record 29 of 80
==22141==    at 0x48B1FD3: operator new(unsigned long) (vg_replace_malloc.c:487)
==22141==    by 0x4013B19: std::__new_allocator<std::_Rb_tree_node<std::pair<unsigned int const, std::__cxx11::basic_string<char, std::char_traits<char>, std::allocator<char> > > > >::allocate(unsigned long, void const*) (new_allocator.h:151)
==22141==    by 0x4013AA3: allocate (alloc_traits.h:142)
==22141==    by 0x4013AA3: std::_Rb_tree<unsigned int, std::pair<unsigned int const, std::__cxx11::basic_string<char, std::char_traits<char>, std::allocator<char> > >, std::_Select1st<std::pair<unsigned int const, std::__cxx11::basic_string<char, std::char_traits<char>, std::allocator<char> > > >, std::less<unsigned int>, std::allocator<std::pair<unsigned int const, std::__cxx11::basic_string<char, std::char_traits<char>, std::allocator<char> > > > >::_M_get_node() (stl_tree.h:1170)
==22141==    by 0x40139B3: std::_Rb_tree<unsigned int, std::pair<unsigned int const, std::__cxx11::basic_string<char, std::char_traits<char>, std::allocator<char> > >, std::_Select1st<std::pair<unsigned int const, std::__cxx11::basic_string<char, std::char_traits<char>, std::allocator<char> > > >, std::less<unsigned int>, std::allocator<std::pair<unsigned int const, std::__cxx11::basic_string<char, std::char_traits<char>, std::allocator<char> > > > >::_M_create_node(std::pair<unsigned int const, std::__cxx11::basic_string<char, std::char_traits<char>, std::allocator<char> > > const&) (stl_tree.h:1225)
==22141==    by 0x40136ED: std::_Rb_tree_node<std::pair<unsigned int const, std::__cxx11::basic_string<char, std::char_traits<char>, std::allocator<char> > > >* std::_Rb_tree<unsigned int, std::pair<unsigned int const, std::__cxx11::basic_string<char, std::char_traits<char>, std::allocator<char> > >, std::_Select1st<std::pair<unsigned int const, std::__cxx11::basic_string<char, std::char_traits<char>, std::allocator<char> > > >, std::less<unsigned int>, std::allocator<std::pair<unsigned int const, std::__cxx11::basic_string<char, std::char_traits<char>, std::allocator<char> > > > >::_Alloc_node::operator()<std::pair<unsigned int const, std::__cxx11::basic_string<char, std::char_traits<char>, std::allocator<char> > > >(std::pair<unsigned int const, std::__cxx11::basic_string<char, std::char_traits<char>, std::allocator<char> > > const&) const (stl_tree.h:1136)
==22141==    by 0x401797D: std::_Rb_tree_node<std::pair<unsigned int const, std::__cxx11::basic_string<char, std::char_traits<char>, std::allocator<char> > > >* std::_Rb_tree<unsigned int, std::pair<unsigned int const, std::__cxx11::basic_string<char, std::char_traits<char>, std::allocator<char> > >, std::_Select1st<std::pair<unsigned int const, std::__cxx11::basic_string<char, std::char_traits<char>, std::allocator<char> > > >, std::less<unsigned int>, std::allocator<std::pair<unsigned int const, std::__cxx11::basic_string<char, std::char_traits<char>, std::allocator<char> > > > >::_M_clone_node<false, std::_Rb_tree<unsigned int, std::pair<unsigned int const, std::__cxx11::basic_string<char, std::char_traits<char>, std::allocator<char> > >, std::_Select1st<std::pair<unsigned int const, std::__cxx11::basic_string<char, std::char_traits<char>, std::allocator<char> > > >, std::less<unsigned int>, std::allocator<std::pair<unsigned int const, std::__cxx11::basic_string<char, std::char_traits<char>, std::allocator<char> > > > >::_Alloc_node>(std::_Rb_tree_node<std::pair<unsigned int const, std::__cxx11::basic_string<char, std::char_traits<char>, std::allocator<char> > > >*, std::_Rb_tree<unsigned int, std::pair<unsigned int const, std::__cxx11::basic_string<char, std::char_traits<char>, std::allocator<char> > >, std::_Select1st<std::pair<unsigned int const, std::__cxx11::basic_string<char, std::char_traits<char>, std::allocator<char> > > >, std::less<unsigned int>, std::allocator<std::pair<unsigned int const, std::__cxx11::basic_string<char, std::char_traits<char>, std::allocator<char> > > > >::_Alloc_node&) (stl_tree.h:1287)
==22141==    by 0x4017185: std::_Rb_tree_node_base* std::_Rb_tree<unsigned int, std::pair<unsigned int const, std::__cxx11::basic_string<char, std::char_traits<char>, std::allocator<char> > >, std::_Select1st<std::pair<unsigned int const, std::__cxx11::basic_string<char, std::char_traits<char>, std::allocator<char> > > >, std::less<unsigned int>, std::allocator<std::pair<unsigned int const, std::__cxx11::basic_string<char, std::char_traits<char>, std::allocator<char> > > > >::_M_copy<false, std::_Rb_tree<unsigned int, std::pair<unsigned int const, std::__cxx11::basic_string<char, std::char_traits<char>, std::allocator<char> > >, std::_Select1st<std::pair<unsigned int const, std::__cxx11::basic_string<char, std::char_traits<char>, std::allocator<char> > > >, std::less<unsigned int>, std::allocator<std::pair<unsigned int const, std::__cxx11::basic_string<char, std::char_traits<char>, std::allocator<char> > > > >::_Alloc_node>(std::_Rb_tree_node<std::pair<unsigned int const, std::__cxx11::basic_string<char, std::char_traits<char>, std::allocator<char> > > >*, std::_Rb_tree_node_base*, std::_Rb_tree<unsigned int, std::pair<unsigned int const, std::__cxx11::basic_string<char, std::char_traits<char>, std::allocator<char> > >, std::_Select1st<std::pair<unsigned int const, std::__cxx11::basic_string<char, std::char_traits<char>, std::allocator<char> > > >, std::less<unsigned int>, std::allocator<std::pair<unsigned int const, std::__cxx11::basic_string<char, std::char_traits<char>, std::allocator<char> > > > >::_Alloc_node&) (stl_tree.h:2546)
==22141==    by 0x4016CDC: std::_Rb_tree_node_base* std::_Rb_tree<unsigned int, std::pair<unsigned int const, std::__cxx11::basic_string<char, std::char_traits<char>, std::allocator<char> > >, std::_Select1st<std::pair<unsigned int const, std::__cxx11::basic_string<char, std::char_traits<char>, std::allocator<char> > > >, std::less<unsigned int>, std::allocator<std::pair<unsigned int const, std::__cxx11::basic_string<char, std::char_traits<char>, std::allocator<char> > > > >::_M_copy<false, std::_Rb_tree<unsigned int, std::pair<unsigned int const, std::__cxx11::basic_string<char, std::char_traits<char>, std::allocator<char> > >, std::_Select1st<std::pair<unsigned int const, std::__cxx11::basic_string<char, std::char_traits<char>, std::allocator<char> > > >, std::less<unsigned int>, std::allocator<std::pair<unsigned int const, std::__cxx11::basic_string<char, std::char_traits<char>, std::allocator<char> > > > >::_Alloc_node>(std::_Rb_tree<unsigned int, std::pair<unsigned int const, std::__cxx11::basic_string<char, std::char_traits<char>, std::allocator<char> > >, std::_Select1st<std::pair<unsigned int const, std::__cxx11::basic_string<char, std::char_traits<char>, std::allocator<char> > > >, std::less<unsigned int>, std::allocator<std::pair<unsigned int const, std::__cxx11::basic_string<char, std::char_traits<char>, std::allocator<char> > > > > const&, std::_Rb_tree<unsigned int, std::pair<unsigned int const, std::__cxx11::basic_string<char, std::char_traits<char>, std::allocator<char> > >, std::_Select1st<std::pair<unsigned int const, std::__cxx11::basic_string<char, std::char_traits<char>, std::allocator<char> > > >, std::less<unsigned int>, std::allocator<std::pair<unsigned int const, std::__cxx11::basic_string<char, std::char_traits<char>, std::allocator<char> > > > >::_Alloc_node&) (stl_tree.h:1523)
==22141==    by 0x40165AE: std::_Rb_tree<unsigned int, std::pair<unsigned int const, std::__cxx11::basic_string<char, std::char_traits<char>, std::allocator<char> > >, std::_Select1st<std::pair<unsigned int const, std::__cxx11::basic_string<char, std::char_traits<char>, std::allocator<char> > > >, std::less<unsigned int>, std::allocator<std::pair<unsigned int const, std::__cxx11::basic_string<char, std::char_traits<char>, std::allocator<char> > > > >::_M_copy(std::_Rb_tree<unsigned int, std::pair<unsigned int const, std::__cxx11::basic_string<char, std::char_traits<char>, std::allocator<char> > >, std::_Select1st<std::pair<unsigned int const, std::__cxx11::basic_string<char, std::char_traits<char>, std::allocator<char> > > >, std::less<unsigned int>, std::allocator<std::pair<unsigned int const, std::__cxx11::basic_string<char, std::char_traits<char>, std::allocator<char> > > > > const&) (stl_tree.h:1534)
==22141==    by 0x40158BD: std::_Rb_tree<unsigned int, std::pair<unsigned int const, std::__cxx11::basic_string<char, std::char_traits<char>, std::allocator<char> > >, std::_Select1st<std::pair<unsigned int const, std::__cxx11::basic_string<char, std::char_traits<char>, std::allocator<char> > > >, std::less<unsigned int>, std::allocator<std::pair<unsigned int const, std::__cxx11::basic_string<char, std::char_traits<char>, std::allocator<char> > > > >::_Rb_tree(std::_Rb_tree<unsigned int, std::pair<unsigned int const, std::__cxx11::basic_string<char, std::char_traits<char>, std::allocator<char> > >, std::_Select1st<std::pair<unsigned int const, std::__cxx11::basic_string<char, std::char_traits<char>, std::allocator<char> > > >, std::less<unsigned int>, std::allocator<std::pair<unsigned int const, std::__cxx11::basic_string<char, std::char_traits<char>, std::allocator<char> > > > > const&) (stl_tree.h:1564)
==22141==    by 0x4014CF2: std::map<unsigned int, std::__cxx11::basic_string<char, std::char_traits<char>, std::allocator<char> >, std::less<unsigned int>, std::allocator<std::pair<unsigned int const, std::__cxx11::basic_string<char, std::char_traits<char>, std::allocator<char> > > > >::map(std::map<unsigned int, std::__cxx11::basic_string<char, std::char_traits<char>, std::allocator<char> >, std::less<unsigned int>, std::allocator<std::pair<unsigned int const, std::__cxx11::basic_string<char, std::char_traits<char>, std::allocator<char> > > > > const&) (stl_map.h:220)
==22141==    by 0x40146BC: Server::Server(Server const&) (Server.hpp:12)
==22141== 
==22141== 72 bytes in 1 blocks are still reachable in loss record 30 of 80
==22141==    at 0x48B1FD3: operator new(unsigned long) (vg_replace_malloc.c:487)
==22141==    by 0x4013B19: std::__new_allocator<std::_Rb_tree_node<std::pair<unsigned int const, std::__cxx11::basic_string<char, std::char_traits<char>, std::allocator<char> > > > >::allocate(unsigned long, void const*) (new_allocator.h:151)
==22141==    by 0x4013AA3: allocate (alloc_traits.h:142)
==22141==    by 0x4013AA3: std::_Rb_tree<unsigned int, std::pair<unsigned int const, std::__cxx11::basic_string<char, std::char_traits<char>, std::allocator<char> > >, std::_Select1st<std::pair<unsigned int const, std::__cxx11::basic_string<char, std::char_traits<char>, std::allocator<char> > > >, std::less<unsigned int>, std::allocator<std::pair<unsigned int const, std::__cxx11::basic_string<char, std::char_traits<char>, std::allocator<char> > > > >::_M_get_node() (stl_tree.h:1170)
==22141==    by 0x40139B3: std::_Rb_tree<unsigned int, std::pair<unsigned int const, std::__cxx11::basic_string<char, std::char_traits<char>, std::allocator<char> > >, std::_Select1st<std::pair<unsigned int const, std::__cxx11::basic_string<char, std::char_traits<char>, std::allocator<char> > > >, std::less<unsigned int>, std::allocator<std::pair<unsigned int const, std::__cxx11::basic_string<char, std::char_traits<char>, std::allocator<char> > > > >::_M_create_node(std::pair<unsigned int const, std::__cxx11::basic_string<char, std::char_traits<char>, std::allocator<char> > > const&) (stl_tree.h:1225)
==22141==    by 0x40136ED: std::_Rb_tree_node<std::pair<unsigned int const, std::__cxx11::basic_string<char, std::char_traits<char>, std::allocator<char> > > >* std::_Rb_tree<unsigned int, std::pair<unsigned int const, std::__cxx11::basic_string<char, std::char_traits<char>, std::allocator<char> > >, std::_Select1st<std::pair<unsigned int const, std::__cxx11::basic_string<char, std::char_traits<char>, std::allocator<char> > > >, std::less<unsigned int>, std::allocator<std::pair<unsigned int const, std::__cxx11::basic_string<char, std::char_traits<char>, std::allocator<char> > > > >::_Alloc_node::operator()<std::pair<unsigned int const, std::__cxx11::basic_string<char, std::char_traits<char>, std::allocator<char> > > >(std::pair<unsigned int const, std::__cxx11::basic_string<char, std::char_traits<char>, std::allocator<char> > > const&) const (stl_tree.h:1136)
==22141==    by 0x401797D: std::_Rb_tree_node<std::pair<unsigned int const, std::__cxx11::basic_string<char, std::char_traits<char>, std::allocator<char> > > >* std::_Rb_tree<unsigned int, std::pair<unsigned int const, std::__cxx11::basic_string<char, std::char_traits<char>, std::allocator<char> > >, std::_Select1st<std::pair<unsigned int const, std::__cxx11::basic_string<char, std::char_traits<char>, std::allocator<char> > > >, std::less<unsigned int>, std::allocator<std::pair<unsigned int const, std::__cxx11::basic_string<char, std::char_traits<char>, std::allocator<char> > > > >::_M_clone_node<false, std::_Rb_tree<unsigned int, std::pair<unsigned int const, std::__cxx11::basic_string<char, std::char_traits<char>, std::allocator<char> > >, std::_Select1st<std::pair<unsigned int const, std::__cxx11::basic_string<char, std::char_traits<char>, std::allocator<char> > > >, std::less<unsigned int>, std::allocator<std::pair<unsigned int const, std::__cxx11::basic_string<char, std::char_traits<char>, std::allocator<char> > > > >::_Alloc_node>(std::_Rb_tree_node<std::pair<unsigned int const, std::__cxx11::basic_string<char, std::char_traits<char>, std::allocator<char> > > >*, std::_Rb_tree<unsigned int, std::pair<unsigned int const, std::__cxx11::basic_string<char, std::char_traits<char>, std::allocator<char> > >, std::_Select1st<std::pair<unsigned int const, std::__cxx11::basic_string<char, std::char_traits<char>, std::allocator<char> > > >, std::less<unsigned int>, std::allocator<std::pair<unsigned int const, std::__cxx11::basic_string<char, std::char_traits<char>, std::allocator<char> > > > >::_Alloc_node&) (stl_tree.h:1287)
==22141==    by 0x4017185: std::_Rb_tree_node_base* std::_Rb_tree<unsigned int, std::pair<unsigned int const, std::__cxx11::basic_string<char, std::char_traits<char>, std::allocator<char> > >, std::_Select1st<std::pair<unsigned int const, std::__cxx11::basic_string<char, std::char_traits<char>, std::allocator<char> > > >, std::less<unsigned int>, std::allocator<std::pair<unsigned int const, std::__cxx11::basic_string<char, std::char_traits<char>, std::allocator<char> > > > >::_M_copy<false, std::_Rb_tree<unsigned int, std::pair<unsigned int const, std::__cxx11::basic_string<char, std::char_traits<char>, std::allocator<char> > >, std::_Select1st<std::pair<unsigned int const, std::__cxx11::basic_string<char, std::char_traits<char>, std::allocator<char> > > >, std::less<unsigned int>, std::allocator<std::pair<unsigned int const, std::__cxx11::basic_string<char, std::char_traits<char>, std::allocator<char> > > > >::_Alloc_node>(std::_Rb_tree_node<std::pair<unsigned int const, std::__cxx11::basic_string<char, std::char_traits<char>, std::allocator<char> > > >*, std::_Rb_tree_node_base*, std::_Rb_tree<unsigned int, std::pair<unsigned int const, std::__cxx11::basic_string<char, std::char_traits<char>, std::allocator<char> > >, std::_Select1st<std::pair<unsigned int const, std::__cxx11::basic_string<char, std::char_traits<char>, std::allocator<char> > > >, std::less<unsigned int>, std::allocator<std::pair<unsigned int const, std::__cxx11::basic_string<char, std::char_traits<char>, std::allocator<char> > > > >::_Alloc_node&) (stl_tree.h:2546)
==22141==    by 0x40171D5: std::_Rb_tree_node_base* std::_Rb_tree<unsigned int, std::pair<unsigned int const, std::__cxx11::basic_string<char, std::char_traits<char>, std::allocator<char> > >, std::_Select1st<std::pair<unsigned int const, std::__cxx11::basic_string<char, std::char_traits<char>, std::allocator<char> > > >, std::less<unsigned int>, std::allocator<std::pair<unsigned int const, std::__cxx11::basic_string<char, std::char_traits<char>, std::allocator<char> > > > >::_M_copy<false, std::_Rb_tree<unsigned int, std::pair<unsigned int const, std::__cxx11::basic_string<char, std::char_traits<char>, std::allocator<char> > >, std::_Select1st<std::pair<unsigned int const, std::__cxx11::basic_string<char, std::char_traits<char>, std::allocator<char> > > >, std::less<unsigned int>, std::allocator<std::pair<unsigned int const, std::__cxx11::basic_string<char, std::char_traits<char>, std::allocator<char> > > > >::_Alloc_node>(std::_Rb_tree_node<std::pair<unsigned int const, std::__cxx11::basic_string<char, std::char_traits<char>, std::allocator<char> > > >*, std::_Rb_tree_node_base*, std::_Rb_tree<unsigned int, std::pair<unsigned int const, std::__cxx11::basic_string<char, std::char_traits<char>, std::allocator<char> > >, std::_Select1st<std::pair<unsigned int const, std::__cxx11::basic_string<char, std::char_traits<char>, std::allocator<char> > > >, std::less<unsigned int>, std::allocator<std::pair<unsigned int const, std::__cxx11::basic_string<char, std::char_traits<char>, std::allocator<char> > > > >::_Alloc_node&) (stl_tree.h:2554)
==22141==    by 0x4016CDC: std::_Rb_tree_node_base* std::_Rb_tree<unsigned int, std::pair<unsigned int const, std::__cxx11::basic_string<char, std::char_traits<char>, std::allocator<char> > >, std::_Select1st<std::pair<unsigned int const, std::__cxx11::basic_string<char, std::char_traits<char>, std::allocator<char> > > >, std::less<unsigned int>, std::allocator<std::pair<unsigned int const, std::__cxx11::basic_string<char, std::char_traits<char>, std::allocator<char> > > > >::_M_copy<false, std::_Rb_tree<unsigned int, std::pair<unsigned int const, std::__cxx11::basic_string<char, std::char_traits<char>, std::allocator<char> > >, std::_Select1st<std::pair<unsigned int const, std::__cxx11::basic_string<char, std::char_traits<char>, std::allocator<char> > > >, std::less<unsigned int>, std::allocator<std::pair<unsigned int const, std::__cxx11::basic_string<char, std::char_traits<char>, std::allocator<char> > > > >::_Alloc_node>(std::_Rb_tree<unsigned int, std::pair<unsigned int const, std::__cxx11::basic_string<char, std::char_traits<char>, std::allocator<char> > >, std::_Select1st<std::pair<unsigned int const, std::__cxx11::basic_string<char, std::char_traits<char>, std::allocator<char> > > >, std::less<unsigned int>, std::allocator<std::pair<unsigned int const, std::__cxx11::basic_string<char, std::char_traits<char>, std::allocator<char> > > > > const&, std::_Rb_tree<unsigned int, std::pair<unsigned int const, std::__cxx11::basic_string<char, std::char_traits<char>, std::allocator<char> > >, std::_Select1st<std::pair<unsigned int const, std::__cxx11::basic_string<char, std::char_traits<char>, std::allocator<char> > > >, std::less<unsigned int>, std::allocator<std::pair<unsigned int const, std::__cxx11::basic_string<char, std::char_traits<char>, std::allocator<char> > > > >::_Alloc_node&) (stl_tree.h:1523)
==22141==    by 0x40165AE: std::_Rb_tree<unsigned int, std::pair<unsigned int const, std::__cxx11::basic_string<char, std::char_traits<char>, std::allocator<char> > >, std::_Select1st<std::pair<unsigned int const, std::__cxx11::basic_string<char, std::char_traits<char>, std::allocator<char> > > >, std::less<unsigned int>, std::allocator<std::pair<unsigned int const, std::__cxx11::basic_string<char, std::char_traits<char>, std::allocator<char> > > > >::_M_copy(std::_Rb_tree<unsigned int, std::pair<unsigned int const, std::__cxx11::basic_string<char, std::char_traits<char>, std::allocator<char> > >, std::_Select1st<std::pair<unsigned int const, std::__cxx11::basic_string<char, std::char_traits<char>, std::allocator<char> > > >, std::less<unsigned int>, std::allocator<std::pair<unsigned int const, std::__cxx11::basic_string<char, std::char_traits<char>, std::allocator<char> > > > > const&) (stl_tree.h:1534)
==22141==    by 0x40158BD: std::_Rb_tree<unsigned int, std::pair<unsigned int const, std::__cxx11::basic_string<char, std::char_traits<char>, std::allocator<char> > >, std::_Select1st<std::pair<unsigned int const, std::__cxx11::basic_string<char, std::char_traits<char>, std::allocator<char> > > >, std::less<unsigned int>, std::allocator<std::pair<unsigned int const, std::__cxx11::basic_string<char, std::char_traits<char>, std::allocator<char> > > > >::_Rb_tree(std::_Rb_tree<unsigned int, std::pair<unsigned int const, std::__cxx11::basic_string<char, std::char_traits<char>, std::allocator<char> > >, std::_Select1st<std::pair<unsigned int const, std::__cxx11::basic_string<char, std::char_traits<char>, std::allocator<char> > > >, std::less<unsigned int>, std::allocator<std::pair<unsigned int const, std::__cxx11::basic_string<char, std::char_traits<char>, std::allocator<char> > > > > const&) (stl_tree.h:1564)
==22141==    by 0x4014CF2: std::map<unsigned int, std::__cxx11::basic_string<char, std::char_traits<char>, std::allocator<char> >, std::less<unsigned int>, std::allocator<std::pair<unsigned int const, std::__cxx11::basic_string<char, std::char_traits<char>, std::allocator<char> > > > >::map(std::map<unsigned int, std::__cxx11::basic_string<char, std::char_traits<char>, std::allocator<char> >, std::less<unsigned int>, std::allocator<std::pair<unsigned int const, std::__cxx11::basic_string<char, std::char_traits<char>, std::allocator<char> > > > > const&) (stl_map.h:220)
==22141== 
==22141== 72 bytes in 1 blocks are still reachable in loss record 31 of 80
==22141==    at 0x48B1FD3: operator new(unsigned long) (vg_replace_malloc.c:487)
==22141==    by 0x4013B19: std::__new_allocator<std::_Rb_tree_node<std::pair<unsigned int const, std::__cxx11::basic_string<char, std::char_traits<char>, std::allocator<char> > > > >::allocate(unsigned long, void const*) (new_allocator.h:151)
==22141==    by 0x4013AA3: allocate (alloc_traits.h:142)
==22141==    by 0x4013AA3: std::_Rb_tree<unsigned int, std::pair<unsigned int const, std::__cxx11::basic_string<char, std::char_traits<char>, std::allocator<char> > >, std::_Select1st<std::pair<unsigned int const, std::__cxx11::basic_string<char, std::char_traits<char>, std::allocator<char> > > >, std::less<unsigned int>, std::allocator<std::pair<unsigned int const, std::__cxx11::basic_string<char, std::char_traits<char>, std::allocator<char> > > > >::_M_get_node() (stl_tree.h:1170)
==22141==    by 0x40139B3: std::_Rb_tree<unsigned int, std::pair<unsigned int const, std::__cxx11::basic_string<char, std::char_traits<char>, std::allocator<char> > >, std::_Select1st<std::pair<unsigned int const, std::__cxx11::basic_string<char, std::char_traits<char>, std::allocator<char> > > >, std::less<unsigned int>, std::allocator<std::pair<unsigned int const, std::__cxx11::basic_string<char, std::char_traits<char>, std::allocator<char> > > > >::_M_create_node(std::pair<unsigned int const, std::__cxx11::basic_string<char, std::char_traits<char>, std::allocator<char> > > const&) (stl_tree.h:1225)
==22141==    by 0x40136ED: std::_Rb_tree_node<std::pair<unsigned int const, std::__cxx11::basic_string<char, std::char_traits<char>, std::allocator<char> > > >* std::_Rb_tree<unsigned int, std::pair<unsigned int const, std::__cxx11::basic_string<char, std::char_traits<char>, std::allocator<char> > >, std::_Select1st<std::pair<unsigned int const, std::__cxx11::basic_string<char, std::char_traits<char>, std::allocator<char> > > >, std::less<unsigned int>, std::allocator<std::pair<unsigned int const, std::__cxx11::basic_string<char, std::char_traits<char>, std::allocator<char> > > > >::_Alloc_node::operator()<std::pair<unsigned int const, std::__cxx11::basic_string<char, std::char_traits<char>, std::allocator<char> > > >(std::pair<unsigned int const, std::__cxx11::basic_string<char, std::char_traits<char>, std::allocator<char> > > const&) const (stl_tree.h:1136)
==22141==    by 0x401797D: std::_Rb_tree_node<std::pair<unsigned int const, std::__cxx11::basic_string<char, std::char_traits<char>, std::allocator<char> > > >* std::_Rb_tree<unsigned int, std::pair<unsigned int const, std::__cxx11::basic_string<char, std::char_traits<char>, std::allocator<char> > >, std::_Select1st<std::pair<unsigned int const, std::__cxx11::basic_string<char, std::char_traits<char>, std::allocator<char> > > >, std::less<unsigned int>, std::allocator<std::pair<unsigned int const, std::__cxx11::basic_string<char, std::char_traits<char>, std::allocator<char> > > > >::_M_clone_node<false, std::_Rb_tree<unsigned int, std::pair<unsigned int const, std::__cxx11::basic_string<char, std::char_traits<char>, std::allocator<char> > >, std::_Select1st<std::pair<unsigned int const, std::__cxx11::basic_string<char, std::char_traits<char>, std::allocator<char> > > >, std::less<unsigned int>, std::allocator<std::pair<unsigned int const, std::__cxx11::basic_string<char, std::char_traits<char>, std::allocator<char> > > > >::_Alloc_node>(std::_Rb_tree_node<std::pair<unsigned int const, std::__cxx11::basic_string<char, std::char_traits<char>, std::allocator<char> > > >*, std::_Rb_tree<unsigned int, std::pair<unsigned int const, std::__cxx11::basic_string<char, std::char_traits<char>, std::allocator<char> > >, std::_Select1st<std::pair<unsigned int const, std::__cxx11::basic_string<char, std::char_traits<char>, std::allocator<char> > > >, std::less<unsigned int>, std::allocator<std::pair<unsigned int const, std::__cxx11::basic_string<char, std::char_traits<char>, std::allocator<char> > > > >::_Alloc_node&) (stl_tree.h:1287)
==22141==    by 0x4017211: std::_Rb_tree_node_base* std::_Rb_tree<unsigned int, std::pair<unsigned int const, std::__cxx11::basic_string<char, std::char_traits<char>, std::allocator<char> > >, std::_Select1st<std::pair<unsigned int const, std::__cxx11::basic_string<char, std::char_traits<char>, std::allocator<char> > > >, std::less<unsigned int>, std::allocator<std::pair<unsigned int const, std::__cxx11::basic_string<char, std::char_traits<char>, std::allocator<char> > > > >::_M_copy<false, std::_Rb_tree<unsigned int, std::pair<unsigned int const, std::__cxx11::basic_string<char, std::char_traits<char>, std::allocator<char> > >, std::_Select1st<std::pair<unsigned int const, std::__cxx11::basic_string<char, std::char_traits<char>, std::allocator<char> > > >, std::less<unsigned int>, std::allocator<std::pair<unsigned int const, std::__cxx11::basic_string<char, std::char_traits<char>, std::allocator<char> > > > >::_Alloc_node>(std::_Rb_tree_node<std::pair<unsigned int const, std::__cxx11::basic_string<char, std::char_traits<char>, std::allocator<char> > > >*, std::_Rb_tree_node_base*, std::_Rb_tree<unsigned int, std::pair<unsigned int const, std::__cxx11::basic_string<char, std::char_traits<char>, std::allocator<char> > >, std::_Select1st<std::pair<unsigned int const, std::__cxx11::basic_string<char, std::char_traits<char>, std::allocator<char> > > >, std::less<unsigned int>, std::allocator<std::pair<unsigned int const, std::__cxx11::basic_string<char, std::char_traits<char>, std::allocator<char> > > > >::_Alloc_node&) (stl_tree.h:2561)
==22141==    by 0x4016CDC: std::_Rb_tree_node_base* std::_Rb_tree<unsigned int, std::pair<unsigned int const, std::__cxx11::basic_string<char, std::char_traits<char>, std::allocator<char> > >, std::_Select1st<std::pair<unsigned int const, std::__cxx11::basic_string<char, std::char_traits<char>, std::allocator<char> > > >, std::less<unsigned int>, std::allocator<std::pair<unsigned int const, std::__cxx11::basic_string<char, std::char_traits<char>, std::allocator<char> > > > >::_M_copy<false, std::_Rb_tree<unsigned int, std::pair<unsigned int const, std::__cxx11::basic_string<char, std::char_traits<char>, std::allocator<char> > >, std::_Select1st<std::pair<unsigned int const, std::__cxx11::basic_string<char, std::char_traits<char>, std::allocator<char> > > >, std::less<unsigned int>, std::allocator<std::pair<unsigned int const, std::__cxx11::basic_string<char, std::char_traits<char>, std::allocator<char> > > > >::_Alloc_node>(std::_Rb_tree<unsigned int, std::pair<unsigned int const, std::__cxx11::basic_string<char, std::char_traits<char>, std::allocator<char> > >, std::_Select1st<std::pair<unsigned int const, std::__cxx11::basic_string<char, std::char_traits<char>, std::allocator<char> > > >, std::less<unsigned int>, std::allocator<std::pair<unsigned int const, std::__cxx11::basic_string<char, std::char_traits<char>, std::allocator<char> > > > > const&, std::_Rb_tree<unsigned int, std::pair<unsigned int const, std::__cxx11::basic_string<char, std::char_traits<char>, std::allocator<char> > >, std::_Select1st<std::pair<unsigned int const, std::__cxx11::basic_string<char, std::char_traits<char>, std::allocator<char> > > >, std::less<unsigned int>, std::allocator<std::pair<unsigned int const, std::__cxx11::basic_string<char, std::char_traits<char>, std::allocator<char> > > > >::_Alloc_node&) (stl_tree.h:1523)
==22141==    by 0x40165AE: std::_Rb_tree<unsigned int, std::pair<unsigned int const, std::__cxx11::basic_string<char, std::char_traits<char>, std::allocator<char> > >, std::_Select1st<std::pair<unsigned int const, std::__cxx11::basic_string<char, std::char_traits<char>, std::allocator<char> > > >, std::less<unsigned int>, std::allocator<std::pair<unsigned int const, std::__cxx11::basic_string<char, std::char_traits<char>, std::allocator<char> > > > >::_M_copy(std::_Rb_tree<unsigned int, std::pair<unsigned int const, std::__cxx11::basic_string<char, std::char_traits<char>, std::allocator<char> > >, std::_Select1st<std::pair<unsigned int const, std::__cxx11::basic_string<char, std::char_traits<char>, std::allocator<char> > > >, std::less<unsigned int>, std::allocator<std::pair<unsigned int const, std::__cxx11::basic_string<char, std::char_traits<char>, std::allocator<char> > > > > const&) (stl_tree.h:1534)
==22141==    by 0x40158BD: std::_Rb_tree<unsigned int, std::pair<unsigned int const, std::__cxx11::basic_string<char, std::char_traits<char>, std::allocator<char> > >, std::_Select1st<std::pair<unsigned int const, std::__cxx11::basic_string<char, std::char_traits<char>, std::allocator<char> > > >, std::less<unsigned int>, std::allocator<std::pair<unsigned int const, std::__cxx11::basic_string<char, std::char_traits<char>, std::allocator<char> > > > >::_Rb_tree(std::_Rb_tree<unsigned int, std::pair<unsigned int const, std::__cxx11::basic_string<char, std::char_traits<char>, std::allocator<char> > >, std::_Select1st<std::pair<unsigned int const, std::__cxx11::basic_string<char, std::char_traits<char>, std::allocator<char> > > >, std::less<unsigned int>, std::allocator<std::pair<unsigned int const, std::__cxx11::basic_string<char, std::char_traits<char>, std::allocator<char> > > > > const&) (stl_tree.h:1564)
==22141==    by 0x4014CF2: std::map<unsigned int, std::__cxx11::basic_string<char, std::char_traits<char>, std::allocator<char> >, std::less<unsigned int>, std::allocator<std::pair<unsigned int const, std::__cxx11::basic_string<char, std::char_traits<char>, std::allocator<char> > > > >::map(std::map<unsigned int, std::__cxx11::basic_string<char, std::char_traits<char>, std::allocator<char> >, std::less<unsigned int>, std::allocator<std::pair<unsigned int const, std::__cxx11::basic_string<char, std::char_traits<char>, std::allocator<char> > > > > const&) (stl_map.h:220)
==22141==    by 0x40146BC: Server::Server(Server const&) (Server.hpp:12)
==22141== 
==22141== 72 bytes in 1 blocks are still reachable in loss record 32 of 80
==22141==    at 0x48B1FD3: operator new(unsigned long) (vg_replace_malloc.c:487)
==22141==    by 0x4013B19: std::__new_allocator<std::_Rb_tree_node<std::pair<unsigned int const, std::__cxx11::basic_string<char, std::char_traits<char>, std::allocator<char> > > > >::allocate(unsigned long, void const*) (new_allocator.h:151)
==22141==    by 0x4013AA3: allocate (alloc_traits.h:142)
==22141==    by 0x4013AA3: std::_Rb_tree<unsigned int, std::pair<unsigned int const, std::__cxx11::basic_string<char, std::char_traits<char>, std::allocator<char> > >, std::_Select1st<std::pair<unsigned int const, std::__cxx11::basic_string<char, std::char_traits<char>, std::allocator<char> > > >, std::less<unsigned int>, std::allocator<std::pair<unsigned int const, std::__cxx11::basic_string<char, std::char_traits<char>, std::allocator<char> > > > >::_M_get_node() (stl_tree.h:1170)
==22141==    by 0x40139B3: std::_Rb_tree<unsigned int, std::pair<unsigned int const, std::__cxx11::basic_string<char, std::char_traits<char>, std::allocator<char> > >, std::_Select1st<std::pair<unsigned int const, std::__cxx11::basic_string<char, std::char_traits<char>, std::allocator<char> > > >, std::less<unsigned int>, std::allocator<std::pair<unsigned int const, std::__cxx11::basic_string<char, std::char_traits<char>, std::allocator<char> > > > >::_M_create_node(std::pair<unsigned int const, std::__cxx11::basic_string<char, std::char_traits<char>, std::allocator<char> > > const&) (stl_tree.h:1225)
==22141==    by 0x401325D: std::_Rb_tree_node<std::pair<unsigned int const, std::__cxx11::basic_string<char, std::char_traits<char>, std::allocator<char> > > >* std::_Rb_tree<unsigned int, std::pair<unsigned int const, std::__cxx11::basic_string<char, std::char_traits<char>, std::allocator<char> > >, std::_Select1st<std::pair<unsigned int const, std::__cxx11::basic_string<char, std::char_traits<char>, std::allocator<char> > > >, std::less<unsigned int>, std::allocator<std::pair<unsigned int const, std::__cxx11::basic_string<char, std::char_traits<char>, std::allocator<char> > > > >::_Reuse_or_alloc_node::operator()<std::pair<unsigned int const, std::__cxx11::basic_string<char, std::char_traits<char>, std::allocator<char> > > >(std::pair<unsigned int const, std::__cxx11::basic_string<char, std::char_traits<char>, std::allocator<char> > > const&) (stl_tree.h:1083)
==22141==    by 0x401205F: std::_Rb_tree_node<std::pair<unsigned int const, std::__cxx11::basic_string<char, std::char_traits<char>, std::allocator<char> > > >* std::_Rb_tree<unsigned int, std::pair<unsigned int const, std::__cxx11::basic_string<char, std::char_traits<char>, std::allocator<char> > >, std::_Select1st<std::pair<unsigned int const, std::__cxx11::basic_string<char, std::char_traits<char>, std::allocator<char> > > >, std::less<unsigned int>, std::allocator<std::pair<unsigned int const, std::__cxx11::basic_string<char, std::char_traits<char>, std::allocator<char> > > > >::_M_clone_node<false, std::_Rb_tree<unsigned int, std::pair<unsigned int const, std::__cxx11::basic_string<char, std::char_traits<char>, std::allocator<char> > >, std::_Select1st<std::pair<unsigned int const, std::__cxx11::basic_string<char, std::char_traits<char>, std::allocator<char> > > >, std::less<unsigned int>, std::allocator<std::pair<unsigned int const, std::__cxx11::basic_string<char, std::char_traits<char>, std::allocator<char> > > > >::_Reuse_or_alloc_node>(std::_Rb_tree_node<std::pair<unsigned int const, std::__cxx11::basic_string<char, std::char_traits<char>, std::allocator<char> > > >*, std::_Rb_tree<unsigned int, std::pair<unsigned int const, std::__cxx11::basic_string<char, std::char_traits<char>, std::allocator<char> > >, std::_Select1st<std::pair<unsigned int const, std::__cxx11::basic_string<char, std::char_traits<char>, std::allocator<char> > > >, std::less<unsigned int>, std::allocator<std::pair<unsigned int const, std::__cxx11::basic_string<char, std::char_traits<char>, std::allocator<char> > > > >::_Reuse_or_alloc_node&) (stl_tree.h:1287)
==22141==    by 0x401114D: std::_Rb_tree_node_base* std::_Rb_tree<unsigned int, std::pair<unsigned int const, std::__cxx11::basic_string<char, std::char_traits<char>, std::allocator<char> > >, std::_Select1st<std::pair<unsigned int const, std::__cxx11::basic_string<char, std::char_traits<char>, std::allocator<char> > > >, std::less<unsigned int>, std::allocator<std::pair<unsigned int const, std::__cxx11::basic_string<char, std::char_traits<char>, std::allocator<char> > > > >::_M_copy<false, std::_Rb_tree<unsigned int, std::pair<unsigned int const, std::__cxx11::basic_string<char, std::char_traits<char>, std::allocator<char> > >, std::_Select1st<std::pair<unsigned int const, std::__cxx11::basic_string<char, std::char_traits<char>, std::allocator<char> > > >, std::less<unsigned int>, std::allocator<std::pair<unsigned int const, std::__cxx11::basic_string<char, std::char_traits<char>, std::allocator<char> > > > >::_Reuse_or_alloc_node>(std::_Rb_tree_node<std::pair<unsigned int const, std::__cxx11::basic_string<char, std::char_traits<char>, std::allocator<char> > > >*, std::_Rb_tree_node_base*, std::_Rb_tree<unsigned int, std::pair<unsigned int const, std::__cxx11::basic_string<char, std::char_traits<char>, std::allocator<char> > >, std::_Select1st<std::pair<unsigned int const, std::__cxx11::basic_string<char, std::char_traits<char>, std::allocator<char> > > >, std::less<unsigned int>, std::allocator<std::pair<unsigned int const, std::__cxx11::basic_string<char, std::char_traits<char>, std::allocator<char> > > > >::_Reuse_or_alloc_node&) (stl_tree.h:2546)
==22141==    by 0x400FCEC: std::_Rb_tree_node_base* std::_Rb_tree<unsigned int, std::pair<unsigned int const, std::__cxx11::basic_string<char, std::char_traits<char>, std::allocator<char> > >, std::_Select1st<std::pair<unsigned int const, std::__cxx11::basic_string<char, std::char_traits<char>, std::allocator<char> > > >, std::less<unsigned int>, std::allocator<std::pair<unsigned int const, std::__cxx11::basic_string<char, std::char_traits<char>, std::allocator<char> > > > >::_M_copy<false, std::_Rb_tree<unsigned int, std::pair<unsigned int const, std::__cxx11::basic_string<char, std::char_traits<char>, std::allocator<char> > >, std::_Select1st<std::pair<unsigned int const, std::__cxx11::basic_string<char, std::char_traits<char>, std::allocator<char> > > >, std::less<unsigned int>, std::allocator<std::pair<unsigned int const, std::__cxx11::basic_string<char, std::char_traits<char>, std::allocator<char> > > > >::_Reuse_or_alloc_node>(std::_Rb_tree<unsigned int, std::pair<unsigned int const, std::__cxx11::basic_string<char, std::char_traits<char>, std::allocator<char> > >, std::_Select1st<std::pair<unsigned int const, std::__cxx11::basic_string<char, std::char_traits<char>, std::allocator<char> > > >, std::less<unsigned int>, std::allocator<std::pair<unsigned int const, std::__cxx11::basic_string<char, std::char_traits<char>, std::allocator<char> > > > > const&, std::_Rb_tree<unsigned int, std::pair<unsigned int const, std::__cxx11::basic_string<char, std::char_traits<char>, std::allocator<char> > >, std::_Select1st<std::pair<unsigned int const, std::__cxx11::basic_string<char, std::char_traits<char>, std::allocator<char> > > >, std::less<unsigned int>, std::allocator<std::pair<unsigned int const, std::__cxx11::basic_string<char, std::char_traits<char>, std::allocator<char> > > > >::_Reuse_or_alloc_node&) (stl_tree.h:1523)
==22141==    by 0x400D599: std::_Rb_tree<unsigned int, std::pair<unsigned int const, std::__cxx11::basic_string<char, std::char_traits<char>, std::allocator<char> > >, std::_Select1st<std::pair<unsigned int const, std::__cxx11::basic_string<char, std::char_traits<char>, std::allocator<char> > > >, std::less<unsigned int>, std::allocator<std::pair<unsigned int const, std::__cxx11::basic_string<char, std::char_traits<char>, std::allocator<char> > > > >::operator=(std::_Rb_tree<unsigned int, std::pair<unsigned int const, std::__cxx11::basic_string<char, std::char_traits<char>, std::allocator<char> > >, std::_Select1st<std::pair<unsigned int const, std::__cxx11::basic_string<char, std::char_traits<char>, std::allocator<char> > > >, std::less<unsigned int>, std::allocator<std::pair<unsigned int const, std::__cxx11::basic_string<char, std::char_traits<char>, std::allocator<char> > > > > const&) (stl_tree.h:2453)
==22141==    by 0x400B242: std::map<unsigned int, std::__cxx11::basic_string<char, std::char_traits<char>, std::allocator<char> >, std::less<unsigned int>, std::allocator<std::pair<unsigned int const, std::__cxx11::basic_string<char, std::char_traits<char>, std::allocator<char> > > > >::operator=(std::map<unsigned int, std::__cxx11::basic_string<char, std::char_traits<char>, std::allocator<char> >, std::less<unsigned int>, std::allocator<std::pair<unsigned int const, std::__cxx11::basic_string<char, std::char_traits<char>, std::allocator<char> > > > > const&) (stl_map.h:349)
==22141==    by 0x40073C9: Server::operator=(Server const&) (Server.cpp:29)
==22141==    by 0x401C2C4: Loop::_createMapServer(std::vector<Server, std::allocator<Server> >) (Loop.cpp:79)
==22141== 
==22141== 72 bytes in 1 blocks are still reachable in loss record 33 of 80
==22141==    at 0x48B1FD3: operator new(unsigned long) (vg_replace_malloc.c:487)
==22141==    by 0x4013B19: std::__new_allocator<std::_Rb_tree_node<std::pair<unsigned int const, std::__cxx11::basic_string<char, std::char_traits<char>, std::allocator<char> > > > >::allocate(unsigned long, void const*) (new_allocator.h:151)
==22141==    by 0x4013AA3: allocate (alloc_traits.h:142)
==22141==    by 0x4013AA3: std::_Rb_tree<unsigned int, std::pair<unsigned int const, std::__cxx11::basic_string<char, std::char_traits<char>, std::allocator<char> > >, std::_Select1st<std::pair<unsigned int const, std::__cxx11::basic_string<char, std::char_traits<char>, std::allocator<char> > > >, std::less<unsigned int>, std::allocator<std::pair<unsigned int const, std::__cxx11::basic_string<char, std::char_traits<char>, std::allocator<char> > > > >::_M_get_node() (stl_tree.h:1170)
==22141==    by 0x40139B3: std::_Rb_tree<unsigned int, std::pair<unsigned int const, std::__cxx11::basic_string<char, std::char_traits<char>, std::allocator<char> > >, std::_Select1st<std::pair<unsigned int const, std::__cxx11::basic_string<char, std::char_traits<char>, std::allocator<char> > > >, std::less<unsigned int>, std::allocator<std::pair<unsigned int const, std::__cxx11::basic_string<char, std::char_traits<char>, std::allocator<char> > > > >::_M_create_node(std::pair<unsigned int const, std::__cxx11::basic_string<char, std::char_traits<char>, std::allocator<char> > > const&) (stl_tree.h:1225)
==22141==    by 0x401325D: std::_Rb_tree_node<std::pair<unsigned int const, std::__cxx11::basic_string<char, std::char_traits<char>, std::allocator<char> > > >* std::_Rb_tree<unsigned int, std::pair<unsigned int const, std::__cxx11::basic_string<char, std::char_traits<char>, std::allocator<char> > >, std::_Select1st<std::pair<unsigned int const, std::__cxx11::basic_string<char, std::char_traits<char>, std::allocator<char> > > >, std::less<unsigned int>, std::allocator<std::pair<unsigned int const, std::__cxx11::basic_string<char, std::char_traits<char>, std::allocator<char> > > > >::_Reuse_or_alloc_node::operator()<std::pair<unsigned int const, std::__cxx11::basic_string<char, std::char_traits<char>, std::allocator<char> > > >(std::pair<unsigned int const, std::__cxx11::basic_string<char, std::char_traits<char>, std::allocator<char> > > const&) (stl_tree.h:1083)
==22141==    by 0x401205F: std::_Rb_tree_node<std::pair<unsigned int const, std::__cxx11::basic_string<char, std::char_traits<char>, std::allocator<char> > > >* std::_Rb_tree<unsigned int, std::pair<unsigned int const, std::__cxx11::basic_string<char, std::char_traits<char>, std::allocator<char> > >, std::_Select1st<std::pair<unsigned int const, std::__cxx11::basic_string<char, std::char_traits<char>, std::allocator<char> > > >, std::less<unsigned int>, std::allocator<std::pair<unsigned int const, std::__cxx11::basic_string<char, std::char_traits<char>, std::allocator<char> > > > >::_M_clone_node<false, std::_Rb_tree<unsigned int, std::pair<unsigned int const, std::__cxx11::basic_string<char, std::char_traits<char>, std::allocator<char> > >, std::_Select1st<std::pair<unsigned int const, std::__cxx11::basic_string<char, std::char_traits<char>, std::allocator<char> > > >, std::less<unsigned int>, std::allocator<std::pair<unsigned int const, std::__cxx11::basic_string<char, std::char_traits<char>, std::allocator<char> > > > >::_Reuse_or_alloc_node>(std::_Rb_tree_node<std::pair<unsigned int const, std::__cxx11::basic_string<char, std::char_traits<char>, std::allocator<char> > > >*, std::_Rb_tree<unsigned int, std::pair<unsigned int const, std::__cxx11::basic_string<char, std::char_traits<char>, std::allocator<char> > >, std::_Select1st<std::pair<unsigned int const, std::__cxx11::basic_string<char, std::char_traits<char>, std::allocator<char> > > >, std::less<unsigned int>, std::allocator<std::pair<unsigned int const, std::__cxx11::basic_string<char, std::char_traits<char>, std::allocator<char> > > > >::_Reuse_or_alloc_node&) (stl_tree.h:1287)
==22141==    by 0x401114D: std::_Rb_tree_node_base* std::_Rb_tree<unsigned int, std::pair<unsigned int const, std::__cxx11::basic_string<char, std::char_traits<char>, std::allocator<char> > >, std::_Select1st<std::pair<unsigned int const, std::__cxx11::basic_string<char, std::char_traits<char>, std::allocator<char> > > >, std::less<unsigned int>, std::allocator<std::pair<unsigned int const, std::__cxx11::basic_string<char, std::char_traits<char>, std::allocator<char> > > > >::_M_copy<false, std::_Rb_tree<unsigned int, std::pair<unsigned int const, std::__cxx11::basic_string<char, std::char_traits<char>, std::allocator<char> > >, std::_Select1st<std::pair<unsigned int const, std::__cxx11::basic_string<char, std::char_traits<char>, std::allocator<char> > > >, std::less<unsigned int>, std::allocator<std::pair<unsigned int const, std::__cxx11::basic_string<char, std::char_traits<char>, std::allocator<char> > > > >::_Reuse_or_alloc_node>(std::_Rb_tree_node<std::pair<unsigned int const, std::__cxx11::basic_string<char, std::char_traits<char>, std::allocator<char> > > >*, std::_Rb_tree_node_base*, std::_Rb_tree<unsigned int, std::pair<unsigned int const, std::__cxx11::basic_string<char, std::char_traits<char>, std::allocator<char> > >, std::_Select1st<std::pair<unsigned int const, std::__cxx11::basic_string<char, std::char_traits<char>, std::allocator<char> > > >, std::less<unsigned int>, std::allocator<std::pair<unsigned int const, std::__cxx11::basic_string<char, std::char_traits<char>, std::allocator<char> > > > >::_Reuse_or_alloc_node&) (stl_tree.h:2546)
==22141==    by 0x401119D: std::_Rb_tree_node_base* std::_Rb_tree<unsigned int, std::pair<unsigned int const, std::__cxx11::basic_string<char, std::char_traits<char>, std::allocator<char> > >, std::_Select1st<std::pair<unsigned int const, std::__cxx11::basic_string<char, std::char_traits<char>, std::allocator<char> > > >, std::less<unsigned int>, std::allocator<std::pair<unsigned int const, std::__cxx11::basic_string<char, std::char_traits<char>, std::allocator<char> > > > >::_M_copy<false, std::_Rb_tree<unsigned int, std::pair<unsigned int const, std::__cxx11::basic_string<char, std::char_traits<char>, std::allocator<char> > >, std::_Select1st<std::pair<unsigned int const, std::__cxx11::basic_string<char, std::char_traits<char>, std::allocator<char> > > >, std::less<unsigned int>, std::allocator<std::pair<unsigned int const, std::__cxx11::basic_string<char, std::char_traits<char>, std::allocator<char> > > > >::_Reuse_or_alloc_node>(std::_Rb_tree_node<std::pair<unsigned int const, std::__cxx11::basic_string<char, std::char_traits<char>, std::allocator<char> > > >*, std::_Rb_tree_node_base*, std::_Rb_tree<unsigned int, std::pair<unsigned int const, std::__cxx11::basic_string<char, std::char_traits<char>, std::allocator<char> > >, std::_Select1st<std::pair<unsigned int const, std::__cxx11::basic_string<char, std::char_traits<char>, std::allocator<char> > > >, std::less<unsigned int>, std::allocator<std::pair<unsigned int const, std::__cxx11::basic_string<char, std::char_traits<char>, std::allocator<char> > > > >::_Reuse_or_alloc_node&) (stl_tree.h:2554)
==22141==    by 0x400FCEC: std::_Rb_tree_node_base* std::_Rb_tree<unsigned int, std::pair<unsigned int const, std::__cxx11::basic_string<char, std::char_traits<char>, std::allocator<char> > >, std::_Select1st<std::pair<unsigned int const, std::__cxx11::basic_string<char, std::char_traits<char>, std::allocator<char> > > >, std::less<unsigned int>, std::allocator<std::pair<unsigned int const, std::__cxx11::basic_string<char, std::char_traits<char>, std::allocator<char> > > > >::_M_copy<false, std::_Rb_tree<unsigned int, std::pair<unsigned int const, std::__cxx11::basic_string<char, std::char_traits<char>, std::allocator<char> > >, std::_Select1st<std::pair<unsigned int const, std::__cxx11::basic_string<char, std::char_traits<char>, std::allocator<char> > > >, std::less<unsigned int>, std::allocator<std::pair<unsigned int const, std::__cxx11::basic_string<char, std::char_traits<char>, std::allocator<char> > > > >::_Reuse_or_alloc_node>(std::_Rb_tree<unsigned int, std::pair<unsigned int const, std::__cxx11::basic_string<char, std::char_traits<char>, std::allocator<char> > >, std::_Select1st<std::pair<unsigned int const, std::__cxx11::basic_string<char, std::char_traits<char>, std::allocator<char> > > >, std::less<unsigned int>, std::allocator<std::pair<unsigned int const, std::__cxx11::basic_string<char, std::char_traits<char>, std::allocator<char> > > > > const&, std::_Rb_tree<unsigned int, std::pair<unsigned int const, std::__cxx11::basic_string<char, std::char_traits<char>, std::allocator<char> > >, std::_Select1st<std::pair<unsigned int const, std::__cxx11::basic_string<char, std::char_traits<char>, std::allocator<char> > > >, std::less<unsigned int>, std::allocator<std::pair<unsigned int const, std::__cxx11::basic_string<char, std::char_traits<char>, std::allocator<char> > > > >::_Reuse_or_alloc_node&) (stl_tree.h:1523)
==22141==    by 0x400D599: std::_Rb_tree<unsigned int, std::pair<unsigned int const, std::__cxx11::basic_string<char, std::char_traits<char>, std::allocator<char> > >, std::_Select1st<std::pair<unsigned int const, std::__cxx11::basic_string<char, std::char_traits<char>, std::allocator<char> > > >, std::less<unsigned int>, std::allocator<std::pair<unsigned int const, std::__cxx11::basic_string<char, std::char_traits<char>, std::allocator<char> > > > >::operator=(std::_Rb_tree<unsigned int, std::pair<unsigned int const, std::__cxx11::basic_string<char, std::char_traits<char>, std::allocator<char> > >, std::_Select1st<std::pair<unsigned int const, std::__cxx11::basic_string<char, std::char_traits<char>, std::allocator<char> > > >, std::less<unsigned int>, std::allocator<std::pair<unsigned int const, std::__cxx11::basic_string<char, std::char_traits<char>, std::allocator<char> > > > > const&) (stl_tree.h:2453)
==22141==    by 0x400B242: std::map<unsigned int, std::__cxx11::basic_string<char, std::char_traits<char>, std::allocator<char> >, std::less<unsigned int>, std::allocator<std::pair<unsigned int const, std::__cxx11::basic_string<char, std::char_traits<char>, std::allocator<char> > > > >::operator=(std::map<unsigned int, std::__cxx11::basic_string<char, std::char_traits<char>, std::allocator<char> >, std::less<unsigned int>, std::allocator<std::pair<unsigned int const, std::__cxx11::basic_string<char, std::char_traits<char>, std::allocator<char> > > > > const&) (stl_map.h:349)
==22141==    by 0x40073C9: Server::operator=(Server const&) (Server.cpp:29)
==22141== 
==22141== 72 bytes in 1 blocks are still reachable in loss record 34 of 80
==22141==    at 0x48B1FD3: operator new(unsigned long) (vg_replace_malloc.c:487)
==22141==    by 0x4013B19: std::__new_allocator<std::_Rb_tree_node<std::pair<unsigned int const, std::__cxx11::basic_string<char, std::char_traits<char>, std::allocator<char> > > > >::allocate(unsigned long, void const*) (new_allocator.h:151)
==22141==    by 0x4013AA3: allocate (alloc_traits.h:142)
==22141==    by 0x4013AA3: std::_Rb_tree<unsigned int, std::pair<unsigned int const, std::__cxx11::basic_string<char, std::char_traits<char>, std::allocator<char> > >, std::_Select1st<std::pair<unsigned int const, std::__cxx11::basic_string<char, std::char_traits<char>, std::allocator<char> > > >, std::less<unsigned int>, std::allocator<std::pair<unsigned int const, std::__cxx11::basic_string<char, std::char_traits<char>, std::allocator<char> > > > >::_M_get_node() (stl_tree.h:1170)
==22141==    by 0x40139B3: std::_Rb_tree<unsigned int, std::pair<unsigned int const, std::__cxx11::basic_string<char, std::char_traits<char>, std::allocator<char> > >, std::_Select1st<std::pair<unsigned int const, std::__cxx11::basic_string<char, std::char_traits<char>, std::allocator<char> > > >, std::less<unsigned int>, std::allocator<std::pair<unsigned int const, std::__cxx11::basic_string<char, std::char_traits<char>, std::allocator<char> > > > >::_M_create_node(std::pair<unsigned int const, std::__cxx11::basic_string<char, std::char_traits<char>, std::allocator<char> > > const&) (stl_tree.h:1225)
==22141==    by 0x401325D: std::_Rb_tree_node<std::pair<unsigned int const, std::__cxx11::basic_string<char, std::char_traits<char>, std::allocator<char> > > >* std::_Rb_tree<unsigned int, std::pair<unsigned int const, std::__cxx11::basic_string<char, std::char_traits<char>, std::allocator<char> > >, std::_Select1st<std::pair<unsigned int const, std::__cxx11::basic_string<char, std::char_traits<char>, std::allocator<char> > > >, std::less<unsigned int>, std::allocator<std::pair<unsigned int const, std::__cxx11::basic_string<char, std::char_traits<char>, std::allocator<char> > > > >::_Reuse_or_alloc_node::operator()<std::pair<unsigned int const, std::__cxx11::basic_string<char, std::char_traits<char>, std::allocator<char> > > >(std::pair<unsigned int const, std::__cxx11::basic_string<char, std::char_traits<char>, std::allocator<char> > > const&) (stl_tree.h:1083)
==22141==    by 0x401205F: std::_Rb_tree_node<std::pair<unsigned int const, std::__cxx11::basic_string<char, std::char_traits<char>, std::allocator<char> > > >* std::_Rb_tree<unsigned int, std::pair<unsigned int const, std::__cxx11::basic_string<char, std::char_traits<char>, std::allocator<char> > >, std::_Select1st<std::pair<unsigned int const, std::__cxx11::basic_string<char, std::char_traits<char>, std::allocator<char> > > >, std::less<unsigned int>, std::allocator<std::pair<unsigned int const, std::__cxx11::basic_string<char, std::char_traits<char>, std::allocator<char> > > > >::_M_clone_node<false, std::_Rb_tree<unsigned int, std::pair<unsigned int const, std::__cxx11::basic_string<char, std::char_traits<char>, std::allocator<char> > >, std::_Select1st<std::pair<unsigned int const, std::__cxx11::basic_string<char, std::char_traits<char>, std::allocator<char> > > >, std::less<unsigned int>, std::allocator<std::pair<unsigned int const, std::__cxx11::basic_string<char, std::char_traits<char>, std::allocator<char> > > > >::_Reuse_or_alloc_node>(std::_Rb_tree_node<std::pair<unsigned int const, std::__cxx11::basic_string<char, std::char_traits<char>, std::allocator<char> > > >*, std::_Rb_tree<unsigned int, std::pair<unsigned int const, std::__cxx11::basic_string<char, std::char_traits<char>, std::allocator<char> > >, std::_Select1st<std::pair<unsigned int const, std::__cxx11::basic_string<char, std::char_traits<char>, std::allocator<char> > > >, std::less<unsigned int>, std::allocator<std::pair<unsigned int const, std::__cxx11::basic_string<char, std::char_traits<char>, std::allocator<char> > > > >::_Reuse_or_alloc_node&) (stl_tree.h:1287)
==22141==    by 0x40111D9: std::_Rb_tree_node_base* std::_Rb_tree<unsigned int, std::pair<unsigned int const, std::__cxx11::basic_string<char, std::char_traits<char>, std::allocator<char> > >, std::_Select1st<std::pair<unsigned int const, std::__cxx11::basic_string<char, std::char_traits<char>, std::allocator<char> > > >, std::less<unsigned int>, std::allocator<std::pair<unsigned int const, std::__cxx11::basic_string<char, std::char_traits<char>, std::allocator<char> > > > >::_M_copy<false, std::_Rb_tree<unsigned int, std::pair<unsigned int const, std::__cxx11::basic_string<char, std::char_traits<char>, std::allocator<char> > >, std::_Select1st<std::pair<unsigned int const, std::__cxx11::basic_string<char, std::char_traits<char>, std::allocator<char> > > >, std::less<unsigned int>, std::allocator<std::pair<unsigned int const, std::__cxx11::basic_string<char, std::char_traits<char>, std::allocator<char> > > > >::_Reuse_or_alloc_node>(std::_Rb_tree_node<std::pair<unsigned int const, std::__cxx11::basic_string<char, std::char_traits<char>, std::allocator<char> > > >*, std::_Rb_tree_node_base*, std::_Rb_tree<unsigned int, std::pair<unsigned int const, std::__cxx11::basic_string<char, std::char_traits<char>, std::allocator<char> > >, std::_Select1st<std::pair<unsigned int const, std::__cxx11::basic_string<char, std::char_traits<char>, std::allocator<char> > > >, std::less<unsigned int>, std::allocator<std::pair<unsigned int const, std::__cxx11::basic_string<char, std::char_traits<char>, std::allocator<char> > > > >::_Reuse_or_alloc_node&) (stl_tree.h:2561)
==22141==    by 0x400FCEC: std::_Rb_tree_node_base* std::_Rb_tree<unsigned int, std::pair<unsigned int const, std::__cxx11::basic_string<char, std::char_traits<char>, std::allocator<char> > >, std::_Select1st<std::pair<unsigned int const, std::__cxx11::basic_string<char, std::char_traits<char>, std::allocator<char> > > >, std::less<unsigned int>, std::allocator<std::pair<unsigned int const, std::__cxx11::basic_string<char, std::char_traits<char>, std::allocator<char> > > > >::_M_copy<false, std::_Rb_tree<unsigned int, std::pair<unsigned int const, std::__cxx11::basic_string<char, std::char_traits<char>, std::allocator<char> > >, std::_Select1st<std::pair<unsigned int const, std::__cxx11::basic_string<char, std::char_traits<char>, std::allocator<char> > > >, std::less<unsigned int>, std::allocator<std::pair<unsigned int const, std::__cxx11::basic_string<char, std::char_traits<char>, std::allocator<char> > > > >::_Reuse_or_alloc_node>(std::_Rb_tree<unsigned int, std::pair<unsigned int const, std::__cxx11::basic_string<char, std::char_traits<char>, std::allocator<char> > >, std::_Select1st<std::pair<unsigned int const, std::__cxx11::basic_string<char, std::char_traits<char>, std::allocator<char> > > >, std::less<unsigned int>, std::allocator<std::pair<unsigned int const, std::__cxx11::basic_string<char, std::char_traits<char>, std::allocator<char> > > > > const&, std::_Rb_tree<unsigned int, std::pair<unsigned int const, std::__cxx11::basic_string<char, std::char_traits<char>, std::allocator<char> > >, std::_Select1st<std::pair<unsigned int const, std::__cxx11::basic_string<char, std::char_traits<char>, std::allocator<char> > > >, std::less<unsigned int>, std::allocator<std::pair<unsigned int const, std::__cxx11::basic_string<char, std::char_traits<char>, std::allocator<char> > > > >::_Reuse_or_alloc_node&) (stl_tree.h:1523)
==22141==    by 0x400D599: std::_Rb_tree<unsigned int, std::pair<unsigned int const, std::__cxx11::basic_string<char, std::char_traits<char>, std::allocator<char> > >, std::_Select1st<std::pair<unsigned int const, std::__cxx11::basic_string<char, std::char_traits<char>, std::allocator<char> > > >, std::less<unsigned int>, std::allocator<std::pair<unsigned int const, std::__cxx11::basic_string<char, std::char_traits<char>, std::allocator<char> > > > >::operator=(std::_Rb_tree<unsigned int, std::pair<unsigned int const, std::__cxx11::basic_string<char, std::char_traits<char>, std::allocator<char> > >, std::_Select1st<std::pair<unsigned int const, std::__cxx11::basic_string<char, std::char_traits<char>, std::allocator<char> > > >, std::less<unsigned int>, std::allocator<std::pair<unsigned int const, std::__cxx11::basic_string<char, std::char_traits<char>, std::allocator<char> > > > > const&) (stl_tree.h:2453)
==22141==    by 0x400B242: std::map<unsigned int, std::__cxx11::basic_string<char, std::char_traits<char>, std::allocator<char> >, std::less<unsigned int>, std::allocator<std::pair<unsigned int const, std::__cxx11::basic_string<char, std::char_traits<char>, std::allocator<char> > > > >::operator=(std::map<unsigned int, std::__cxx11::basic_string<char, std::char_traits<char>, std::allocator<char> >, std::less<unsigned int>, std::allocator<std::pair<unsigned int const, std::__cxx11::basic_string<char, std::char_traits<char>, std::allocator<char> > > > > const&) (stl_map.h:349)
==22141==    by 0x40073C9: Server::operator=(Server const&) (Server.cpp:29)
==22141==    by 0x401C2C4: Loop::_createMapServer(std::vector<Server, std::allocator<Server> >) (Loop.cpp:79)
==22141== 
==22141== 87 bytes in 1 blocks are still reachable in loss record 35 of 80
==22141==    at 0x48B1FD3: operator new(unsigned long) (vg_replace_malloc.c:487)
==22141==    by 0x4012C5C: std::__new_allocator<char>::allocate(unsigned long, void const*) (new_allocator.h:151)
==22141==    by 0x4010DF6: allocate (alloc_traits.h:142)
==22141==    by 0x4010DF6: std::__cxx11::basic_string<char, std::char_traits<char>, std::allocator<char> >::_S_allocate(std::allocator<char>&, unsigned long) (basic_string.h:142)
==22141==    by 0x400F609: std::__cxx11::basic_string<char, std::char_traits<char>, std::allocator<char> >::_M_create(unsigned long&, unsigned long) (basic_string.tcc:164)
==22141==    by 0x400CB7B: void std::__cxx11::basic_string<char, std::char_traits<char>, std::allocator<char> >::_M_construct<true>(char const*, unsigned long) (basic_string.tcc:291)
==22141==    by 0x400AC80: std::__cxx11::basic_string<char, std::char_traits<char>, std::allocator<char> >::basic_string(std::__cxx11::basic_string<char, std::char_traits<char>, std::allocator<char> > const&) (basic_string.h:617)
==22141==    by 0x400B5A2: construct (new_allocator.h:205)
==22141==    by 0x400B5A2: construct<std::__cxx11::basic_string<char> > (alloc_traits.h:157)
==22141==    by 0x400B5A2: std::vector<std::__cxx11::basic_string<char, std::char_traits<char>, std::allocator<char> >, std::allocator<std::__cxx11::basic_string<char, std::char_traits<char>, std::allocator<char> > > >::push_back(std::__cxx11::basic_string<char, std::char_traits<char>, std::allocator<char> > const&) (stl_vector.h:1421)
==22141==    by 0x40465F0: Envp::setEnv(std::__cxx11::basic_string<char, std::char_traits<char>, std::allocator<char> >, std::__cxx11::basic_string<char, std::char_traits<char>, std::allocator<char> >, Request&) (Envp.cpp:45)
==22141==    by 0x4043FC7: CGI::setEnvp(Server&, Request&) (CGI.cpp:75)
==22141==    by 0x4019CBA: Client::startCGI(Server&, Epoll&) (Client.cpp:197)
==22141==    by 0x401EBF6: Loop::runLoop() (Loop.cpp:593)
==22141==    by 0x4014393: main (main.cpp:62)
==22141== 
==22141== 96 bytes in 1 blocks are still reachable in loss record 36 of 80
==22141==    at 0x48B1FD3: operator new(unsigned long) (vg_replace_malloc.c:487)
==22141==    by 0x40304BC: std::__new_allocator<std::_Rb_tree_node<std::pair<std::__cxx11::basic_string<char, std::char_traits<char>, std::allocator<char> > const, std::__cxx11::basic_string<char, std::char_traits<char>, std::allocator<char> > > > >::allocate(unsigned long, void const*) (new_allocator.h:151)
==22141==    by 0x402FA35: allocate (alloc_traits.h:142)
==22141==    by 0x402FA35: std::_Rb_tree<std::__cxx11::basic_string<char, std::char_traits<char>, std::allocator<char> >, std::pair<std::__cxx11::basic_string<char, std::char_traits<char>, std::allocator<char> > const, std::__cxx11::basic_string<char, std::char_traits<char>, std::allocator<char> > >, std::_Select1st<std::pair<std::__cxx11::basic_string<char, std::char_traits<char>, std::allocator<char> > const, std::__cxx11::basic_string<char, std::char_traits<char>, std::allocator<char> > > >, std::less<std::__cxx11::basic_string<char, std::char_traits<char>, std::allocator<char> > >, std::allocator<std::pair<std::__cxx11::basic_string<char, std::char_traits<char>, std::allocator<char> > const, std::__cxx11::basic_string<char, std::char_traits<char>, std::allocator<char> > > > >::_M_get_node() (stl_tree.h:1170)
==22141==    by 0x402F121: std::_Rb_tree<std::__cxx11::basic_string<char, std::char_traits<char>, std::allocator<char> >, std::pair<std::__cxx11::basic_string<char, std::char_traits<char>, std::allocator<char> > const, std::__cxx11::basic_string<char, std::char_traits<char>, std::allocator<char> > >, std::_Select1st<std::pair<std::__cxx11::basic_string<char, std::char_traits<char>, std::allocator<char> > const, std::__cxx11::basic_string<char, std::char_traits<char>, std::allocator<char> > > >, std::less<std::__cxx11::basic_string<char, std::char_traits<char>, std::allocator<char> > >, std::allocator<std::pair<std::__cxx11::basic_string<char, std::char_traits<char>, std::allocator<char> > const, std::__cxx11::basic_string<char, std::char_traits<char>, std::allocator<char> > > > >::_M_create_node(std::pair<std::__cxx11::basic_string<char, std::char_traits<char>, std::allocator<char> > const, std::__cxx11::basic_string<char, std::char_traits<char>, std::allocator<char> > > const&) (stl_tree.h:1225)
==22141==    by 0x402E881: std::_Rb_tree_node<std::pair<std::__cxx11::basic_string<char, std::char_traits<char>, std::allocator<char> > const, std::__cxx11::basic_string<char, std::char_traits<char>, std::allocator<char> > > >* std::_Rb_tree<std::__cxx11::basic_string<char, std::char_traits<char>, std::allocator<char> >, std::pair<std::__cxx11::basic_string<char, std::char_traits<char>, std::allocator<char> > const, std::__cxx11::basic_string<char, std::char_traits<char>, std::allocator<char> > >, std::_Select1st<std::pair<std::__cxx11::basic_string<char, std::char_traits<char>, std::allocator<char> > const, std::__cxx11::basic_string<char, std::char_traits<char>, std::allocator<char> > > >, std::less<std::__cxx11::basic_string<char, std::char_traits<char>, std::allocator<char> > >, std::allocator<std::pair<std::__cxx11::basic_string<char, std::char_traits<char>, std::allocator<char> > const, std::__cxx11::basic_string<char, std::char_traits<char>, std::allocator<char> > > > >::_Alloc_node::operator()<std::pair<std::__cxx11::basic_string<char, std::char_traits<char>, std::allocator<char> > const, std::__cxx11::basic_string<char, std::char_traits<char>, std::allocator<char> > > >(std::pair<std::__cxx11::basic_string<char, std::char_traits<char>, std::allocator<char> > const, std::__cxx11::basic_string<char, std::char_traits<char>, std::allocator<char> > > const&) const (stl_tree.h:1136)
==22141==    by 0x402DE2C: std::_Rb_tree_iterator<std::pair<std::__cxx11::basic_string<char, std::char_traits<char>, std::allocator<char> > const, std::__cxx11::basic_string<char, std::char_traits<char>, std::allocator<char> > > > std::_Rb_tree<std::__cxx11::basic_string<char, std::char_traits<char>, std::allocator<char> >, std::pair<std::__cxx11::basic_string<char, std::char_traits<char>, std::allocator<char> > const, std::__cxx11::basic_string<char, std::char_traits<char>, std::allocator<char> > >, std::_Select1st<std::pair<std::__cxx11::basic_string<char, std::char_traits<char>, std::allocator<char> > const, std::__cxx11::basic_string<char, std::char_traits<char>, std::allocator<char> > > >, std::less<std::__cxx11::basic_string<char, std::char_traits<char>, std::allocator<char> > >, std::allocator<std::pair<std::__cxx11::basic_string<char, std::char_traits<char>, std::allocator<char> > const, std::__cxx11::basic_string<char, std::char_traits<char>, std::allocator<char> > > > >::_M_insert_<std::_Rb_tree<std::__cxx11::basic_string<char, std::char_traits<char>, std::allocator<char> >, std::pair<std::__cxx11::basic_string<char, std::char_traits<char>, std::allocator<char> > const, std::__cxx11::basic_string<char, std::char_traits<char>, std::allocator<char> > >, std::_Select1st<std::pair<std::__cxx11::basic_string<char, std::char_traits<char>, std::allocator<char> > const, std::__cxx11::basic_string<char, std::char_traits<char>, std::allocator<char> > > >, std::less<std::__cxx11::basic_string<char, std::char_traits<char>, std::allocator<char> > >, std::allocator<std::pair<std::__cxx11::basic_string<char, std::char_traits<char>, std::allocator<char> > const, std::__cxx11::basic_string<char, std::char_traits<char>, std::allocator<char> > > > >::_Alloc_node>(std::_Rb_tree_node_base*, std::_Rb_tree_node_base*, std::pair<std::__cxx11::basic_string<char, std::char_traits<char>, std::allocator<char> > const, std::__cxx11::basic_string<char, std::char_traits<char>, std::allocator<char> > > const&, std::_Rb_tree<std::__cxx11::basic_string<char, std::char_traits<char>, std::allocator<char> >, std::pair<std::__cxx11::basic_string<char, std::char_traits<char>, std::allocator<char> > const, std::__cxx11::basic_string<char, std::char_traits<char>, std::allocator<char> > >, std::_Select1st<std::pair<std::__cxx11::basic_string<char, std::char_traits<char>, std::allocator<char> > const, std::__cxx11::basic_string<char, std::char_traits<char>, std::allocator<char> > > >, std::less<std::__cxx11::basic_string<char, std::char_traits<char>, std::allocator<char> > >, std::allocator<std::pair<std::__cxx11::basic_string<char, std::char_traits<char>, std::allocator<char> > const, std::__cxx11::basic_string<char, std::char_traits<char>, std::allocator<char> > > > >::_Alloc_node&) (stl_tree.h:2481)
==22141==    by 0x40386AD: std::_Rb_tree_iterator<std::pair<std::__cxx11::basic_string<char, std::char_traits<char>, std::allocator<char> > const, std::__cxx11::basic_string<char, std::char_traits<char>, std::allocator<char> > > > std::_Rb_tree<std::__cxx11::basic_string<char, std::char_traits<char>, std::allocator<char> >, std::pair<std::__cxx11::basic_string<char, std::char_traits<char>, std::allocator<char> > const, std::__cxx11::basic_string<char, std::char_traits<char>, std::allocator<char> > >, std::_Select1st<std::pair<std::__cxx11::basic_string<char, std::char_traits<char>, std::allocator<char> > const, std::__cxx11::basic_string<char, std::char_traits<char>, std::allocator<char> > > >, std::less<std::__cxx11::basic_string<char, std::char_traits<char>, std::allocator<char> > >, std::allocator<std::pair<std::__cxx11::basic_string<char, std::char_traits<char>, std::allocator<char> > const, std::__cxx11::basic_string<char, std::char_traits<char>, std::allocator<char> > > > >::_M_insert_unique_<std::_Rb_tree<std::__cxx11::basic_string<char, std::char_traits<char>, std::allocator<char> >, std::pair<std::__cxx11::basic_string<char, std::char_traits<char>, std::allocator<char> > const, std::__cxx11::basic_string<char, std::char_traits<char>, std::allocator<char> > >, std::_Select1st<std::pair<std::__cxx11::basic_string<char, std::char_traits<char>, std::allocator<char> > const, std::__cxx11::basic_string<char, std::char_traits<char>, std::allocator<char> > > >, std::less<std::__cxx11::basic_string<char, std::char_traits<char>, std::allocator<char> > >, std::allocator<std::pair<std::__cxx11::basic_string<char, std::char_traits<char>, std::allocator<char> > const, std::__cxx11::basic_string<char, std::char_traits<char>, std::allocator<char> > > > >::_Alloc_node>(std::_Rb_tree_const_iterator<std::pair<std::__cxx11::basic_string<char, std::char_traits<char>, std::allocator<char> > const, std::__cxx11::basic_string<char, std::char_traits<char>, std::allocator<char> > > >, std::pair<std::__cxx11::basic_string<char, std::char_traits<char>, std::allocator<char> > const, std::__cxx11::basic_string<char, std::char_traits<char>, std::allocator<char> > > const&, std::_Rb_tree<std::__cxx11::basic_string<char, std::char_traits<char>, std::allocator<char> >, std::pair<std::__cxx11::basic_string<char, std::char_traits<char>, std::allocator<char> > const, std::__cxx11::basic_string<char, std::char_traits<char>, std::allocator<char> > >, std::_Select1st<std::pair<std::__cxx11::basic_string<char, std::char_traits<char>, std::allocator<char> > const, std::__cxx11::basic_string<char, std::char_traits<char>, std::allocator<char> > > >, std::less<std::__cxx11::basic_string<char, std::char_traits<char>, std::allocator<char> > >, std::allocator<std::pair<std::__cxx11::basic_string<char, std::char_traits<char>, std::allocator<char> > const, std::__cxx11::basic_string<char, std::char_traits<char>, std::allocator<char> > > > >::_Alloc_node&) (stl_tree.h:2905)
==22141==    by 0x4038533: std::_Rb_tree<std::__cxx11::basic_string<char, std::char_traits<char>, std::allocator<char> >, std::pair<std::__cxx11::basic_string<char, std::char_traits<char>, std::allocator<char> > const, std::__cxx11::basic_string<char, std::char_traits<char>, std::allocator<char> > >, std::_Select1st<std::pair<std::__cxx11::basic_string<char, std::char_traits<char>, std::allocator<char> > const, std::__cxx11::basic_string<char, std::char_traits<char>, std::allocator<char> > > >, std::less<std::__cxx11::basic_string<char, std::char_traits<char>, std::allocator<char> > >, std::allocator<std::pair<std::__cxx11::basic_string<char, std::char_traits<char>, std::allocator<char> > const, std::__cxx11::basic_string<char, std::char_traits<char>, std::allocator<char> > > > >::_M_insert_unique_(std::_Rb_tree_const_iterator<std::pair<std::__cxx11::basic_string<char, std::char_traits<char>, std::allocator<char> > const, std::__cxx11::basic_string<char, std::char_traits<char>, std::allocator<char> > > >, std::pair<std::__cxx11::basic_string<char, std::char_traits<char>, std::allocator<char> > const, std::__cxx11::basic_string<char, std::char_traits<char>, std::allocator<char> > > const&) (stl_tree.h:1770)
==22141==    by 0x4038415: std::map<std::__cxx11::basic_string<char, std::char_traits<char>, std::allocator<char> >, std::__cxx11::basic_string<char, std::char_traits<char>, std::allocator<char> >, std::less<std::__cxx11::basic_string<char, std::char_traits<char>, std::allocator<char> > >, std::allocator<std::pair<std::__cxx11::basic_string<char, std::char_traits<char>, std::allocator<char> > const, std::__cxx11::basic_string<char, std::char_traits<char>, std::allocator<char> > > > >::insert(std::_Rb_tree_iterator<std::pair<std::__cxx11::basic_string<char, std::char_traits<char>, std::allocator<char> > const, std::__cxx11::basic_string<char, std::char_traits<char>, std::allocator<char> > > >, std::pair<std::__cxx11::basic_string<char, std::char_traits<char>, std::allocator<char> > const, std::__cxx11::basic_string<char, std::char_traits<char>, std::allocator<char> > > const&) (stl_map.h:954)
==22141==    by 0x40381D8: std::map<std::__cxx11::basic_string<char, std::char_traits<char>, std::allocator<char> >, std::__cxx11::basic_string<char, std::char_traits<char>, std::allocator<char> >, std::less<std::__cxx11::basic_string<char, std::char_traits<char>, std::allocator<char> > >, std::allocator<std::pair<std::__cxx11::basic_string<char, std::char_traits<char>, std::allocator<char> > const, std::__cxx11::basic_string<char, std::char_traits<char>, std::allocator<char> > > > >::operator[](std::__cxx11::basic_string<char, std::char_traits<char>, std::allocator<char> > const&) (stl_map.h:540)
==22141==    by 0x403721D: MimeTypes::initMap[abi:cxx11]() (MimeTypes.cpp:7)
==22141==    by 0x4038080: __static_initialization_and_destruction_0() (MimeTypes.cpp:32)
==22141== 
==22141== 96 bytes in 1 blocks are still reachable in loss record 37 of 80
==22141==    at 0x48B1FD3: operator new(unsigned long) (vg_replace_malloc.c:487)
==22141==    by 0x40304BC: std::__new_allocator<std::_Rb_tree_node<std::pair<std::__cxx11::basic_string<char, std::char_traits<char>, std::allocator<char> > const, std::__cxx11::basic_string<char, std::char_traits<char>, std::allocator<char> > > > >::allocate(unsigned long, void const*) (new_allocator.h:151)
==22141==    by 0x402FA35: allocate (alloc_traits.h:142)
==22141==    by 0x402FA35: std::_Rb_tree<std::__cxx11::basic_string<char, std::char_traits<char>, std::allocator<char> >, std::pair<std::__cxx11::basic_string<char, std::char_traits<char>, std::allocator<char> > const, std::__cxx11::basic_string<char, std::char_traits<char>, std::allocator<char> > >, std::_Select1st<std::pair<std::__cxx11::basic_string<char, std::char_traits<char>, std::allocator<char> > const, std::__cxx11::basic_string<char, std::char_traits<char>, std::allocator<char> > > >, std::less<std::__cxx11::basic_string<char, std::char_traits<char>, std::allocator<char> > >, std::allocator<std::pair<std::__cxx11::basic_string<char, std::char_traits<char>, std::allocator<char> > const, std::__cxx11::basic_string<char, std::char_traits<char>, std::allocator<char> > > > >::_M_get_node() (stl_tree.h:1170)
==22141==    by 0x402F121: std::_Rb_tree<std::__cxx11::basic_string<char, std::char_traits<char>, std::allocator<char> >, std::pair<std::__cxx11::basic_string<char, std::char_traits<char>, std::allocator<char> > const, std::__cxx11::basic_string<char, std::char_traits<char>, std::allocator<char> > >, std::_Select1st<std::pair<std::__cxx11::basic_string<char, std::char_traits<char>, std::allocator<char> > const, std::__cxx11::basic_string<char, std::char_traits<char>, std::allocator<char> > > >, std::less<std::__cxx11::basic_string<char, std::char_traits<char>, std::allocator<char> > >, std::allocator<std::pair<std::__cxx11::basic_string<char, std::char_traits<char>, std::allocator<char> > const, std::__cxx11::basic_string<char, std::char_traits<char>, std::allocator<char> > > > >::_M_create_node(std::pair<std::__cxx11::basic_string<char, std::char_traits<char>, std::allocator<char> > const, std::__cxx11::basic_string<char, std::char_traits<char>, std::allocator<char> > > const&) (stl_tree.h:1225)
==22141==    by 0x402E881: std::_Rb_tree_node<std::pair<std::__cxx11::basic_string<char, std::char_traits<char>, std::allocator<char> > const, std::__cxx11::basic_string<char, std::char_traits<char>, std::allocator<char> > > >* std::_Rb_tree<std::__cxx11::basic_string<char, std::char_traits<char>, std::allocator<char> >, std::pair<std::__cxx11::basic_string<char, std::char_traits<char>, std::allocator<char> > const, std::__cxx11::basic_string<char, std::char_traits<char>, std::allocator<char> > >, std::_Select1st<std::pair<std::__cxx11::basic_string<char, std::char_traits<char>, std::allocator<char> > const, std::__cxx11::basic_string<char, std::char_traits<char>, std::allocator<char> > > >, std::less<std::__cxx11::basic_string<char, std::char_traits<char>, std::allocator<char> > >, std::allocator<std::pair<std::__cxx11::basic_string<char, std::char_traits<char>, std::allocator<char> > const, std::__cxx11::basic_string<char, std::char_traits<char>, std::allocator<char> > > > >::_Alloc_node::operator()<std::pair<std::__cxx11::basic_string<char, std::char_traits<char>, std::allocator<char> > const, std::__cxx11::basic_string<char, std::char_traits<char>, std::allocator<char> > > >(std::pair<std::__cxx11::basic_string<char, std::char_traits<char>, std::allocator<char> > const, std::__cxx11::basic_string<char, std::char_traits<char>, std::allocator<char> > > const&) const (stl_tree.h:1136)
==22141==    by 0x402DE2C: std::_Rb_tree_iterator<std::pair<std::__cxx11::basic_string<char, std::char_traits<char>, std::allocator<char> > const, std::__cxx11::basic_string<char, std::char_traits<char>, std::allocator<char> > > > std::_Rb_tree<std::__cxx11::basic_string<char, std::char_traits<char>, std::allocator<char> >, std::pair<std::__cxx11::basic_string<char, std::char_traits<char>, std::allocator<char> > const, std::__cxx11::basic_string<char, std::char_traits<char>, std::allocator<char> > >, std::_Select1st<std::pair<std::__cxx11::basic_string<char, std::char_traits<char>, std::allocator<char> > const, std::__cxx11::basic_string<char, std::char_traits<char>, std::allocator<char> > > >, std::less<std::__cxx11::basic_string<char, std::char_traits<char>, std::allocator<char> > >, std::allocator<std::pair<std::__cxx11::basic_string<char, std::char_traits<char>, std::allocator<char> > const, std::__cxx11::basic_string<char, std::char_traits<char>, std::allocator<char> > > > >::_M_insert_<std::_Rb_tree<std::__cxx11::basic_string<char, std::char_traits<char>, std::allocator<char> >, std::pair<std::__cxx11::basic_string<char, std::char_traits<char>, std::allocator<char> > const, std::__cxx11::basic_string<char, std::char_traits<char>, std::allocator<char> > >, std::_Select1st<std::pair<std::__cxx11::basic_string<char, std::char_traits<char>, std::allocator<char> > const, std::__cxx11::basic_string<char, std::char_traits<char>, std::allocator<char> > > >, std::less<std::__cxx11::basic_string<char, std::char_traits<char>, std::allocator<char> > >, std::allocator<std::pair<std::__cxx11::basic_string<char, std::char_traits<char>, std::allocator<char> > const, std::__cxx11::basic_string<char, std::char_traits<char>, std::allocator<char> > > > >::_Alloc_node>(std::_Rb_tree_node_base*, std::_Rb_tree_node_base*, std::pair<std::__cxx11::basic_string<char, std::char_traits<char>, std::allocator<char> > const, std::__cxx11::basic_string<char, std::char_traits<char>, std::allocator<char> > > const&, std::_Rb_tree<std::__cxx11::basic_string<char, std::char_traits<char>, std::allocator<char> >, std::pair<std::__cxx11::basic_string<char, std::char_traits<char>, std::allocator<char> > const, std::__cxx11::basic_string<char, std::char_traits<char>, std::allocator<char> > >, std::_Select1st<std::pair<std::__cxx11::basic_string<char, std::char_traits<char>, std::allocator<char> > const, std::__cxx11::basic_string<char, std::char_traits<char>, std::allocator<char> > > >, std::less<std::__cxx11::basic_string<char, std::char_traits<char>, std::allocator<char> > >, std::allocator<std::pair<std::__cxx11::basic_string<char, std::char_traits<char>, std::allocator<char> > const, std::__cxx11::basic_string<char, std::char_traits<char>, std::allocator<char> > > > >::_Alloc_node&) (stl_tree.h:2481)
==22141==    by 0x40386AD: std::_Rb_tree_iterator<std::pair<std::__cxx11::basic_string<char, std::char_traits<char>, std::allocator<char> > const, std::__cxx11::basic_string<char, std::char_traits<char>, std::allocator<char> > > > std::_Rb_tree<std::__cxx11::basic_string<char, std::char_traits<char>, std::allocator<char> >, std::pair<std::__cxx11::basic_string<char, std::char_traits<char>, std::allocator<char> > const, std::__cxx11::basic_string<char, std::char_traits<char>, std::allocator<char> > >, std::_Select1st<std::pair<std::__cxx11::basic_string<char, std::char_traits<char>, std::allocator<char> > const, std::__cxx11::basic_string<char, std::char_traits<char>, std::allocator<char> > > >, std::less<std::__cxx11::basic_string<char, std::char_traits<char>, std::allocator<char> > >, std::allocator<std::pair<std::__cxx11::basic_string<char, std::char_traits<char>, std::allocator<char> > const, std::__cxx11::basic_string<char, std::char_traits<char>, std::allocator<char> > > > >::_M_insert_unique_<std::_Rb_tree<std::__cxx11::basic_string<char, std::char_traits<char>, std::allocator<char> >, std::pair<std::__cxx11::basic_string<char, std::char_traits<char>, std::allocator<char> > const, std::__cxx11::basic_string<char, std::char_traits<char>, std::allocator<char> > >, std::_Select1st<std::pair<std::__cxx11::basic_string<char, std::char_traits<char>, std::allocator<char> > const, std::__cxx11::basic_string<char, std::char_traits<char>, std::allocator<char> > > >, std::less<std::__cxx11::basic_string<char, std::char_traits<char>, std::allocator<char> > >, std::allocator<std::pair<std::__cxx11::basic_string<char, std::char_traits<char>, std::allocator<char> > const, std::__cxx11::basic_string<char, std::char_traits<char>, std::allocator<char> > > > >::_Alloc_node>(std::_Rb_tree_const_iterator<std::pair<std::__cxx11::basic_string<char, std::char_traits<char>, std::allocator<char> > const, std::__cxx11::basic_string<char, std::char_traits<char>, std::allocator<char> > > >, std::pair<std::__cxx11::basic_string<char, std::char_traits<char>, std::allocator<char> > const, std::__cxx11::basic_string<char, std::char_traits<char>, std::allocator<char> > > const&, std::_Rb_tree<std::__cxx11::basic_string<char, std::char_traits<char>, std::allocator<char> >, std::pair<std::__cxx11::basic_string<char, std::char_traits<char>, std::allocator<char> > const, std::__cxx11::basic_string<char, std::char_traits<char>, std::allocator<char> > >, std::_Select1st<std::pair<std::__cxx11::basic_string<char, std::char_traits<char>, std::allocator<char> > const, std::__cxx11::basic_string<char, std::char_traits<char>, std::allocator<char> > > >, std::less<std::__cxx11::basic_string<char, std::char_traits<char>, std::allocator<char> > >, std::allocator<std::pair<std::__cxx11::basic_string<char, std::char_traits<char>, std::allocator<char> > const, std::__cxx11::basic_string<char, std::char_traits<char>, std::allocator<char> > > > >::_Alloc_node&) (stl_tree.h:2905)
==22141==    by 0x4038533: std::_Rb_tree<std::__cxx11::basic_string<char, std::char_traits<char>, std::allocator<char> >, std::pair<std::__cxx11::basic_string<char, std::char_traits<char>, std::allocator<char> > const, std::__cxx11::basic_string<char, std::char_traits<char>, std::allocator<char> > >, std::_Select1st<std::pair<std::__cxx11::basic_string<char, std::char_traits<char>, std::allocator<char> > const, std::__cxx11::basic_string<char, std::char_traits<char>, std::allocator<char> > > >, std::less<std::__cxx11::basic_string<char, std::char_traits<char>, std::allocator<char> > >, std::allocator<std::pair<std::__cxx11::basic_string<char, std::char_traits<char>, std::allocator<char> > const, std::__cxx11::basic_string<char, std::char_traits<char>, std::allocator<char> > > > >::_M_insert_unique_(std::_Rb_tree_const_iterator<std::pair<std::__cxx11::basic_string<char, std::char_traits<char>, std::allocator<char> > const, std::__cxx11::basic_string<char, std::char_traits<char>, std::allocator<char> > > >, std::pair<std::__cxx11::basic_string<char, std::char_traits<char>, std::allocator<char> > const, std::__cxx11::basic_string<char, std::char_traits<char>, std::allocator<char> > > const&) (stl_tree.h:1770)
==22141==    by 0x4038415: std::map<std::__cxx11::basic_string<char, std::char_traits<char>, std::allocator<char> >, std::__cxx11::basic_string<char, std::char_traits<char>, std::allocator<char> >, std::less<std::__cxx11::basic_string<char, std::char_traits<char>, std::allocator<char> > >, std::allocator<std::pair<std::__cxx11::basic_string<char, std::char_traits<char>, std::allocator<char> > const, std::__cxx11::basic_string<char, std::char_traits<char>, std::allocator<char> > > > >::insert(std::_Rb_tree_iterator<std::pair<std::__cxx11::basic_string<char, std::char_traits<char>, std::allocator<char> > const, std::__cxx11::basic_string<char, std::char_traits<char>, std::allocator<char> > > >, std::pair<std::__cxx11::basic_string<char, std::char_traits<char>, std::allocator<char> > const, std::__cxx11::basic_string<char, std::char_traits<char>, std::allocator<char> > > const&) (stl_map.h:954)
==22141==    by 0x40381D8: std::map<std::__cxx11::basic_string<char, std::char_traits<char>, std::allocator<char> >, std::__cxx11::basic_string<char, std::char_traits<char>, std::allocator<char> >, std::less<std::__cxx11::basic_string<char, std::char_traits<char>, std::allocator<char> > >, std::allocator<std::pair<std::__cxx11::basic_string<char, std::char_traits<char>, std::allocator<char> > const, std::__cxx11::basic_string<char, std::char_traits<char>, std::allocator<char> > > > >::operator[](std::__cxx11::basic_string<char, std::char_traits<char>, std::allocator<char> > const&) (stl_map.h:540)
==22141==    by 0x4037291: MimeTypes::initMap[abi:cxx11]() (MimeTypes.cpp:8)
==22141==    by 0x4038080: __static_initialization_and_destruction_0() (MimeTypes.cpp:32)
==22141== 
==22141== 96 bytes in 1 blocks are still reachable in loss record 38 of 80
==22141==    at 0x48B1FD3: operator new(unsigned long) (vg_replace_malloc.c:487)
==22141==    by 0x40304BC: std::__new_allocator<std::_Rb_tree_node<std::pair<std::__cxx11::basic_string<char, std::char_traits<char>, std::allocator<char> > const, std::__cxx11::basic_string<char, std::char_traits<char>, std::allocator<char> > > > >::allocate(unsigned long, void const*) (new_allocator.h:151)
==22141==    by 0x402FA35: allocate (alloc_traits.h:142)
==22141==    by 0x402FA35: std::_Rb_tree<std::__cxx11::basic_string<char, std::char_traits<char>, std::allocator<char> >, std::pair<std::__cxx11::basic_string<char, std::char_traits<char>, std::allocator<char> > const, std::__cxx11::basic_string<char, std::char_traits<char>, std::allocator<char> > >, std::_Select1st<std::pair<std::__cxx11::basic_string<char, std::char_traits<char>, std::allocator<char> > const, std::__cxx11::basic_string<char, std::char_traits<char>, std::allocator<char> > > >, std::less<std::__cxx11::basic_string<char, std::char_traits<char>, std::allocator<char> > >, std::allocator<std::pair<std::__cxx11::basic_string<char, std::char_traits<char>, std::allocator<char> > const, std::__cxx11::basic_string<char, std::char_traits<char>, std::allocator<char> > > > >::_M_get_node() (stl_tree.h:1170)
==22141==    by 0x402F121: std::_Rb_tree<std::__cxx11::basic_string<char, std::char_traits<char>, std::allocator<char> >, std::pair<std::__cxx11::basic_string<char, std::char_traits<char>, std::allocator<char> > const, std::__cxx11::basic_string<char, std::char_traits<char>, std::allocator<char> > >, std::_Select1st<std::pair<std::__cxx11::basic_string<char, std::char_traits<char>, std::allocator<char> > const, std::__cxx11::basic_string<char, std::char_traits<char>, std::allocator<char> > > >, std::less<std::__cxx11::basic_string<char, std::char_traits<char>, std::allocator<char> > >, std::allocator<std::pair<std::__cxx11::basic_string<char, std::char_traits<char>, std::allocator<char> > const, std::__cxx11::basic_string<char, std::char_traits<char>, std::allocator<char> > > > >::_M_create_node(std::pair<std::__cxx11::basic_string<char, std::char_traits<char>, std::allocator<char> > const, std::__cxx11::basic_string<char, std::char_traits<char>, std::allocator<char> > > const&) (stl_tree.h:1225)
==22141==    by 0x402E881: std::_Rb_tree_node<std::pair<std::__cxx11::basic_string<char, std::char_traits<char>, std::allocator<char> > const, std::__cxx11::basic_string<char, std::char_traits<char>, std::allocator<char> > > >* std::_Rb_tree<std::__cxx11::basic_string<char, std::char_traits<char>, std::allocator<char> >, std::pair<std::__cxx11::basic_string<char, std::char_traits<char>, std::allocator<char> > const, std::__cxx11::basic_string<char, std::char_traits<char>, std::allocator<char> > >, std::_Select1st<std::pair<std::__cxx11::basic_string<char, std::char_traits<char>, std::allocator<char> > const, std::__cxx11::basic_string<char, std::char_traits<char>, std::allocator<char> > > >, std::less<std::__cxx11::basic_string<char, std::char_traits<char>, std::allocator<char> > >, std::allocator<std::pair<std::__cxx11::basic_string<char, std::char_traits<char>, std::allocator<char> > const, std::__cxx11::basic_string<char, std::char_traits<char>, std::allocator<char> > > > >::_Alloc_node::operator()<std::pair<std::__cxx11::basic_string<char, std::char_traits<char>, std::allocator<char> > const, std::__cxx11::basic_string<char, std::char_traits<char>, std::allocator<char> > > >(std::pair<std::__cxx11::basic_string<char, std::char_traits<char>, std::allocator<char> > const, std::__cxx11::basic_string<char, std::char_traits<char>, std::allocator<char> > > const&) const (stl_tree.h:1136)
==22141==    by 0x402DE2C: std::_Rb_tree_iterator<std::pair<std::__cxx11::basic_string<char, std::char_traits<char>, std::allocator<char> > const, std::__cxx11::basic_string<char, std::char_traits<char>, std::allocator<char> > > > std::_Rb_tree<std::__cxx11::basic_string<char, std::char_traits<char>, std::allocator<char> >, std::pair<std::__cxx11::basic_string<char, std::char_traits<char>, std::allocator<char> > const, std::__cxx11::basic_string<char, std::char_traits<char>, std::allocator<char> > >, std::_Select1st<std::pair<std::__cxx11::basic_string<char, std::char_traits<char>, std::allocator<char> > const, std::__cxx11::basic_string<char, std::char_traits<char>, std::allocator<char> > > >, std::less<std::__cxx11::basic_string<char, std::char_traits<char>, std::allocator<char> > >, std::allocator<std::pair<std::__cxx11::basic_string<char, std::char_traits<char>, std::allocator<char> > const, std::__cxx11::basic_string<char, std::char_traits<char>, std::allocator<char> > > > >::_M_insert_<std::_Rb_tree<std::__cxx11::basic_string<char, std::char_traits<char>, std::allocator<char> >, std::pair<std::__cxx11::basic_string<char, std::char_traits<char>, std::allocator<char> > const, std::__cxx11::basic_string<char, std::char_traits<char>, std::allocator<char> > >, std::_Select1st<std::pair<std::__cxx11::basic_string<char, std::char_traits<char>, std::allocator<char> > const, std::__cxx11::basic_string<char, std::char_traits<char>, std::allocator<char> > > >, std::less<std::__cxx11::basic_string<char, std::char_traits<char>, std::allocator<char> > >, std::allocator<std::pair<std::__cxx11::basic_string<char, std::char_traits<char>, std::allocator<char> > const, std::__cxx11::basic_string<char, std::char_traits<char>, std::allocator<char> > > > >::_Alloc_node>(std::_Rb_tree_node_base*, std::_Rb_tree_node_base*, std::pair<std::__cxx11::basic_string<char, std::char_traits<char>, std::allocator<char> > const, std::__cxx11::basic_string<char, std::char_traits<char>, std::allocator<char> > > const&, std::_Rb_tree<std::__cxx11::basic_string<char, std::char_traits<char>, std::allocator<char> >, std::pair<std::__cxx11::basic_string<char, std::char_traits<char>, std::allocator<char> > const, std::__cxx11::basic_string<char, std::char_traits<char>, std::allocator<char> > >, std::_Select1st<std::pair<std::__cxx11::basic_string<char, std::char_traits<char>, std::allocator<char> > const, std::__cxx11::basic_string<char, std::char_traits<char>, std::allocator<char> > > >, std::less<std::__cxx11::basic_string<char, std::char_traits<char>, std::allocator<char> > >, std::allocator<std::pair<std::__cxx11::basic_string<char, std::char_traits<char>, std::allocator<char> > const, std::__cxx11::basic_string<char, std::char_traits<char>, std::allocator<char> > > > >::_Alloc_node&) (stl_tree.h:2481)
==22141==    by 0x40386AD: std::_Rb_tree_iterator<std::pair<std::__cxx11::basic_string<char, std::char_traits<char>, std::allocator<char> > const, std::__cxx11::basic_string<char, std::char_traits<char>, std::allocator<char> > > > std::_Rb_tree<std::__cxx11::basic_string<char, std::char_traits<char>, std::allocator<char> >, std::pair<std::__cxx11::basic_string<char, std::char_traits<char>, std::allocator<char> > const, std::__cxx11::basic_string<char, std::char_traits<char>, std::allocator<char> > >, std::_Select1st<std::pair<std::__cxx11::basic_string<char, std::char_traits<char>, std::allocator<char> > const, std::__cxx11::basic_string<char, std::char_traits<char>, std::allocator<char> > > >, std::less<std::__cxx11::basic_string<char, std::char_traits<char>, std::allocator<char> > >, std::allocator<std::pair<std::__cxx11::basic_string<char, std::char_traits<char>, std::allocator<char> > const, std::__cxx11::basic_string<char, std::char_traits<char>, std::allocator<char> > > > >::_M_insert_unique_<std::_Rb_tree<std::__cxx11::basic_string<char, std::char_traits<char>, std::allocator<char> >, std::pair<std::__cxx11::basic_string<char, std::char_traits<char>, std::allocator<char> > const, std::__cxx11::basic_string<char, std::char_traits<char>, std::allocator<char> > >, std::_Select1st<std::pair<std::__cxx11::basic_string<char, std::char_traits<char>, std::allocator<char> > const, std::__cxx11::basic_string<char, std::char_traits<char>, std::allocator<char> > > >, std::less<std::__cxx11::basic_string<char, std::char_traits<char>, std::allocator<char> > >, std::allocator<std::pair<std::__cxx11::basic_string<char, std::char_traits<char>, std::allocator<char> > const, std::__cxx11::basic_string<char, std::char_traits<char>, std::allocator<char> > > > >::_Alloc_node>(std::_Rb_tree_const_iterator<std::pair<std::__cxx11::basic_string<char, std::char_traits<char>, std::allocator<char> > const, std::__cxx11::basic_string<char, std::char_traits<char>, std::allocator<char> > > >, std::pair<std::__cxx11::basic_string<char, std::char_traits<char>, std::allocator<char> > const, std::__cxx11::basic_string<char, std::char_traits<char>, std::allocator<char> > > const&, std::_Rb_tree<std::__cxx11::basic_string<char, std::char_traits<char>, std::allocator<char> >, std::pair<std::__cxx11::basic_string<char, std::char_traits<char>, std::allocator<char> > const, std::__cxx11::basic_string<char, std::char_traits<char>, std::allocator<char> > >, std::_Select1st<std::pair<std::__cxx11::basic_string<char, std::char_traits<char>, std::allocator<char> > const, std::__cxx11::basic_string<char, std::char_traits<char>, std::allocator<char> > > >, std::less<std::__cxx11::basic_string<char, std::char_traits<char>, std::allocator<char> > >, std::allocator<std::pair<std::__cxx11::basic_string<char, std::char_traits<char>, std::allocator<char> > const, std::__cxx11::basic_string<char, std::char_traits<char>, std::allocator<char> > > > >::_Alloc_node&) (stl_tree.h:2905)
==22141==    by 0x4038533: std::_Rb_tree<std::__cxx11::basic_string<char, std::char_traits<char>, std::allocator<char> >, std::pair<std::__cxx11::basic_string<char, std::char_traits<char>, std::allocator<char> > const, std::__cxx11::basic_string<char, std::char_traits<char>, std::allocator<char> > >, std::_Select1st<std::pair<std::__cxx11::basic_string<char, std::char_traits<char>, std::allocator<char> > const, std::__cxx11::basic_string<char, std::char_traits<char>, std::allocator<char> > > >, std::less<std::__cxx11::basic_string<char, std::char_traits<char>, std::allocator<char> > >, std::allocator<std::pair<std::__cxx11::basic_string<char, std::char_traits<char>, std::allocator<char> > const, std::__cxx11::basic_string<char, std::char_traits<char>, std::allocator<char> > > > >::_M_insert_unique_(std::_Rb_tree_const_iterator<std::pair<std::__cxx11::basic_string<char, std::char_traits<char>, std::allocator<char> > const, std::__cxx11::basic_string<char, std::char_traits<char>, std::allocator<char> > > >, std::pair<std::__cxx11::basic_string<char, std::char_traits<char>, std::allocator<char> > const, std::__cxx11::basic_string<char, std::char_traits<char>, std::allocator<char> > > const&) (stl_tree.h:1770)
==22141==    by 0x4038415: std::map<std::__cxx11::basic_string<char, std::char_traits<char>, std::allocator<char> >, std::__cxx11::basic_string<char, std::char_traits<char>, std::allocator<char> >, std::less<std::__cxx11::basic_string<char, std::char_traits<char>, std::allocator<char> > >, std::allocator<std::pair<std::__cxx11::basic_string<char, std::char_traits<char>, std::allocator<char> > const, std::__cxx11::basic_string<char, std::char_traits<char>, std::allocator<char> > > > >::insert(std::_Rb_tree_iterator<std::pair<std::__cxx11::basic_string<char, std::char_traits<char>, std::allocator<char> > const, std::__cxx11::basic_string<char, std::char_traits<char>, std::allocator<char> > > >, std::pair<std::__cxx11::basic_string<char, std::char_traits<char>, std::allocator<char> > const, std::__cxx11::basic_string<char, std::char_traits<char>, std::allocator<char> > > const&) (stl_map.h:954)
==22141==    by 0x40381D8: std::map<std::__cxx11::basic_string<char, std::char_traits<char>, std::allocator<char> >, std::__cxx11::basic_string<char, std::char_traits<char>, std::allocator<char> >, std::less<std::__cxx11::basic_string<char, std::char_traits<char>, std::allocator<char> > >, std::allocator<std::pair<std::__cxx11::basic_string<char, std::char_traits<char>, std::allocator<char> > const, std::__cxx11::basic_string<char, std::char_traits<char>, std::allocator<char> > > > >::operator[](std::__cxx11::basic_string<char, std::char_traits<char>, std::allocator<char> > const&) (stl_map.h:540)
==22141==    by 0x4037305: MimeTypes::initMap[abi:cxx11]() (MimeTypes.cpp:9)
==22141==    by 0x4038080: __static_initialization_and_destruction_0() (MimeTypes.cpp:32)
==22141== 
==22141== 96 bytes in 1 blocks are still reachable in loss record 39 of 80
==22141==    at 0x48B1FD3: operator new(unsigned long) (vg_replace_malloc.c:487)
==22141==    by 0x40304BC: std::__new_allocator<std::_Rb_tree_node<std::pair<std::__cxx11::basic_string<char, std::char_traits<char>, std::allocator<char> > const, std::__cxx11::basic_string<char, std::char_traits<char>, std::allocator<char> > > > >::allocate(unsigned long, void const*) (new_allocator.h:151)
==22141==    by 0x402FA35: allocate (alloc_traits.h:142)
==22141==    by 0x402FA35: std::_Rb_tree<std::__cxx11::basic_string<char, std::char_traits<char>, std::allocator<char> >, std::pair<std::__cxx11::basic_string<char, std::char_traits<char>, std::allocator<char> > const, std::__cxx11::basic_string<char, std::char_traits<char>, std::allocator<char> > >, std::_Select1st<std::pair<std::__cxx11::basic_string<char, std::char_traits<char>, std::allocator<char> > const, std::__cxx11::basic_string<char, std::char_traits<char>, std::allocator<char> > > >, std::less<std::__cxx11::basic_string<char, std::char_traits<char>, std::allocator<char> > >, std::allocator<std::pair<std::__cxx11::basic_string<char, std::char_traits<char>, std::allocator<char> > const, std::__cxx11::basic_string<char, std::char_traits<char>, std::allocator<char> > > > >::_M_get_node() (stl_tree.h:1170)
==22141==    by 0x402F121: std::_Rb_tree<std::__cxx11::basic_string<char, std::char_traits<char>, std::allocator<char> >, std::pair<std::__cxx11::basic_string<char, std::char_traits<char>, std::allocator<char> > const, std::__cxx11::basic_string<char, std::char_traits<char>, std::allocator<char> > >, std::_Select1st<std::pair<std::__cxx11::basic_string<char, std::char_traits<char>, std::allocator<char> > const, std::__cxx11::basic_string<char, std::char_traits<char>, std::allocator<char> > > >, std::less<std::__cxx11::basic_string<char, std::char_traits<char>, std::allocator<char> > >, std::allocator<std::pair<std::__cxx11::basic_string<char, std::char_traits<char>, std::allocator<char> > const, std::__cxx11::basic_string<char, std::char_traits<char>, std::allocator<char> > > > >::_M_create_node(std::pair<std::__cxx11::basic_string<char, std::char_traits<char>, std::allocator<char> > const, std::__cxx11::basic_string<char, std::char_traits<char>, std::allocator<char> > > const&) (stl_tree.h:1225)
==22141==    by 0x402E881: std::_Rb_tree_node<std::pair<std::__cxx11::basic_string<char, std::char_traits<char>, std::allocator<char> > const, std::__cxx11::basic_string<char, std::char_traits<char>, std::allocator<char> > > >* std::_Rb_tree<std::__cxx11::basic_string<char, std::char_traits<char>, std::allocator<char> >, std::pair<std::__cxx11::basic_string<char, std::char_traits<char>, std::allocator<char> > const, std::__cxx11::basic_string<char, std::char_traits<char>, std::allocator<char> > >, std::_Select1st<std::pair<std::__cxx11::basic_string<char, std::char_traits<char>, std::allocator<char> > const, std::__cxx11::basic_string<char, std::char_traits<char>, std::allocator<char> > > >, std::less<std::__cxx11::basic_string<char, std::char_traits<char>, std::allocator<char> > >, std::allocator<std::pair<std::__cxx11::basic_string<char, std::char_traits<char>, std::allocator<char> > const, std::__cxx11::basic_string<char, std::char_traits<char>, std::allocator<char> > > > >::_Alloc_node::operator()<std::pair<std::__cxx11::basic_string<char, std::char_traits<char>, std::allocator<char> > const, std::__cxx11::basic_string<char, std::char_traits<char>, std::allocator<char> > > >(std::pair<std::__cxx11::basic_string<char, std::char_traits<char>, std::allocator<char> > const, std::__cxx11::basic_string<char, std::char_traits<char>, std::allocator<char> > > const&) const (stl_tree.h:1136)
==22141==    by 0x402DE2C: std::_Rb_tree_iterator<std::pair<std::__cxx11::basic_string<char, std::char_traits<char>, std::allocator<char> > const, std::__cxx11::basic_string<char, std::char_traits<char>, std::allocator<char> > > > std::_Rb_tree<std::__cxx11::basic_string<char, std::char_traits<char>, std::allocator<char> >, std::pair<std::__cxx11::basic_string<char, std::char_traits<char>, std::allocator<char> > const, std::__cxx11::basic_string<char, std::char_traits<char>, std::allocator<char> > >, std::_Select1st<std::pair<std::__cxx11::basic_string<char, std::char_traits<char>, std::allocator<char> > const, std::__cxx11::basic_string<char, std::char_traits<char>, std::allocator<char> > > >, std::less<std::__cxx11::basic_string<char, std::char_traits<char>, std::allocator<char> > >, std::allocator<std::pair<std::__cxx11::basic_string<char, std::char_traits<char>, std::allocator<char> > const, std::__cxx11::basic_string<char, std::char_traits<char>, std::allocator<char> > > > >::_M_insert_<std::_Rb_tree<std::__cxx11::basic_string<char, std::char_traits<char>, std::allocator<char> >, std::pair<std::__cxx11::basic_string<char, std::char_traits<char>, std::allocator<char> > const, std::__cxx11::basic_string<char, std::char_traits<char>, std::allocator<char> > >, std::_Select1st<std::pair<std::__cxx11::basic_string<char, std::char_traits<char>, std::allocator<char> > const, std::__cxx11::basic_string<char, std::char_traits<char>, std::allocator<char> > > >, std::less<std::__cxx11::basic_string<char, std::char_traits<char>, std::allocator<char> > >, std::allocator<std::pair<std::__cxx11::basic_string<char, std::char_traits<char>, std::allocator<char> > const, std::__cxx11::basic_string<char, std::char_traits<char>, std::allocator<char> > > > >::_Alloc_node>(std::_Rb_tree_node_base*, std::_Rb_tree_node_base*, std::pair<std::__cxx11::basic_string<char, std::char_traits<char>, std::allocator<char> > const, std::__cxx11::basic_string<char, std::char_traits<char>, std::allocator<char> > > const&, std::_Rb_tree<std::__cxx11::basic_string<char, std::char_traits<char>, std::allocator<char> >, std::pair<std::__cxx11::basic_string<char, std::char_traits<char>, std::allocator<char> > const, std::__cxx11::basic_string<char, std::char_traits<char>, std::allocator<char> > >, std::_Select1st<std::pair<std::__cxx11::basic_string<char, std::char_traits<char>, std::allocator<char> > const, std::__cxx11::basic_string<char, std::char_traits<char>, std::allocator<char> > > >, std::less<std::__cxx11::basic_string<char, std::char_traits<char>, std::allocator<char> > >, std::allocator<std::pair<std::__cxx11::basic_string<char, std::char_traits<char>, std::allocator<char> > const, std::__cxx11::basic_string<char, std::char_traits<char>, std::allocator<char> > > > >::_Alloc_node&) (stl_tree.h:2481)
==22141==    by 0x40386AD: std::_Rb_tree_iterator<std::pair<std::__cxx11::basic_string<char, std::char_traits<char>, std::allocator<char> > const, std::__cxx11::basic_string<char, std::char_traits<char>, std::allocator<char> > > > std::_Rb_tree<std::__cxx11::basic_string<char, std::char_traits<char>, std::allocator<char> >, std::pair<std::__cxx11::basic_string<char, std::char_traits<char>, std::allocator<char> > const, std::__cxx11::basic_string<char, std::char_traits<char>, std::allocator<char> > >, std::_Select1st<std::pair<std::__cxx11::basic_string<char, std::char_traits<char>, std::allocator<char> > const, std::__cxx11::basic_string<char, std::char_traits<char>, std::allocator<char> > > >, std::less<std::__cxx11::basic_string<char, std::char_traits<char>, std::allocator<char> > >, std::allocator<std::pair<std::__cxx11::basic_string<char, std::char_traits<char>, std::allocator<char> > const, std::__cxx11::basic_string<char, std::char_traits<char>, std::allocator<char> > > > >::_M_insert_unique_<std::_Rb_tree<std::__cxx11::basic_string<char, std::char_traits<char>, std::allocator<char> >, std::pair<std::__cxx11::basic_string<char, std::char_traits<char>, std::allocator<char> > const, std::__cxx11::basic_string<char, std::char_traits<char>, std::allocator<char> > >, std::_Select1st<std::pair<std::__cxx11::basic_string<char, std::char_traits<char>, std::allocator<char> > const, std::__cxx11::basic_string<char, std::char_traits<char>, std::allocator<char> > > >, std::less<std::__cxx11::basic_string<char, std::char_traits<char>, std::allocator<char> > >, std::allocator<std::pair<std::__cxx11::basic_string<char, std::char_traits<char>, std::allocator<char> > const, std::__cxx11::basic_string<char, std::char_traits<char>, std::allocator<char> > > > >::_Alloc_node>(std::_Rb_tree_const_iterator<std::pair<std::__cxx11::basic_string<char, std::char_traits<char>, std::allocator<char> > const, std::__cxx11::basic_string<char, std::char_traits<char>, std::allocator<char> > > >, std::pair<std::__cxx11::basic_string<char, std::char_traits<char>, std::allocator<char> > const, std::__cxx11::basic_string<char, std::char_traits<char>, std::allocator<char> > > const&, std::_Rb_tree<std::__cxx11::basic_string<char, std::char_traits<char>, std::allocator<char> >, std::pair<std::__cxx11::basic_string<char, std::char_traits<char>, std::allocator<char> > const, std::__cxx11::basic_string<char, std::char_traits<char>, std::allocator<char> > >, std::_Select1st<std::pair<std::__cxx11::basic_string<char, std::char_traits<char>, std::allocator<char> > const, std::__cxx11::basic_string<char, std::char_traits<char>, std::allocator<char> > > >, std::less<std::__cxx11::basic_string<char, std::char_traits<char>, std::allocator<char> > >, std::allocator<std::pair<std::__cxx11::basic_string<char, std::char_traits<char>, std::allocator<char> > const, std::__cxx11::basic_string<char, std::char_traits<char>, std::allocator<char> > > > >::_Alloc_node&) (stl_tree.h:2905)
==22141==    by 0x4038533: std::_Rb_tree<std::__cxx11::basic_string<char, std::char_traits<char>, std::allocator<char> >, std::pair<std::__cxx11::basic_string<char, std::char_traits<char>, std::allocator<char> > const, std::__cxx11::basic_string<char, std::char_traits<char>, std::allocator<char> > >, std::_Select1st<std::pair<std::__cxx11::basic_string<char, std::char_traits<char>, std::allocator<char> > const, std::__cxx11::basic_string<char, std::char_traits<char>, std::allocator<char> > > >, std::less<std::__cxx11::basic_string<char, std::char_traits<char>, std::allocator<char> > >, std::allocator<std::pair<std::__cxx11::basic_string<char, std::char_traits<char>, std::allocator<char> > const, std::__cxx11::basic_string<char, std::char_traits<char>, std::allocator<char> > > > >::_M_insert_unique_(std::_Rb_tree_const_iterator<std::pair<std::__cxx11::basic_string<char, std::char_traits<char>, std::allocator<char> > const, std::__cxx11::basic_string<char, std::char_traits<char>, std::allocator<char> > > >, std::pair<std::__cxx11::basic_string<char, std::char_traits<char>, std::allocator<char> > const, std::__cxx11::basic_string<char, std::char_traits<char>, std::allocator<char> > > const&) (stl_tree.h:1770)
==22141==    by 0x4038415: std::map<std::__cxx11::basic_string<char, std::char_traits<char>, std::allocator<char> >, std::__cxx11::basic_string<char, std::char_traits<char>, std::allocator<char> >, std::less<std::__cxx11::basic_string<char, std::char_traits<char>, std::allocator<char> > >, std::allocator<std::pair<std::__cxx11::basic_string<char, std::char_traits<char>, std::allocator<char> > const, std::__cxx11::basic_string<char, std::char_traits<char>, std::allocator<char> > > > >::insert(std::_Rb_tree_iterator<std::pair<std::__cxx11::basic_string<char, std::char_traits<char>, std::allocator<char> > const, std::__cxx11::basic_string<char, std::char_traits<char>, std::allocator<char> > > >, std::pair<std::__cxx11::basic_string<char, std::char_traits<char>, std::allocator<char> > const, std::__cxx11::basic_string<char, std::char_traits<char>, std::allocator<char> > > const&) (stl_map.h:954)
==22141==    by 0x40381D8: std::map<std::__cxx11::basic_string<char, std::char_traits<char>, std::allocator<char> >, std::__cxx11::basic_string<char, std::char_traits<char>, std::allocator<char> >, std::less<std::__cxx11::basic_string<char, std::char_traits<char>, std::allocator<char> > >, std::allocator<std::pair<std::__cxx11::basic_string<char, std::char_traits<char>, std::allocator<char> > const, std::__cxx11::basic_string<char, std::char_traits<char>, std::allocator<char> > > > >::operator[](std::__cxx11::basic_string<char, std::char_traits<char>, std::allocator<char> > const&) (stl_map.h:540)
==22141==    by 0x4037379: MimeTypes::initMap[abi:cxx11]() (MimeTypes.cpp:10)
==22141==    by 0x4038080: __static_initialization_and_destruction_0() (MimeTypes.cpp:32)
==22141== 
==22141== 96 bytes in 1 blocks are still reachable in loss record 40 of 80
==22141==    at 0x48B1FD3: operator new(unsigned long) (vg_replace_malloc.c:487)
==22141==    by 0x40304BC: std::__new_allocator<std::_Rb_tree_node<std::pair<std::__cxx11::basic_string<char, std::char_traits<char>, std::allocator<char> > const, std::__cxx11::basic_string<char, std::char_traits<char>, std::allocator<char> > > > >::allocate(unsigned long, void const*) (new_allocator.h:151)
==22141==    by 0x402FA35: allocate (alloc_traits.h:142)
==22141==    by 0x402FA35: std::_Rb_tree<std::__cxx11::basic_string<char, std::char_traits<char>, std::allocator<char> >, std::pair<std::__cxx11::basic_string<char, std::char_traits<char>, std::allocator<char> > const, std::__cxx11::basic_string<char, std::char_traits<char>, std::allocator<char> > >, std::_Select1st<std::pair<std::__cxx11::basic_string<char, std::char_traits<char>, std::allocator<char> > const, std::__cxx11::basic_string<char, std::char_traits<char>, std::allocator<char> > > >, std::less<std::__cxx11::basic_string<char, std::char_traits<char>, std::allocator<char> > >, std::allocator<std::pair<std::__cxx11::basic_string<char, std::char_traits<char>, std::allocator<char> > const, std::__cxx11::basic_string<char, std::char_traits<char>, std::allocator<char> > > > >::_M_get_node() (stl_tree.h:1170)
==22141==    by 0x402F121: std::_Rb_tree<std::__cxx11::basic_string<char, std::char_traits<char>, std::allocator<char> >, std::pair<std::__cxx11::basic_string<char, std::char_traits<char>, std::allocator<char> > const, std::__cxx11::basic_string<char, std::char_traits<char>, std::allocator<char> > >, std::_Select1st<std::pair<std::__cxx11::basic_string<char, std::char_traits<char>, std::allocator<char> > const, std::__cxx11::basic_string<char, std::char_traits<char>, std::allocator<char> > > >, std::less<std::__cxx11::basic_string<char, std::char_traits<char>, std::allocator<char> > >, std::allocator<std::pair<std::__cxx11::basic_string<char, std::char_traits<char>, std::allocator<char> > const, std::__cxx11::basic_string<char, std::char_traits<char>, std::allocator<char> > > > >::_M_create_node(std::pair<std::__cxx11::basic_string<char, std::char_traits<char>, std::allocator<char> > const, std::__cxx11::basic_string<char, std::char_traits<char>, std::allocator<char> > > const&) (stl_tree.h:1225)
==22141==    by 0x402E881: std::_Rb_tree_node<std::pair<std::__cxx11::basic_string<char, std::char_traits<char>, std::allocator<char> > const, std::__cxx11::basic_string<char, std::char_traits<char>, std::allocator<char> > > >* std::_Rb_tree<std::__cxx11::basic_string<char, std::char_traits<char>, std::allocator<char> >, std::pair<std::__cxx11::basic_string<char, std::char_traits<char>, std::allocator<char> > const, std::__cxx11::basic_string<char, std::char_traits<char>, std::allocator<char> > >, std::_Select1st<std::pair<std::__cxx11::basic_string<char, std::char_traits<char>, std::allocator<char> > const, std::__cxx11::basic_string<char, std::char_traits<char>, std::allocator<char> > > >, std::less<std::__cxx11::basic_string<char, std::char_traits<char>, std::allocator<char> > >, std::allocator<std::pair<std::__cxx11::basic_string<char, std::char_traits<char>, std::allocator<char> > const, std::__cxx11::basic_string<char, std::char_traits<char>, std::allocator<char> > > > >::_Alloc_node::operator()<std::pair<std::__cxx11::basic_string<char, std::char_traits<char>, std::allocator<char> > const, std::__cxx11::basic_string<char, std::char_traits<char>, std::allocator<char> > > >(std::pair<std::__cxx11::basic_string<char, std::char_traits<char>, std::allocator<char> > const, std::__cxx11::basic_string<char, std::char_traits<char>, std::allocator<char> > > const&) const (stl_tree.h:1136)
==22141==    by 0x402DE2C: std::_Rb_tree_iterator<std::pair<std::__cxx11::basic_string<char, std::char_traits<char>, std::allocator<char> > const, std::__cxx11::basic_string<char, std::char_traits<char>, std::allocator<char> > > > std::_Rb_tree<std::__cxx11::basic_string<char, std::char_traits<char>, std::allocator<char> >, std::pair<std::__cxx11::basic_string<char, std::char_traits<char>, std::allocator<char> > const, std::__cxx11::basic_string<char, std::char_traits<char>, std::allocator<char> > >, std::_Select1st<std::pair<std::__cxx11::basic_string<char, std::char_traits<char>, std::allocator<char> > const, std::__cxx11::basic_string<char, std::char_traits<char>, std::allocator<char> > > >, std::less<std::__cxx11::basic_string<char, std::char_traits<char>, std::allocator<char> > >, std::allocator<std::pair<std::__cxx11::basic_string<char, std::char_traits<char>, std::allocator<char> > const, std::__cxx11::basic_string<char, std::char_traits<char>, std::allocator<char> > > > >::_M_insert_<std::_Rb_tree<std::__cxx11::basic_string<char, std::char_traits<char>, std::allocator<char> >, std::pair<std::__cxx11::basic_string<char, std::char_traits<char>, std::allocator<char> > const, std::__cxx11::basic_string<char, std::char_traits<char>, std::allocator<char> > >, std::_Select1st<std::pair<std::__cxx11::basic_string<char, std::char_traits<char>, std::allocator<char> > const, std::__cxx11::basic_string<char, std::char_traits<char>, std::allocator<char> > > >, std::less<std::__cxx11::basic_string<char, std::char_traits<char>, std::allocator<char> > >, std::allocator<std::pair<std::__cxx11::basic_string<char, std::char_traits<char>, std::allocator<char> > const, std::__cxx11::basic_string<char, std::char_traits<char>, std::allocator<char> > > > >::_Alloc_node>(std::_Rb_tree_node_base*, std::_Rb_tree_node_base*, std::pair<std::__cxx11::basic_string<char, std::char_traits<char>, std::allocator<char> > const, std::__cxx11::basic_string<char, std::char_traits<char>, std::allocator<char> > > const&, std::_Rb_tree<std::__cxx11::basic_string<char, std::char_traits<char>, std::allocator<char> >, std::pair<std::__cxx11::basic_string<char, std::char_traits<char>, std::allocator<char> > const, std::__cxx11::basic_string<char, std::char_traits<char>, std::allocator<char> > >, std::_Select1st<std::pair<std::__cxx11::basic_string<char, std::char_traits<char>, std::allocator<char> > const, std::__cxx11::basic_string<char, std::char_traits<char>, std::allocator<char> > > >, std::less<std::__cxx11::basic_string<char, std::char_traits<char>, std::allocator<char> > >, std::allocator<std::pair<std::__cxx11::basic_string<char, std::char_traits<char>, std::allocator<char> > const, std::__cxx11::basic_string<char, std::char_traits<char>, std::allocator<char> > > > >::_Alloc_node&) (stl_tree.h:2481)
==22141==    by 0x40386AD: std::_Rb_tree_iterator<std::pair<std::__cxx11::basic_string<char, std::char_traits<char>, std::allocator<char> > const, std::__cxx11::basic_string<char, std::char_traits<char>, std::allocator<char> > > > std::_Rb_tree<std::__cxx11::basic_string<char, std::char_traits<char>, std::allocator<char> >, std::pair<std::__cxx11::basic_string<char, std::char_traits<char>, std::allocator<char> > const, std::__cxx11::basic_string<char, std::char_traits<char>, std::allocator<char> > >, std::_Select1st<std::pair<std::__cxx11::basic_string<char, std::char_traits<char>, std::allocator<char> > const, std::__cxx11::basic_string<char, std::char_traits<char>, std::allocator<char> > > >, std::less<std::__cxx11::basic_string<char, std::char_traits<char>, std::allocator<char> > >, std::allocator<std::pair<std::__cxx11::basic_string<char, std::char_traits<char>, std::allocator<char> > const, std::__cxx11::basic_string<char, std::char_traits<char>, std::allocator<char> > > > >::_M_insert_unique_<std::_Rb_tree<std::__cxx11::basic_string<char, std::char_traits<char>, std::allocator<char> >, std::pair<std::__cxx11::basic_string<char, std::char_traits<char>, std::allocator<char> > const, std::__cxx11::basic_string<char, std::char_traits<char>, std::allocator<char> > >, std::_Select1st<std::pair<std::__cxx11::basic_string<char, std::char_traits<char>, std::allocator<char> > const, std::__cxx11::basic_string<char, std::char_traits<char>, std::allocator<char> > > >, std::less<std::__cxx11::basic_string<char, std::char_traits<char>, std::allocator<char> > >, std::allocator<std::pair<std::__cxx11::basic_string<char, std::char_traits<char>, std::allocator<char> > const, std::__cxx11::basic_string<char, std::char_traits<char>, std::allocator<char> > > > >::_Alloc_node>(std::_Rb_tree_const_iterator<std::pair<std::__cxx11::basic_string<char, std::char_traits<char>, std::allocator<char> > const, std::__cxx11::basic_string<char, std::char_traits<char>, std::allocator<char> > > >, std::pair<std::__cxx11::basic_string<char, std::char_traits<char>, std::allocator<char> > const, std::__cxx11::basic_string<char, std::char_traits<char>, std::allocator<char> > > const&, std::_Rb_tree<std::__cxx11::basic_string<char, std::char_traits<char>, std::allocator<char> >, std::pair<std::__cxx11::basic_string<char, std::char_traits<char>, std::allocator<char> > const, std::__cxx11::basic_string<char, std::char_traits<char>, std::allocator<char> > >, std::_Select1st<std::pair<std::__cxx11::basic_string<char, std::char_traits<char>, std::allocator<char> > const, std::__cxx11::basic_string<char, std::char_traits<char>, std::allocator<char> > > >, std::less<std::__cxx11::basic_string<char, std::char_traits<char>, std::allocator<char> > >, std::allocator<std::pair<std::__cxx11::basic_string<char, std::char_traits<char>, std::allocator<char> > const, std::__cxx11::basic_string<char, std::char_traits<char>, std::allocator<char> > > > >::_Alloc_node&) (stl_tree.h:2905)
==22141==    by 0x4038533: std::_Rb_tree<std::__cxx11::basic_string<char, std::char_traits<char>, std::allocator<char> >, std::pair<std::__cxx11::basic_string<char, std::char_traits<char>, std::allocator<char> > const, std::__cxx11::basic_string<char, std::char_traits<char>, std::allocator<char> > >, std::_Select1st<std::pair<std::__cxx11::basic_string<char, std::char_traits<char>, std::allocator<char> > const, std::__cxx11::basic_string<char, std::char_traits<char>, std::allocator<char> > > >, std::less<std::__cxx11::basic_string<char, std::char_traits<char>, std::allocator<char> > >, std::allocator<std::pair<std::__cxx11::basic_string<char, std::char_traits<char>, std::allocator<char> > const, std::__cxx11::basic_string<char, std::char_traits<char>, std::allocator<char> > > > >::_M_insert_unique_(std::_Rb_tree_const_iterator<std::pair<std::__cxx11::basic_string<char, std::char_traits<char>, std::allocator<char> > const, std::__cxx11::basic_string<char, std::char_traits<char>, std::allocator<char> > > >, std::pair<std::__cxx11::basic_string<char, std::char_traits<char>, std::allocator<char> > const, std::__cxx11::basic_string<char, std::char_traits<char>, std::allocator<char> > > const&) (stl_tree.h:1770)
==22141==    by 0x4038415: std::map<std::__cxx11::basic_string<char, std::char_traits<char>, std::allocator<char> >, std::__cxx11::basic_string<char, std::char_traits<char>, std::allocator<char> >, std::less<std::__cxx11::basic_string<char, std::char_traits<char>, std::allocator<char> > >, std::allocator<std::pair<std::__cxx11::basic_string<char, std::char_traits<char>, std::allocator<char> > const, std::__cxx11::basic_string<char, std::char_traits<char>, std::allocator<char> > > > >::insert(std::_Rb_tree_iterator<std::pair<std::__cxx11::basic_string<char, std::char_traits<char>, std::allocator<char> > const, std::__cxx11::basic_string<char, std::char_traits<char>, std::allocator<char> > > >, std::pair<std::__cxx11::basic_string<char, std::char_traits<char>, std::allocator<char> > const, std::__cxx11::basic_string<char, std::char_traits<char>, std::allocator<char> > > const&) (stl_map.h:954)
==22141==    by 0x40381D8: std::map<std::__cxx11::basic_string<char, std::char_traits<char>, std::allocator<char> >, std::__cxx11::basic_string<char, std::char_traits<char>, std::allocator<char> >, std::less<std::__cxx11::basic_string<char, std::char_traits<char>, std::allocator<char> > >, std::allocator<std::pair<std::__cxx11::basic_string<char, std::char_traits<char>, std::allocator<char> > const, std::__cxx11::basic_string<char, std::char_traits<char>, std::allocator<char> > > > >::operator[](std::__cxx11::basic_string<char, std::char_traits<char>, std::allocator<char> > const&) (stl_map.h:540)
==22141==    by 0x40373ED: MimeTypes::initMap[abi:cxx11]() (MimeTypes.cpp:11)
==22141==    by 0x4038080: __static_initialization_and_destruction_0() (MimeTypes.cpp:32)
==22141== 
==22141== 96 bytes in 1 blocks are still reachable in loss record 41 of 80
==22141==    at 0x48B1FD3: operator new(unsigned long) (vg_replace_malloc.c:487)
==22141==    by 0x40304BC: std::__new_allocator<std::_Rb_tree_node<std::pair<std::__cxx11::basic_string<char, std::char_traits<char>, std::allocator<char> > const, std::__cxx11::basic_string<char, std::char_traits<char>, std::allocator<char> > > > >::allocate(unsigned long, void const*) (new_allocator.h:151)
==22141==    by 0x402FA35: allocate (alloc_traits.h:142)
==22141==    by 0x402FA35: std::_Rb_tree<std::__cxx11::basic_string<char, std::char_traits<char>, std::allocator<char> >, std::pair<std::__cxx11::basic_string<char, std::char_traits<char>, std::allocator<char> > const, std::__cxx11::basic_string<char, std::char_traits<char>, std::allocator<char> > >, std::_Select1st<std::pair<std::__cxx11::basic_string<char, std::char_traits<char>, std::allocator<char> > const, std::__cxx11::basic_string<char, std::char_traits<char>, std::allocator<char> > > >, std::less<std::__cxx11::basic_string<char, std::char_traits<char>, std::allocator<char> > >, std::allocator<std::pair<std::__cxx11::basic_string<char, std::char_traits<char>, std::allocator<char> > const, std::__cxx11::basic_string<char, std::char_traits<char>, std::allocator<char> > > > >::_M_get_node() (stl_tree.h:1170)
==22141==    by 0x402F121: std::_Rb_tree<std::__cxx11::basic_string<char, std::char_traits<char>, std::allocator<char> >, std::pair<std::__cxx11::basic_string<char, std::char_traits<char>, std::allocator<char> > const, std::__cxx11::basic_string<char, std::char_traits<char>, std::allocator<char> > >, std::_Select1st<std::pair<std::__cxx11::basic_string<char, std::char_traits<char>, std::allocator<char> > const, std::__cxx11::basic_string<char, std::char_traits<char>, std::allocator<char> > > >, std::less<std::__cxx11::basic_string<char, std::char_traits<char>, std::allocator<char> > >, std::allocator<std::pair<std::__cxx11::basic_string<char, std::char_traits<char>, std::allocator<char> > const, std::__cxx11::basic_string<char, std::char_traits<char>, std::allocator<char> > > > >::_M_create_node(std::pair<std::__cxx11::basic_string<char, std::char_traits<char>, std::allocator<char> > const, std::__cxx11::basic_string<char, std::char_traits<char>, std::allocator<char> > > const&) (stl_tree.h:1225)
==22141==    by 0x402E881: std::_Rb_tree_node<std::pair<std::__cxx11::basic_string<char, std::char_traits<char>, std::allocator<char> > const, std::__cxx11::basic_string<char, std::char_traits<char>, std::allocator<char> > > >* std::_Rb_tree<std::__cxx11::basic_string<char, std::char_traits<char>, std::allocator<char> >, std::pair<std::__cxx11::basic_string<char, std::char_traits<char>, std::allocator<char> > const, std::__cxx11::basic_string<char, std::char_traits<char>, std::allocator<char> > >, std::_Select1st<std::pair<std::__cxx11::basic_string<char, std::char_traits<char>, std::allocator<char> > const, std::__cxx11::basic_string<char, std::char_traits<char>, std::allocator<char> > > >, std::less<std::__cxx11::basic_string<char, std::char_traits<char>, std::allocator<char> > >, std::allocator<std::pair<std::__cxx11::basic_string<char, std::char_traits<char>, std::allocator<char> > const, std::__cxx11::basic_string<char, std::char_traits<char>, std::allocator<char> > > > >::_Alloc_node::operator()<std::pair<std::__cxx11::basic_string<char, std::char_traits<char>, std::allocator<char> > const, std::__cxx11::basic_string<char, std::char_traits<char>, std::allocator<char> > > >(std::pair<std::__cxx11::basic_string<char, std::char_traits<char>, std::allocator<char> > const, std::__cxx11::basic_string<char, std::char_traits<char>, std::allocator<char> > > const&) const (stl_tree.h:1136)
==22141==    by 0x402DE2C: std::_Rb_tree_iterator<std::pair<std::__cxx11::basic_string<char, std::char_traits<char>, std::allocator<char> > const, std::__cxx11::basic_string<char, std::char_traits<char>, std::allocator<char> > > > std::_Rb_tree<std::__cxx11::basic_string<char, std::char_traits<char>, std::allocator<char> >, std::pair<std::__cxx11::basic_string<char, std::char_traits<char>, std::allocator<char> > const, std::__cxx11::basic_string<char, std::char_traits<char>, std::allocator<char> > >, std::_Select1st<std::pair<std::__cxx11::basic_string<char, std::char_traits<char>, std::allocator<char> > const, std::__cxx11::basic_string<char, std::char_traits<char>, std::allocator<char> > > >, std::less<std::__cxx11::basic_string<char, std::char_traits<char>, std::allocator<char> > >, std::allocator<std::pair<std::__cxx11::basic_string<char, std::char_traits<char>, std::allocator<char> > const, std::__cxx11::basic_string<char, std::char_traits<char>, std::allocator<char> > > > >::_M_insert_<std::_Rb_tree<std::__cxx11::basic_string<char, std::char_traits<char>, std::allocator<char> >, std::pair<std::__cxx11::basic_string<char, std::char_traits<char>, std::allocator<char> > const, std::__cxx11::basic_string<char, std::char_traits<char>, std::allocator<char> > >, std::_Select1st<std::pair<std::__cxx11::basic_string<char, std::char_traits<char>, std::allocator<char> > const, std::__cxx11::basic_string<char, std::char_traits<char>, std::allocator<char> > > >, std::less<std::__cxx11::basic_string<char, std::char_traits<char>, std::allocator<char> > >, std::allocator<std::pair<std::__cxx11::basic_string<char, std::char_traits<char>, std::allocator<char> > const, std::__cxx11::basic_string<char, std::char_traits<char>, std::allocator<char> > > > >::_Alloc_node>(std::_Rb_tree_node_base*, std::_Rb_tree_node_base*, std::pair<std::__cxx11::basic_string<char, std::char_traits<char>, std::allocator<char> > const, std::__cxx11::basic_string<char, std::char_traits<char>, std::allocator<char> > > const&, std::_Rb_tree<std::__cxx11::basic_string<char, std::char_traits<char>, std::allocator<char> >, std::pair<std::__cxx11::basic_string<char, std::char_traits<char>, std::allocator<char> > const, std::__cxx11::basic_string<char, std::char_traits<char>, std::allocator<char> > >, std::_Select1st<std::pair<std::__cxx11::basic_string<char, std::char_traits<char>, std::allocator<char> > const, std::__cxx11::basic_string<char, std::char_traits<char>, std::allocator<char> > > >, std::less<std::__cxx11::basic_string<char, std::char_traits<char>, std::allocator<char> > >, std::allocator<std::pair<std::__cxx11::basic_string<char, std::char_traits<char>, std::allocator<char> > const, std::__cxx11::basic_string<char, std::char_traits<char>, std::allocator<char> > > > >::_Alloc_node&) (stl_tree.h:2481)
==22141==    by 0x40386AD: std::_Rb_tree_iterator<std::pair<std::__cxx11::basic_string<char, std::char_traits<char>, std::allocator<char> > const, std::__cxx11::basic_string<char, std::char_traits<char>, std::allocator<char> > > > std::_Rb_tree<std::__cxx11::basic_string<char, std::char_traits<char>, std::allocator<char> >, std::pair<std::__cxx11::basic_string<char, std::char_traits<char>, std::allocator<char> > const, std::__cxx11::basic_string<char, std::char_traits<char>, std::allocator<char> > >, std::_Select1st<std::pair<std::__cxx11::basic_string<char, std::char_traits<char>, std::allocator<char> > const, std::__cxx11::basic_string<char, std::char_traits<char>, std::allocator<char> > > >, std::less<std::__cxx11::basic_string<char, std::char_traits<char>, std::allocator<char> > >, std::allocator<std::pair<std::__cxx11::basic_string<char, std::char_traits<char>, std::allocator<char> > const, std::__cxx11::basic_string<char, std::char_traits<char>, std::allocator<char> > > > >::_M_insert_unique_<std::_Rb_tree<std::__cxx11::basic_string<char, std::char_traits<char>, std::allocator<char> >, std::pair<std::__cxx11::basic_string<char, std::char_traits<char>, std::allocator<char> > const, std::__cxx11::basic_string<char, std::char_traits<char>, std::allocator<char> > >, std::_Select1st<std::pair<std::__cxx11::basic_string<char, std::char_traits<char>, std::allocator<char> > const, std::__cxx11::basic_string<char, std::char_traits<char>, std::allocator<char> > > >, std::less<std::__cxx11::basic_string<char, std::char_traits<char>, std::allocator<char> > >, std::allocator<std::pair<std::__cxx11::basic_string<char, std::char_traits<char>, std::allocator<char> > const, std::__cxx11::basic_string<char, std::char_traits<char>, std::allocator<char> > > > >::_Alloc_node>(std::_Rb_tree_const_iterator<std::pair<std::__cxx11::basic_string<char, std::char_traits<char>, std::allocator<char> > const, std::__cxx11::basic_string<char, std::char_traits<char>, std::allocator<char> > > >, std::pair<std::__cxx11::basic_string<char, std::char_traits<char>, std::allocator<char> > const, std::__cxx11::basic_string<char, std::char_traits<char>, std::allocator<char> > > const&, std::_Rb_tree<std::__cxx11::basic_string<char, std::char_traits<char>, std::allocator<char> >, std::pair<std::__cxx11::basic_string<char, std::char_traits<char>, std::allocator<char> > const, std::__cxx11::basic_string<char, std::char_traits<char>, std::allocator<char> > >, std::_Select1st<std::pair<std::__cxx11::basic_string<char, std::char_traits<char>, std::allocator<char> > const, std::__cxx11::basic_string<char, std::char_traits<char>, std::allocator<char> > > >, std::less<std::__cxx11::basic_string<char, std::char_traits<char>, std::allocator<char> > >, std::allocator<std::pair<std::__cxx11::basic_string<char, std::char_traits<char>, std::allocator<char> > const, std::__cxx11::basic_string<char, std::char_traits<char>, std::allocator<char> > > > >::_Alloc_node&) (stl_tree.h:2905)
==22141==    by 0x4038533: std::_Rb_tree<std::__cxx11::basic_string<char, std::char_traits<char>, std::allocator<char> >, std::pair<std::__cxx11::basic_string<char, std::char_traits<char>, std::allocator<char> > const, std::__cxx11::basic_string<char, std::char_traits<char>, std::allocator<char> > >, std::_Select1st<std::pair<std::__cxx11::basic_string<char, std::char_traits<char>, std::allocator<char> > const, std::__cxx11::basic_string<char, std::char_traits<char>, std::allocator<char> > > >, std::less<std::__cxx11::basic_string<char, std::char_traits<char>, std::allocator<char> > >, std::allocator<std::pair<std::__cxx11::basic_string<char, std::char_traits<char>, std::allocator<char> > const, std::__cxx11::basic_string<char, std::char_traits<char>, std::allocator<char> > > > >::_M_insert_unique_(std::_Rb_tree_const_iterator<std::pair<std::__cxx11::basic_string<char, std::char_traits<char>, std::allocator<char> > const, std::__cxx11::basic_string<char, std::char_traits<char>, std::allocator<char> > > >, std::pair<std::__cxx11::basic_string<char, std::char_traits<char>, std::allocator<char> > const, std::__cxx11::basic_string<char, std::char_traits<char>, std::allocator<char> > > const&) (stl_tree.h:1770)
==22141==    by 0x4038415: std::map<std::__cxx11::basic_string<char, std::char_traits<char>, std::allocator<char> >, std::__cxx11::basic_string<char, std::char_traits<char>, std::allocator<char> >, std::less<std::__cxx11::basic_string<char, std::char_traits<char>, std::allocator<char> > >, std::allocator<std::pair<std::__cxx11::basic_string<char, std::char_traits<char>, std::allocator<char> > const, std::__cxx11::basic_string<char, std::char_traits<char>, std::allocator<char> > > > >::insert(std::_Rb_tree_iterator<std::pair<std::__cxx11::basic_string<char, std::char_traits<char>, std::allocator<char> > const, std::__cxx11::basic_string<char, std::char_traits<char>, std::allocator<char> > > >, std::pair<std::__cxx11::basic_string<char, std::char_traits<char>, std::allocator<char> > const, std::__cxx11::basic_string<char, std::char_traits<char>, std::allocator<char> > > const&) (stl_map.h:954)
==22141==    by 0x40381D8: std::map<std::__cxx11::basic_string<char, std::char_traits<char>, std::allocator<char> >, std::__cxx11::basic_string<char, std::char_traits<char>, std::allocator<char> >, std::less<std::__cxx11::basic_string<char, std::char_traits<char>, std::allocator<char> > >, std::allocator<std::pair<std::__cxx11::basic_string<char, std::char_traits<char>, std::allocator<char> > const, std::__cxx11::basic_string<char, std::char_traits<char>, std::allocator<char> > > > >::operator[](std::__cxx11::basic_string<char, std::char_traits<char>, std::allocator<char> > const&) (stl_map.h:540)
==22141==    by 0x4037461: MimeTypes::initMap[abi:cxx11]() (MimeTypes.cpp:12)
==22141==    by 0x4038080: __static_initialization_and_destruction_0() (MimeTypes.cpp:32)
==22141== 
==22141== 96 bytes in 1 blocks are still reachable in loss record 42 of 80
==22141==    at 0x48B1FD3: operator new(unsigned long) (vg_replace_malloc.c:487)
==22141==    by 0x40304BC: std::__new_allocator<std::_Rb_tree_node<std::pair<std::__cxx11::basic_string<char, std::char_traits<char>, std::allocator<char> > const, std::__cxx11::basic_string<char, std::char_traits<char>, std::allocator<char> > > > >::allocate(unsigned long, void const*) (new_allocator.h:151)
==22141==    by 0x402FA35: allocate (alloc_traits.h:142)
==22141==    by 0x402FA35: std::_Rb_tree<std::__cxx11::basic_string<char, std::char_traits<char>, std::allocator<char> >, std::pair<std::__cxx11::basic_string<char, std::char_traits<char>, std::allocator<char> > const, std::__cxx11::basic_string<char, std::char_traits<char>, std::allocator<char> > >, std::_Select1st<std::pair<std::__cxx11::basic_string<char, std::char_traits<char>, std::allocator<char> > const, std::__cxx11::basic_string<char, std::char_traits<char>, std::allocator<char> > > >, std::less<std::__cxx11::basic_string<char, std::char_traits<char>, std::allocator<char> > >, std::allocator<std::pair<std::__cxx11::basic_string<char, std::char_traits<char>, std::allocator<char> > const, std::__cxx11::basic_string<char, std::char_traits<char>, std::allocator<char> > > > >::_M_get_node() (stl_tree.h:1170)
==22141==    by 0x402F121: std::_Rb_tree<std::__cxx11::basic_string<char, std::char_traits<char>, std::allocator<char> >, std::pair<std::__cxx11::basic_string<char, std::char_traits<char>, std::allocator<char> > const, std::__cxx11::basic_string<char, std::char_traits<char>, std::allocator<char> > >, std::_Select1st<std::pair<std::__cxx11::basic_string<char, std::char_traits<char>, std::allocator<char> > const, std::__cxx11::basic_string<char, std::char_traits<char>, std::allocator<char> > > >, std::less<std::__cxx11::basic_string<char, std::char_traits<char>, std::allocator<char> > >, std::allocator<std::pair<std::__cxx11::basic_string<char, std::char_traits<char>, std::allocator<char> > const, std::__cxx11::basic_string<char, std::char_traits<char>, std::allocator<char> > > > >::_M_create_node(std::pair<std::__cxx11::basic_string<char, std::char_traits<char>, std::allocator<char> > const, std::__cxx11::basic_string<char, std::char_traits<char>, std::allocator<char> > > const&) (stl_tree.h:1225)
==22141==    by 0x402E881: std::_Rb_tree_node<std::pair<std::__cxx11::basic_string<char, std::char_traits<char>, std::allocator<char> > const, std::__cxx11::basic_string<char, std::char_traits<char>, std::allocator<char> > > >* std::_Rb_tree<std::__cxx11::basic_string<char, std::char_traits<char>, std::allocator<char> >, std::pair<std::__cxx11::basic_string<char, std::char_traits<char>, std::allocator<char> > const, std::__cxx11::basic_string<char, std::char_traits<char>, std::allocator<char> > >, std::_Select1st<std::pair<std::__cxx11::basic_string<char, std::char_traits<char>, std::allocator<char> > const, std::__cxx11::basic_string<char, std::char_traits<char>, std::allocator<char> > > >, std::less<std::__cxx11::basic_string<char, std::char_traits<char>, std::allocator<char> > >, std::allocator<std::pair<std::__cxx11::basic_string<char, std::char_traits<char>, std::allocator<char> > const, std::__cxx11::basic_string<char, std::char_traits<char>, std::allocator<char> > > > >::_Alloc_node::operator()<std::pair<std::__cxx11::basic_string<char, std::char_traits<char>, std::allocator<char> > const, std::__cxx11::basic_string<char, std::char_traits<char>, std::allocator<char> > > >(std::pair<std::__cxx11::basic_string<char, std::char_traits<char>, std::allocator<char> > const, std::__cxx11::basic_string<char, std::char_traits<char>, std::allocator<char> > > const&) const (stl_tree.h:1136)
==22141==    by 0x402DE2C: std::_Rb_tree_iterator<std::pair<std::__cxx11::basic_string<char, std::char_traits<char>, std::allocator<char> > const, std::__cxx11::basic_string<char, std::char_traits<char>, std::allocator<char> > > > std::_Rb_tree<std::__cxx11::basic_string<char, std::char_traits<char>, std::allocator<char> >, std::pair<std::__cxx11::basic_string<char, std::char_traits<char>, std::allocator<char> > const, std::__cxx11::basic_string<char, std::char_traits<char>, std::allocator<char> > >, std::_Select1st<std::pair<std::__cxx11::basic_string<char, std::char_traits<char>, std::allocator<char> > const, std::__cxx11::basic_string<char, std::char_traits<char>, std::allocator<char> > > >, std::less<std::__cxx11::basic_string<char, std::char_traits<char>, std::allocator<char> > >, std::allocator<std::pair<std::__cxx11::basic_string<char, std::char_traits<char>, std::allocator<char> > const, std::__cxx11::basic_string<char, std::char_traits<char>, std::allocator<char> > > > >::_M_insert_<std::_Rb_tree<std::__cxx11::basic_string<char, std::char_traits<char>, std::allocator<char> >, std::pair<std::__cxx11::basic_string<char, std::char_traits<char>, std::allocator<char> > const, std::__cxx11::basic_string<char, std::char_traits<char>, std::allocator<char> > >, std::_Select1st<std::pair<std::__cxx11::basic_string<char, std::char_traits<char>, std::allocator<char> > const, std::__cxx11::basic_string<char, std::char_traits<char>, std::allocator<char> > > >, std::less<std::__cxx11::basic_string<char, std::char_traits<char>, std::allocator<char> > >, std::allocator<std::pair<std::__cxx11::basic_string<char, std::char_traits<char>, std::allocator<char> > const, std::__cxx11::basic_string<char, std::char_traits<char>, std::allocator<char> > > > >::_Alloc_node>(std::_Rb_tree_node_base*, std::_Rb_tree_node_base*, std::pair<std::__cxx11::basic_string<char, std::char_traits<char>, std::allocator<char> > const, std::__cxx11::basic_string<char, std::char_traits<char>, std::allocator<char> > > const&, std::_Rb_tree<std::__cxx11::basic_string<char, std::char_traits<char>, std::allocator<char> >, std::pair<std::__cxx11::basic_string<char, std::char_traits<char>, std::allocator<char> > const, std::__cxx11::basic_string<char, std::char_traits<char>, std::allocator<char> > >, std::_Select1st<std::pair<std::__cxx11::basic_string<char, std::char_traits<char>, std::allocator<char> > const, std::__cxx11::basic_string<char, std::char_traits<char>, std::allocator<char> > > >, std::less<std::__cxx11::basic_string<char, std::char_traits<char>, std::allocator<char> > >, std::allocator<std::pair<std::__cxx11::basic_string<char, std::char_traits<char>, std::allocator<char> > const, std::__cxx11::basic_string<char, std::char_traits<char>, std::allocator<char> > > > >::_Alloc_node&) (stl_tree.h:2481)
==22141==    by 0x40386AD: std::_Rb_tree_iterator<std::pair<std::__cxx11::basic_string<char, std::char_traits<char>, std::allocator<char> > const, std::__cxx11::basic_string<char, std::char_traits<char>, std::allocator<char> > > > std::_Rb_tree<std::__cxx11::basic_string<char, std::char_traits<char>, std::allocator<char> >, std::pair<std::__cxx11::basic_string<char, std::char_traits<char>, std::allocator<char> > const, std::__cxx11::basic_string<char, std::char_traits<char>, std::allocator<char> > >, std::_Select1st<std::pair<std::__cxx11::basic_string<char, std::char_traits<char>, std::allocator<char> > const, std::__cxx11::basic_string<char, std::char_traits<char>, std::allocator<char> > > >, std::less<std::__cxx11::basic_string<char, std::char_traits<char>, std::allocator<char> > >, std::allocator<std::pair<std::__cxx11::basic_string<char, std::char_traits<char>, std::allocator<char> > const, std::__cxx11::basic_string<char, std::char_traits<char>, std::allocator<char> > > > >::_M_insert_unique_<std::_Rb_tree<std::__cxx11::basic_string<char, std::char_traits<char>, std::allocator<char> >, std::pair<std::__cxx11::basic_string<char, std::char_traits<char>, std::allocator<char> > const, std::__cxx11::basic_string<char, std::char_traits<char>, std::allocator<char> > >, std::_Select1st<std::pair<std::__cxx11::basic_string<char, std::char_traits<char>, std::allocator<char> > const, std::__cxx11::basic_string<char, std::char_traits<char>, std::allocator<char> > > >, std::less<std::__cxx11::basic_string<char, std::char_traits<char>, std::allocator<char> > >, std::allocator<std::pair<std::__cxx11::basic_string<char, std::char_traits<char>, std::allocator<char> > const, std::__cxx11::basic_string<char, std::char_traits<char>, std::allocator<char> > > > >::_Alloc_node>(std::_Rb_tree_const_iterator<std::pair<std::__cxx11::basic_string<char, std::char_traits<char>, std::allocator<char> > const, std::__cxx11::basic_string<char, std::char_traits<char>, std::allocator<char> > > >, std::pair<std::__cxx11::basic_string<char, std::char_traits<char>, std::allocator<char> > const, std::__cxx11::basic_string<char, std::char_traits<char>, std::allocator<char> > > const&, std::_Rb_tree<std::__cxx11::basic_string<char, std::char_traits<char>, std::allocator<char> >, std::pair<std::__cxx11::basic_string<char, std::char_traits<char>, std::allocator<char> > const, std::__cxx11::basic_string<char, std::char_traits<char>, std::allocator<char> > >, std::_Select1st<std::pair<std::__cxx11::basic_string<char, std::char_traits<char>, std::allocator<char> > const, std::__cxx11::basic_string<char, std::char_traits<char>, std::allocator<char> > > >, std::less<std::__cxx11::basic_string<char, std::char_traits<char>, std::allocator<char> > >, std::allocator<std::pair<std::__cxx11::basic_string<char, std::char_traits<char>, std::allocator<char> > const, std::__cxx11::basic_string<char, std::char_traits<char>, std::allocator<char> > > > >::_Alloc_node&) (stl_tree.h:2905)
==22141==    by 0x4038533: std::_Rb_tree<std::__cxx11::basic_string<char, std::char_traits<char>, std::allocator<char> >, std::pair<std::__cxx11::basic_string<char, std::char_traits<char>, std::allocator<char> > const, std::__cxx11::basic_string<char, std::char_traits<char>, std::allocator<char> > >, std::_Select1st<std::pair<std::__cxx11::basic_string<char, std::char_traits<char>, std::allocator<char> > const, std::__cxx11::basic_string<char, std::char_traits<char>, std::allocator<char> > > >, std::less<std::__cxx11::basic_string<char, std::char_traits<char>, std::allocator<char> > >, std::allocator<std::pair<std::__cxx11::basic_string<char, std::char_traits<char>, std::allocator<char> > const, std::__cxx11::basic_string<char, std::char_traits<char>, std::allocator<char> > > > >::_M_insert_unique_(std::_Rb_tree_const_iterator<std::pair<std::__cxx11::basic_string<char, std::char_traits<char>, std::allocator<char> > const, std::__cxx11::basic_string<char, std::char_traits<char>, std::allocator<char> > > >, std::pair<std::__cxx11::basic_string<char, std::char_traits<char>, std::allocator<char> > const, std::__cxx11::basic_string<char, std::char_traits<char>, std::allocator<char> > > const&) (stl_tree.h:1770)
==22141==    by 0x4038415: std::map<std::__cxx11::basic_string<char, std::char_traits<char>, std::allocator<char> >, std::__cxx11::basic_string<char, std::char_traits<char>, std::allocator<char> >, std::less<std::__cxx11::basic_string<char, std::char_traits<char>, std::allocator<char> > >, std::allocator<std::pair<std::__cxx11::basic_string<char, std::char_traits<char>, std::allocator<char> > const, std::__cxx11::basic_string<char, std::char_traits<char>, std::allocator<char> > > > >::insert(std::_Rb_tree_iterator<std::pair<std::__cxx11::basic_string<char, std::char_traits<char>, std::allocator<char> > const, std::__cxx11::basic_string<char, std::char_traits<char>, std::allocator<char> > > >, std::pair<std::__cxx11::basic_string<char, std::char_traits<char>, std::allocator<char> > const, std::__cxx11::basic_string<char, std::char_traits<char>, std::allocator<char> > > const&) (stl_map.h:954)
==22141==    by 0x40381D8: std::map<std::__cxx11::basic_string<char, std::char_traits<char>, std::allocator<char> >, std::__cxx11::basic_string<char, std::char_traits<char>, std::allocator<char> >, std::less<std::__cxx11::basic_string<char, std::char_traits<char>, std::allocator<char> > >, std::allocator<std::pair<std::__cxx11::basic_string<char, std::char_traits<char>, std::allocator<char> > const, std::__cxx11::basic_string<char, std::char_traits<char>, std::allocator<char> > > > >::operator[](std::__cxx11::basic_string<char, std::char_traits<char>, std::allocator<char> > const&) (stl_map.h:540)
==22141==    by 0x40374D5: MimeTypes::initMap[abi:cxx11]() (MimeTypes.cpp:13)
==22141==    by 0x4038080: __static_initialization_and_destruction_0() (MimeTypes.cpp:32)
==22141== 
==22141== 96 bytes in 1 blocks are still reachable in loss record 43 of 80
==22141==    at 0x48B1FD3: operator new(unsigned long) (vg_replace_malloc.c:487)
==22141==    by 0x40304BC: std::__new_allocator<std::_Rb_tree_node<std::pair<std::__cxx11::basic_string<char, std::char_traits<char>, std::allocator<char> > const, std::__cxx11::basic_string<char, std::char_traits<char>, std::allocator<char> > > > >::allocate(unsigned long, void const*) (new_allocator.h:151)
==22141==    by 0x402FA35: allocate (alloc_traits.h:142)
==22141==    by 0x402FA35: std::_Rb_tree<std::__cxx11::basic_string<char, std::char_traits<char>, std::allocator<char> >, std::pair<std::__cxx11::basic_string<char, std::char_traits<char>, std::allocator<char> > const, std::__cxx11::basic_string<char, std::char_traits<char>, std::allocator<char> > >, std::_Select1st<std::pair<std::__cxx11::basic_string<char, std::char_traits<char>, std::allocator<char> > const, std::__cxx11::basic_string<char, std::char_traits<char>, std::allocator<char> > > >, std::less<std::__cxx11::basic_string<char, std::char_traits<char>, std::allocator<char> > >, std::allocator<std::pair<std::__cxx11::basic_string<char, std::char_traits<char>, std::allocator<char> > const, std::__cxx11::basic_string<char, std::char_traits<char>, std::allocator<char> > > > >::_M_get_node() (stl_tree.h:1170)
==22141==    by 0x402F121: std::_Rb_tree<std::__cxx11::basic_string<char, std::char_traits<char>, std::allocator<char> >, std::pair<std::__cxx11::basic_string<char, std::char_traits<char>, std::allocator<char> > const, std::__cxx11::basic_string<char, std::char_traits<char>, std::allocator<char> > >, std::_Select1st<std::pair<std::__cxx11::basic_string<char, std::char_traits<char>, std::allocator<char> > const, std::__cxx11::basic_string<char, std::char_traits<char>, std::allocator<char> > > >, std::less<std::__cxx11::basic_string<char, std::char_traits<char>, std::allocator<char> > >, std::allocator<std::pair<std::__cxx11::basic_string<char, std::char_traits<char>, std::allocator<char> > const, std::__cxx11::basic_string<char, std::char_traits<char>, std::allocator<char> > > > >::_M_create_node(std::pair<std::__cxx11::basic_string<char, std::char_traits<char>, std::allocator<char> > const, std::__cxx11::basic_string<char, std::char_traits<char>, std::allocator<char> > > const&) (stl_tree.h:1225)
==22141==    by 0x402E881: std::_Rb_tree_node<std::pair<std::__cxx11::basic_string<char, std::char_traits<char>, std::allocator<char> > const, std::__cxx11::basic_string<char, std::char_traits<char>, std::allocator<char> > > >* std::_Rb_tree<std::__cxx11::basic_string<char, std::char_traits<char>, std::allocator<char> >, std::pair<std::__cxx11::basic_string<char, std::char_traits<char>, std::allocator<char> > const, std::__cxx11::basic_string<char, std::char_traits<char>, std::allocator<char> > >, std::_Select1st<std::pair<std::__cxx11::basic_string<char, std::char_traits<char>, std::allocator<char> > const, std::__cxx11::basic_string<char, std::char_traits<char>, std::allocator<char> > > >, std::less<std::__cxx11::basic_string<char, std::char_traits<char>, std::allocator<char> > >, std::allocator<std::pair<std::__cxx11::basic_string<char, std::char_traits<char>, std::allocator<char> > const, std::__cxx11::basic_string<char, std::char_traits<char>, std::allocator<char> > > > >::_Alloc_node::operator()<std::pair<std::__cxx11::basic_string<char, std::char_traits<char>, std::allocator<char> > const, std::__cxx11::basic_string<char, std::char_traits<char>, std::allocator<char> > > >(std::pair<std::__cxx11::basic_string<char, std::char_traits<char>, std::allocator<char> > const, std::__cxx11::basic_string<char, std::char_traits<char>, std::allocator<char> > > const&) const (stl_tree.h:1136)
==22141==    by 0x402DE2C: std::_Rb_tree_iterator<std::pair<std::__cxx11::basic_string<char, std::char_traits<char>, std::allocator<char> > const, std::__cxx11::basic_string<char, std::char_traits<char>, std::allocator<char> > > > std::_Rb_tree<std::__cxx11::basic_string<char, std::char_traits<char>, std::allocator<char> >, std::pair<std::__cxx11::basic_string<char, std::char_traits<char>, std::allocator<char> > const, std::__cxx11::basic_string<char, std::char_traits<char>, std::allocator<char> > >, std::_Select1st<std::pair<std::__cxx11::basic_string<char, std::char_traits<char>, std::allocator<char> > const, std::__cxx11::basic_string<char, std::char_traits<char>, std::allocator<char> > > >, std::less<std::__cxx11::basic_string<char, std::char_traits<char>, std::allocator<char> > >, std::allocator<std::pair<std::__cxx11::basic_string<char, std::char_traits<char>, std::allocator<char> > const, std::__cxx11::basic_string<char, std::char_traits<char>, std::allocator<char> > > > >::_M_insert_<std::_Rb_tree<std::__cxx11::basic_string<char, std::char_traits<char>, std::allocator<char> >, std::pair<std::__cxx11::basic_string<char, std::char_traits<char>, std::allocator<char> > const, std::__cxx11::basic_string<char, std::char_traits<char>, std::allocator<char> > >, std::_Select1st<std::pair<std::__cxx11::basic_string<char, std::char_traits<char>, std::allocator<char> > const, std::__cxx11::basic_string<char, std::char_traits<char>, std::allocator<char> > > >, std::less<std::__cxx11::basic_string<char, std::char_traits<char>, std::allocator<char> > >, std::allocator<std::pair<std::__cxx11::basic_string<char, std::char_traits<char>, std::allocator<char> > const, std::__cxx11::basic_string<char, std::char_traits<char>, std::allocator<char> > > > >::_Alloc_node>(std::_Rb_tree_node_base*, std::_Rb_tree_node_base*, std::pair<std::__cxx11::basic_string<char, std::char_traits<char>, std::allocator<char> > const, std::__cxx11::basic_string<char, std::char_traits<char>, std::allocator<char> > > const&, std::_Rb_tree<std::__cxx11::basic_string<char, std::char_traits<char>, std::allocator<char> >, std::pair<std::__cxx11::basic_string<char, std::char_traits<char>, std::allocator<char> > const, std::__cxx11::basic_string<char, std::char_traits<char>, std::allocator<char> > >, std::_Select1st<std::pair<std::__cxx11::basic_string<char, std::char_traits<char>, std::allocator<char> > const, std::__cxx11::basic_string<char, std::char_traits<char>, std::allocator<char> > > >, std::less<std::__cxx11::basic_string<char, std::char_traits<char>, std::allocator<char> > >, std::allocator<std::pair<std::__cxx11::basic_string<char, std::char_traits<char>, std::allocator<char> > const, std::__cxx11::basic_string<char, std::char_traits<char>, std::allocator<char> > > > >::_Alloc_node&) (stl_tree.h:2481)
==22141==    by 0x40386AD: std::_Rb_tree_iterator<std::pair<std::__cxx11::basic_string<char, std::char_traits<char>, std::allocator<char> > const, std::__cxx11::basic_string<char, std::char_traits<char>, std::allocator<char> > > > std::_Rb_tree<std::__cxx11::basic_string<char, std::char_traits<char>, std::allocator<char> >, std::pair<std::__cxx11::basic_string<char, std::char_traits<char>, std::allocator<char> > const, std::__cxx11::basic_string<char, std::char_traits<char>, std::allocator<char> > >, std::_Select1st<std::pair<std::__cxx11::basic_string<char, std::char_traits<char>, std::allocator<char> > const, std::__cxx11::basic_string<char, std::char_traits<char>, std::allocator<char> > > >, std::less<std::__cxx11::basic_string<char, std::char_traits<char>, std::allocator<char> > >, std::allocator<std::pair<std::__cxx11::basic_string<char, std::char_traits<char>, std::allocator<char> > const, std::__cxx11::basic_string<char, std::char_traits<char>, std::allocator<char> > > > >::_M_insert_unique_<std::_Rb_tree<std::__cxx11::basic_string<char, std::char_traits<char>, std::allocator<char> >, std::pair<std::__cxx11::basic_string<char, std::char_traits<char>, std::allocator<char> > const, std::__cxx11::basic_string<char, std::char_traits<char>, std::allocator<char> > >, std::_Select1st<std::pair<std::__cxx11::basic_string<char, std::char_traits<char>, std::allocator<char> > const, std::__cxx11::basic_string<char, std::char_traits<char>, std::allocator<char> > > >, std::less<std::__cxx11::basic_string<char, std::char_traits<char>, std::allocator<char> > >, std::allocator<std::pair<std::__cxx11::basic_string<char, std::char_traits<char>, std::allocator<char> > const, std::__cxx11::basic_string<char, std::char_traits<char>, std::allocator<char> > > > >::_Alloc_node>(std::_Rb_tree_const_iterator<std::pair<std::__cxx11::basic_string<char, std::char_traits<char>, std::allocator<char> > const, std::__cxx11::basic_string<char, std::char_traits<char>, std::allocator<char> > > >, std::pair<std::__cxx11::basic_string<char, std::char_traits<char>, std::allocator<char> > const, std::__cxx11::basic_string<char, std::char_traits<char>, std::allocator<char> > > const&, std::_Rb_tree<std::__cxx11::basic_string<char, std::char_traits<char>, std::allocator<char> >, std::pair<std::__cxx11::basic_string<char, std::char_traits<char>, std::allocator<char> > const, std::__cxx11::basic_string<char, std::char_traits<char>, std::allocator<char> > >, std::_Select1st<std::pair<std::__cxx11::basic_string<char, std::char_traits<char>, std::allocator<char> > const, std::__cxx11::basic_string<char, std::char_traits<char>, std::allocator<char> > > >, std::less<std::__cxx11::basic_string<char, std::char_traits<char>, std::allocator<char> > >, std::allocator<std::pair<std::__cxx11::basic_string<char, std::char_traits<char>, std::allocator<char> > const, std::__cxx11::basic_string<char, std::char_traits<char>, std::allocator<char> > > > >::_Alloc_node&) (stl_tree.h:2905)
==22141==    by 0x4038533: std::_Rb_tree<std::__cxx11::basic_string<char, std::char_traits<char>, std::allocator<char> >, std::pair<std::__cxx11::basic_string<char, std::char_traits<char>, std::allocator<char> > const, std::__cxx11::basic_string<char, std::char_traits<char>, std::allocator<char> > >, std::_Select1st<std::pair<std::__cxx11::basic_string<char, std::char_traits<char>, std::allocator<char> > const, std::__cxx11::basic_string<char, std::char_traits<char>, std::allocator<char> > > >, std::less<std::__cxx11::basic_string<char, std::char_traits<char>, std::allocator<char> > >, std::allocator<std::pair<std::__cxx11::basic_string<char, std::char_traits<char>, std::allocator<char> > const, std::__cxx11::basic_string<char, std::char_traits<char>, std::allocator<char> > > > >::_M_insert_unique_(std::_Rb_tree_const_iterator<std::pair<std::__cxx11::basic_string<char, std::char_traits<char>, std::allocator<char> > const, std::__cxx11::basic_string<char, std::char_traits<char>, std::allocator<char> > > >, std::pair<std::__cxx11::basic_string<char, std::char_traits<char>, std::allocator<char> > const, std::__cxx11::basic_string<char, std::char_traits<char>, std::allocator<char> > > const&) (stl_tree.h:1770)
==22141==    by 0x4038415: std::map<std::__cxx11::basic_string<char, std::char_traits<char>, std::allocator<char> >, std::__cxx11::basic_string<char, std::char_traits<char>, std::allocator<char> >, std::less<std::__cxx11::basic_string<char, std::char_traits<char>, std::allocator<char> > >, std::allocator<std::pair<std::__cxx11::basic_string<char, std::char_traits<char>, std::allocator<char> > const, std::__cxx11::basic_string<char, std::char_traits<char>, std::allocator<char> > > > >::insert(std::_Rb_tree_iterator<std::pair<std::__cxx11::basic_string<char, std::char_traits<char>, std::allocator<char> > const, std::__cxx11::basic_string<char, std::char_traits<char>, std::allocator<char> > > >, std::pair<std::__cxx11::basic_string<char, std::char_traits<char>, std::allocator<char> > const, std::__cxx11::basic_string<char, std::char_traits<char>, std::allocator<char> > > const&) (stl_map.h:954)
==22141==    by 0x40381D8: std::map<std::__cxx11::basic_string<char, std::char_traits<char>, std::allocator<char> >, std::__cxx11::basic_string<char, std::char_traits<char>, std::allocator<char> >, std::less<std::__cxx11::basic_string<char, std::char_traits<char>, std::allocator<char> > >, std::allocator<std::pair<std::__cxx11::basic_string<char, std::char_traits<char>, std::allocator<char> > const, std::__cxx11::basic_string<char, std::char_traits<char>, std::allocator<char> > > > >::operator[](std::__cxx11::basic_string<char, std::char_traits<char>, std::allocator<char> > const&) (stl_map.h:540)
==22141==    by 0x4037549: MimeTypes::initMap[abi:cxx11]() (MimeTypes.cpp:14)
==22141==    by 0x4038080: __static_initialization_and_destruction_0() (MimeTypes.cpp:32)
==22141== 
==22141== 96 bytes in 1 blocks are still reachable in loss record 44 of 80
==22141==    at 0x48B1FD3: operator new(unsigned long) (vg_replace_malloc.c:487)
==22141==    by 0x40304BC: std::__new_allocator<std::_Rb_tree_node<std::pair<std::__cxx11::basic_string<char, std::char_traits<char>, std::allocator<char> > const, std::__cxx11::basic_string<char, std::char_traits<char>, std::allocator<char> > > > >::allocate(unsigned long, void const*) (new_allocator.h:151)
==22141==    by 0x402FA35: allocate (alloc_traits.h:142)
==22141==    by 0x402FA35: std::_Rb_tree<std::__cxx11::basic_string<char, std::char_traits<char>, std::allocator<char> >, std::pair<std::__cxx11::basic_string<char, std::char_traits<char>, std::allocator<char> > const, std::__cxx11::basic_string<char, std::char_traits<char>, std::allocator<char> > >, std::_Select1st<std::pair<std::__cxx11::basic_string<char, std::char_traits<char>, std::allocator<char> > const, std::__cxx11::basic_string<char, std::char_traits<char>, std::allocator<char> > > >, std::less<std::__cxx11::basic_string<char, std::char_traits<char>, std::allocator<char> > >, std::allocator<std::pair<std::__cxx11::basic_string<char, std::char_traits<char>, std::allocator<char> > const, std::__cxx11::basic_string<char, std::char_traits<char>, std::allocator<char> > > > >::_M_get_node() (stl_tree.h:1170)
==22141==    by 0x402F121: std::_Rb_tree<std::__cxx11::basic_string<char, std::char_traits<char>, std::allocator<char> >, std::pair<std::__cxx11::basic_string<char, std::char_traits<char>, std::allocator<char> > const, std::__cxx11::basic_string<char, std::char_traits<char>, std::allocator<char> > >, std::_Select1st<std::pair<std::__cxx11::basic_string<char, std::char_traits<char>, std::allocator<char> > const, std::__cxx11::basic_string<char, std::char_traits<char>, std::allocator<char> > > >, std::less<std::__cxx11::basic_string<char, std::char_traits<char>, std::allocator<char> > >, std::allocator<std::pair<std::__cxx11::basic_string<char, std::char_traits<char>, std::allocator<char> > const, std::__cxx11::basic_string<char, std::char_traits<char>, std::allocator<char> > > > >::_M_create_node(std::pair<std::__cxx11::basic_string<char, std::char_traits<char>, std::allocator<char> > const, std::__cxx11::basic_string<char, std::char_traits<char>, std::allocator<char> > > const&) (stl_tree.h:1225)
==22141==    by 0x402E881: std::_Rb_tree_node<std::pair<std::__cxx11::basic_string<char, std::char_traits<char>, std::allocator<char> > const, std::__cxx11::basic_string<char, std::char_traits<char>, std::allocator<char> > > >* std::_Rb_tree<std::__cxx11::basic_string<char, std::char_traits<char>, std::allocator<char> >, std::pair<std::__cxx11::basic_string<char, std::char_traits<char>, std::allocator<char> > const, std::__cxx11::basic_string<char, std::char_traits<char>, std::allocator<char> > >, std::_Select1st<std::pair<std::__cxx11::basic_string<char, std::char_traits<char>, std::allocator<char> > const, std::__cxx11::basic_string<char, std::char_traits<char>, std::allocator<char> > > >, std::less<std::__cxx11::basic_string<char, std::char_traits<char>, std::allocator<char> > >, std::allocator<std::pair<std::__cxx11::basic_string<char, std::char_traits<char>, std::allocator<char> > const, std::__cxx11::basic_string<char, std::char_traits<char>, std::allocator<char> > > > >::_Alloc_node::operator()<std::pair<std::__cxx11::basic_string<char, std::char_traits<char>, std::allocator<char> > const, std::__cxx11::basic_string<char, std::char_traits<char>, std::allocator<char> > > >(std::pair<std::__cxx11::basic_string<char, std::char_traits<char>, std::allocator<char> > const, std::__cxx11::basic_string<char, std::char_traits<char>, std::allocator<char> > > const&) const (stl_tree.h:1136)
==22141==    by 0x402DE2C: std::_Rb_tree_iterator<std::pair<std::__cxx11::basic_string<char, std::char_traits<char>, std::allocator<char> > const, std::__cxx11::basic_string<char, std::char_traits<char>, std::allocator<char> > > > std::_Rb_tree<std::__cxx11::basic_string<char, std::char_traits<char>, std::allocator<char> >, std::pair<std::__cxx11::basic_string<char, std::char_traits<char>, std::allocator<char> > const, std::__cxx11::basic_string<char, std::char_traits<char>, std::allocator<char> > >, std::_Select1st<std::pair<std::__cxx11::basic_string<char, std::char_traits<char>, std::allocator<char> > const, std::__cxx11::basic_string<char, std::char_traits<char>, std::allocator<char> > > >, std::less<std::__cxx11::basic_string<char, std::char_traits<char>, std::allocator<char> > >, std::allocator<std::pair<std::__cxx11::basic_string<char, std::char_traits<char>, std::allocator<char> > const, std::__cxx11::basic_string<char, std::char_traits<char>, std::allocator<char> > > > >::_M_insert_<std::_Rb_tree<std::__cxx11::basic_string<char, std::char_traits<char>, std::allocator<char> >, std::pair<std::__cxx11::basic_string<char, std::char_traits<char>, std::allocator<char> > const, std::__cxx11::basic_string<char, std::char_traits<char>, std::allocator<char> > >, std::_Select1st<std::pair<std::__cxx11::basic_string<char, std::char_traits<char>, std::allocator<char> > const, std::__cxx11::basic_string<char, std::char_traits<char>, std::allocator<char> > > >, std::less<std::__cxx11::basic_string<char, std::char_traits<char>, std::allocator<char> > >, std::allocator<std::pair<std::__cxx11::basic_string<char, std::char_traits<char>, std::allocator<char> > const, std::__cxx11::basic_string<char, std::char_traits<char>, std::allocator<char> > > > >::_Alloc_node>(std::_Rb_tree_node_base*, std::_Rb_tree_node_base*, std::pair<std::__cxx11::basic_string<char, std::char_traits<char>, std::allocator<char> > const, std::__cxx11::basic_string<char, std::char_traits<char>, std::allocator<char> > > const&, std::_Rb_tree<std::__cxx11::basic_string<char, std::char_traits<char>, std::allocator<char> >, std::pair<std::__cxx11::basic_string<char, std::char_traits<char>, std::allocator<char> > const, std::__cxx11::basic_string<char, std::char_traits<char>, std::allocator<char> > >, std::_Select1st<std::pair<std::__cxx11::basic_string<char, std::char_traits<char>, std::allocator<char> > const, std::__cxx11::basic_string<char, std::char_traits<char>, std::allocator<char> > > >, std::less<std::__cxx11::basic_string<char, std::char_traits<char>, std::allocator<char> > >, std::allocator<std::pair<std::__cxx11::basic_string<char, std::char_traits<char>, std::allocator<char> > const, std::__cxx11::basic_string<char, std::char_traits<char>, std::allocator<char> > > > >::_Alloc_node&) (stl_tree.h:2481)
==22141==    by 0x40386AD: std::_Rb_tree_iterator<std::pair<std::__cxx11::basic_string<char, std::char_traits<char>, std::allocator<char> > const, std::__cxx11::basic_string<char, std::char_traits<char>, std::allocator<char> > > > std::_Rb_tree<std::__cxx11::basic_string<char, std::char_traits<char>, std::allocator<char> >, std::pair<std::__cxx11::basic_string<char, std::char_traits<char>, std::allocator<char> > const, std::__cxx11::basic_string<char, std::char_traits<char>, std::allocator<char> > >, std::_Select1st<std::pair<std::__cxx11::basic_string<char, std::char_traits<char>, std::allocator<char> > const, std::__cxx11::basic_string<char, std::char_traits<char>, std::allocator<char> > > >, std::less<std::__cxx11::basic_string<char, std::char_traits<char>, std::allocator<char> > >, std::allocator<std::pair<std::__cxx11::basic_string<char, std::char_traits<char>, std::allocator<char> > const, std::__cxx11::basic_string<char, std::char_traits<char>, std::allocator<char> > > > >::_M_insert_unique_<std::_Rb_tree<std::__cxx11::basic_string<char, std::char_traits<char>, std::allocator<char> >, std::pair<std::__cxx11::basic_string<char, std::char_traits<char>, std::allocator<char> > const, std::__cxx11::basic_string<char, std::char_traits<char>, std::allocator<char> > >, std::_Select1st<std::pair<std::__cxx11::basic_string<char, std::char_traits<char>, std::allocator<char> > const, std::__cxx11::basic_string<char, std::char_traits<char>, std::allocator<char> > > >, std::less<std::__cxx11::basic_string<char, std::char_traits<char>, std::allocator<char> > >, std::allocator<std::pair<std::__cxx11::basic_string<char, std::char_traits<char>, std::allocator<char> > const, std::__cxx11::basic_string<char, std::char_traits<char>, std::allocator<char> > > > >::_Alloc_node>(std::_Rb_tree_const_iterator<std::pair<std::__cxx11::basic_string<char, std::char_traits<char>, std::allocator<char> > const, std::__cxx11::basic_string<char, std::char_traits<char>, std::allocator<char> > > >, std::pair<std::__cxx11::basic_string<char, std::char_traits<char>, std::allocator<char> > const, std::__cxx11::basic_string<char, std::char_traits<char>, std::allocator<char> > > const&, std::_Rb_tree<std::__cxx11::basic_string<char, std::char_traits<char>, std::allocator<char> >, std::pair<std::__cxx11::basic_string<char, std::char_traits<char>, std::allocator<char> > const, std::__cxx11::basic_string<char, std::char_traits<char>, std::allocator<char> > >, std::_Select1st<std::pair<std::__cxx11::basic_string<char, std::char_traits<char>, std::allocator<char> > const, std::__cxx11::basic_string<char, std::char_traits<char>, std::allocator<char> > > >, std::less<std::__cxx11::basic_string<char, std::char_traits<char>, std::allocator<char> > >, std::allocator<std::pair<std::__cxx11::basic_string<char, std::char_traits<char>, std::allocator<char> > const, std::__cxx11::basic_string<char, std::char_traits<char>, std::allocator<char> > > > >::_Alloc_node&) (stl_tree.h:2905)
==22141==    by 0x4038533: std::_Rb_tree<std::__cxx11::basic_string<char, std::char_traits<char>, std::allocator<char> >, std::pair<std::__cxx11::basic_string<char, std::char_traits<char>, std::allocator<char> > const, std::__cxx11::basic_string<char, std::char_traits<char>, std::allocator<char> > >, std::_Select1st<std::pair<std::__cxx11::basic_string<char, std::char_traits<char>, std::allocator<char> > const, std::__cxx11::basic_string<char, std::char_traits<char>, std::allocator<char> > > >, std::less<std::__cxx11::basic_string<char, std::char_traits<char>, std::allocator<char> > >, std::allocator<std::pair<std::__cxx11::basic_string<char, std::char_traits<char>, std::allocator<char> > const, std::__cxx11::basic_string<char, std::char_traits<char>, std::allocator<char> > > > >::_M_insert_unique_(std::_Rb_tree_const_iterator<std::pair<std::__cxx11::basic_string<char, std::char_traits<char>, std::allocator<char> > const, std::__cxx11::basic_string<char, std::char_traits<char>, std::allocator<char> > > >, std::pair<std::__cxx11::basic_string<char, std::char_traits<char>, std::allocator<char> > const, std::__cxx11::basic_string<char, std::char_traits<char>, std::allocator<char> > > const&) (stl_tree.h:1770)
==22141==    by 0x4038415: std::map<std::__cxx11::basic_string<char, std::char_traits<char>, std::allocator<char> >, std::__cxx11::basic_string<char, std::char_traits<char>, std::allocator<char> >, std::less<std::__cxx11::basic_string<char, std::char_traits<char>, std::allocator<char> > >, std::allocator<std::pair<std::__cxx11::basic_string<char, std::char_traits<char>, std::allocator<char> > const, std::__cxx11::basic_string<char, std::char_traits<char>, std::allocator<char> > > > >::insert(std::_Rb_tree_iterator<std::pair<std::__cxx11::basic_string<char, std::char_traits<char>, std::allocator<char> > const, std::__cxx11::basic_string<char, std::char_traits<char>, std::allocator<char> > > >, std::pair<std::__cxx11::basic_string<char, std::char_traits<char>, std::allocator<char> > const, std::__cxx11::basic_string<char, std::char_traits<char>, std::allocator<char> > > const&) (stl_map.h:954)
==22141==    by 0x40381D8: std::map<std::__cxx11::basic_string<char, std::char_traits<char>, std::allocator<char> >, std::__cxx11::basic_string<char, std::char_traits<char>, std::allocator<char> >, std::less<std::__cxx11::basic_string<char, std::char_traits<char>, std::allocator<char> > >, std::allocator<std::pair<std::__cxx11::basic_string<char, std::char_traits<char>, std::allocator<char> > const, std::__cxx11::basic_string<char, std::char_traits<char>, std::allocator<char> > > > >::operator[](std::__cxx11::basic_string<char, std::char_traits<char>, std::allocator<char> > const&) (stl_map.h:540)
==22141==    by 0x40375BD: MimeTypes::initMap[abi:cxx11]() (MimeTypes.cpp:15)
==22141==    by 0x4038080: __static_initialization_and_destruction_0() (MimeTypes.cpp:32)
==22141== 
==22141== 96 bytes in 1 blocks are still reachable in loss record 45 of 80
==22141==    at 0x48B1FD3: operator new(unsigned long) (vg_replace_malloc.c:487)
==22141==    by 0x40304BC: std::__new_allocator<std::_Rb_tree_node<std::pair<std::__cxx11::basic_string<char, std::char_traits<char>, std::allocator<char> > const, std::__cxx11::basic_string<char, std::char_traits<char>, std::allocator<char> > > > >::allocate(unsigned long, void const*) (new_allocator.h:151)
==22141==    by 0x402FA35: allocate (alloc_traits.h:142)
==22141==    by 0x402FA35: std::_Rb_tree<std::__cxx11::basic_string<char, std::char_traits<char>, std::allocator<char> >, std::pair<std::__cxx11::basic_string<char, std::char_traits<char>, std::allocator<char> > const, std::__cxx11::basic_string<char, std::char_traits<char>, std::allocator<char> > >, std::_Select1st<std::pair<std::__cxx11::basic_string<char, std::char_traits<char>, std::allocator<char> > const, std::__cxx11::basic_string<char, std::char_traits<char>, std::allocator<char> > > >, std::less<std::__cxx11::basic_string<char, std::char_traits<char>, std::allocator<char> > >, std::allocator<std::pair<std::__cxx11::basic_string<char, std::char_traits<char>, std::allocator<char> > const, std::__cxx11::basic_string<char, std::char_traits<char>, std::allocator<char> > > > >::_M_get_node() (stl_tree.h:1170)
==22141==    by 0x402F121: std::_Rb_tree<std::__cxx11::basic_string<char, std::char_traits<char>, std::allocator<char> >, std::pair<std::__cxx11::basic_string<char, std::char_traits<char>, std::allocator<char> > const, std::__cxx11::basic_string<char, std::char_traits<char>, std::allocator<char> > >, std::_Select1st<std::pair<std::__cxx11::basic_string<char, std::char_traits<char>, std::allocator<char> > const, std::__cxx11::basic_string<char, std::char_traits<char>, std::allocator<char> > > >, std::less<std::__cxx11::basic_string<char, std::char_traits<char>, std::allocator<char> > >, std::allocator<std::pair<std::__cxx11::basic_string<char, std::char_traits<char>, std::allocator<char> > const, std::__cxx11::basic_string<char, std::char_traits<char>, std::allocator<char> > > > >::_M_create_node(std::pair<std::__cxx11::basic_string<char, std::char_traits<char>, std::allocator<char> > const, std::__cxx11::basic_string<char, std::char_traits<char>, std::allocator<char> > > const&) (stl_tree.h:1225)
==22141==    by 0x402E881: std::_Rb_tree_node<std::pair<std::__cxx11::basic_string<char, std::char_traits<char>, std::allocator<char> > const, std::__cxx11::basic_string<char, std::char_traits<char>, std::allocator<char> > > >* std::_Rb_tree<std::__cxx11::basic_string<char, std::char_traits<char>, std::allocator<char> >, std::pair<std::__cxx11::basic_string<char, std::char_traits<char>, std::allocator<char> > const, std::__cxx11::basic_string<char, std::char_traits<char>, std::allocator<char> > >, std::_Select1st<std::pair<std::__cxx11::basic_string<char, std::char_traits<char>, std::allocator<char> > const, std::__cxx11::basic_string<char, std::char_traits<char>, std::allocator<char> > > >, std::less<std::__cxx11::basic_string<char, std::char_traits<char>, std::allocator<char> > >, std::allocator<std::pair<std::__cxx11::basic_string<char, std::char_traits<char>, std::allocator<char> > const, std::__cxx11::basic_string<char, std::char_traits<char>, std::allocator<char> > > > >::_Alloc_node::operator()<std::pair<std::__cxx11::basic_string<char, std::char_traits<char>, std::allocator<char> > const, std::__cxx11::basic_string<char, std::char_traits<char>, std::allocator<char> > > >(std::pair<std::__cxx11::basic_string<char, std::char_traits<char>, std::allocator<char> > const, std::__cxx11::basic_string<char, std::char_traits<char>, std::allocator<char> > > const&) const (stl_tree.h:1136)
==22141==    by 0x402DE2C: std::_Rb_tree_iterator<std::pair<std::__cxx11::basic_string<char, std::char_traits<char>, std::allocator<char> > const, std::__cxx11::basic_string<char, std::char_traits<char>, std::allocator<char> > > > std::_Rb_tree<std::__cxx11::basic_string<char, std::char_traits<char>, std::allocator<char> >, std::pair<std::__cxx11::basic_string<char, std::char_traits<char>, std::allocator<char> > const, std::__cxx11::basic_string<char, std::char_traits<char>, std::allocator<char> > >, std::_Select1st<std::pair<std::__cxx11::basic_string<char, std::char_traits<char>, std::allocator<char> > const, std::__cxx11::basic_string<char, std::char_traits<char>, std::allocator<char> > > >, std::less<std::__cxx11::basic_string<char, std::char_traits<char>, std::allocator<char> > >, std::allocator<std::pair<std::__cxx11::basic_string<char, std::char_traits<char>, std::allocator<char> > const, std::__cxx11::basic_string<char, std::char_traits<char>, std::allocator<char> > > > >::_M_insert_<std::_Rb_tree<std::__cxx11::basic_string<char, std::char_traits<char>, std::allocator<char> >, std::pair<std::__cxx11::basic_string<char, std::char_traits<char>, std::allocator<char> > const, std::__cxx11::basic_string<char, std::char_traits<char>, std::allocator<char> > >, std::_Select1st<std::pair<std::__cxx11::basic_string<char, std::char_traits<char>, std::allocator<char> > const, std::__cxx11::basic_string<char, std::char_traits<char>, std::allocator<char> > > >, std::less<std::__cxx11::basic_string<char, std::char_traits<char>, std::allocator<char> > >, std::allocator<std::pair<std::__cxx11::basic_string<char, std::char_traits<char>, std::allocator<char> > const, std::__cxx11::basic_string<char, std::char_traits<char>, std::allocator<char> > > > >::_Alloc_node>(std::_Rb_tree_node_base*, std::_Rb_tree_node_base*, std::pair<std::__cxx11::basic_string<char, std::char_traits<char>, std::allocator<char> > const, std::__cxx11::basic_string<char, std::char_traits<char>, std::allocator<char> > > const&, std::_Rb_tree<std::__cxx11::basic_string<char, std::char_traits<char>, std::allocator<char> >, std::pair<std::__cxx11::basic_string<char, std::char_traits<char>, std::allocator<char> > const, std::__cxx11::basic_string<char, std::char_traits<char>, std::allocator<char> > >, std::_Select1st<std::pair<std::__cxx11::basic_string<char, std::char_traits<char>, std::allocator<char> > const, std::__cxx11::basic_string<char, std::char_traits<char>, std::allocator<char> > > >, std::less<std::__cxx11::basic_string<char, std::char_traits<char>, std::allocator<char> > >, std::allocator<std::pair<std::__cxx11::basic_string<char, std::char_traits<char>, std::allocator<char> > const, std::__cxx11::basic_string<char, std::char_traits<char>, std::allocator<char> > > > >::_Alloc_node&) (stl_tree.h:2481)
==22141==    by 0x40386AD: std::_Rb_tree_iterator<std::pair<std::__cxx11::basic_string<char, std::char_traits<char>, std::allocator<char> > const, std::__cxx11::basic_string<char, std::char_traits<char>, std::allocator<char> > > > std::_Rb_tree<std::__cxx11::basic_string<char, std::char_traits<char>, std::allocator<char> >, std::pair<std::__cxx11::basic_string<char, std::char_traits<char>, std::allocator<char> > const, std::__cxx11::basic_string<char, std::char_traits<char>, std::allocator<char> > >, std::_Select1st<std::pair<std::__cxx11::basic_string<char, std::char_traits<char>, std::allocator<char> > const, std::__cxx11::basic_string<char, std::char_traits<char>, std::allocator<char> > > >, std::less<std::__cxx11::basic_string<char, std::char_traits<char>, std::allocator<char> > >, std::allocator<std::pair<std::__cxx11::basic_string<char, std::char_traits<char>, std::allocator<char> > const, std::__cxx11::basic_string<char, std::char_traits<char>, std::allocator<char> > > > >::_M_insert_unique_<std::_Rb_tree<std::__cxx11::basic_string<char, std::char_traits<char>, std::allocator<char> >, std::pair<std::__cxx11::basic_string<char, std::char_traits<char>, std::allocator<char> > const, std::__cxx11::basic_string<char, std::char_traits<char>, std::allocator<char> > >, std::_Select1st<std::pair<std::__cxx11::basic_string<char, std::char_traits<char>, std::allocator<char> > const, std::__cxx11::basic_string<char, std::char_traits<char>, std::allocator<char> > > >, std::less<std::__cxx11::basic_string<char, std::char_traits<char>, std::allocator<char> > >, std::allocator<std::pair<std::__cxx11::basic_string<char, std::char_traits<char>, std::allocator<char> > const, std::__cxx11::basic_string<char, std::char_traits<char>, std::allocator<char> > > > >::_Alloc_node>(std::_Rb_tree_const_iterator<std::pair<std::__cxx11::basic_string<char, std::char_traits<char>, std::allocator<char> > const, std::__cxx11::basic_string<char, std::char_traits<char>, std::allocator<char> > > >, std::pair<std::__cxx11::basic_string<char, std::char_traits<char>, std::allocator<char> > const, std::__cxx11::basic_string<char, std::char_traits<char>, std::allocator<char> > > const&, std::_Rb_tree<std::__cxx11::basic_string<char, std::char_traits<char>, std::allocator<char> >, std::pair<std::__cxx11::basic_string<char, std::char_traits<char>, std::allocator<char> > const, std::__cxx11::basic_string<char, std::char_traits<char>, std::allocator<char> > >, std::_Select1st<std::pair<std::__cxx11::basic_string<char, std::char_traits<char>, std::allocator<char> > const, std::__cxx11::basic_string<char, std::char_traits<char>, std::allocator<char> > > >, std::less<std::__cxx11::basic_string<char, std::char_traits<char>, std::allocator<char> > >, std::allocator<std::pair<std::__cxx11::basic_string<char, std::char_traits<char>, std::allocator<char> > const, std::__cxx11::basic_string<char, std::char_traits<char>, std::allocator<char> > > > >::_Alloc_node&) (stl_tree.h:2905)
==22141==    by 0x4038533: std::_Rb_tree<std::__cxx11::basic_string<char, std::char_traits<char>, std::allocator<char> >, std::pair<std::__cxx11::basic_string<char, std::char_traits<char>, std::allocator<char> > const, std::__cxx11::basic_string<char, std::char_traits<char>, std::allocator<char> > >, std::_Select1st<std::pair<std::__cxx11::basic_string<char, std::char_traits<char>, std::allocator<char> > const, std::__cxx11::basic_string<char, std::char_traits<char>, std::allocator<char> > > >, std::less<std::__cxx11::basic_string<char, std::char_traits<char>, std::allocator<char> > >, std::allocator<std::pair<std::__cxx11::basic_string<char, std::char_traits<char>, std::allocator<char> > const, std::__cxx11::basic_string<char, std::char_traits<char>, std::allocator<char> > > > >::_M_insert_unique_(std::_Rb_tree_const_iterator<std::pair<std::__cxx11::basic_string<char, std::char_traits<char>, std::allocator<char> > const, std::__cxx11::basic_string<char, std::char_traits<char>, std::allocator<char> > > >, std::pair<std::__cxx11::basic_string<char, std::char_traits<char>, std::allocator<char> > const, std::__cxx11::basic_string<char, std::char_traits<char>, std::allocator<char> > > const&) (stl_tree.h:1770)
==22141==    by 0x4038415: std::map<std::__cxx11::basic_string<char, std::char_traits<char>, std::allocator<char> >, std::__cxx11::basic_string<char, std::char_traits<char>, std::allocator<char> >, std::less<std::__cxx11::basic_string<char, std::char_traits<char>, std::allocator<char> > >, std::allocator<std::pair<std::__cxx11::basic_string<char, std::char_traits<char>, std::allocator<char> > const, std::__cxx11::basic_string<char, std::char_traits<char>, std::allocator<char> > > > >::insert(std::_Rb_tree_iterator<std::pair<std::__cxx11::basic_string<char, std::char_traits<char>, std::allocator<char> > const, std::__cxx11::basic_string<char, std::char_traits<char>, std::allocator<char> > > >, std::pair<std::__cxx11::basic_string<char, std::char_traits<char>, std::allocator<char> > const, std::__cxx11::basic_string<char, std::char_traits<char>, std::allocator<char> > > const&) (stl_map.h:954)
==22141==    by 0x40381D8: std::map<std::__cxx11::basic_string<char, std::char_traits<char>, std::allocator<char> >, std::__cxx11::basic_string<char, std::char_traits<char>, std::allocator<char> >, std::less<std::__cxx11::basic_string<char, std::char_traits<char>, std::allocator<char> > >, std::allocator<std::pair<std::__cxx11::basic_string<char, std::char_traits<char>, std::allocator<char> > const, std::__cxx11::basic_string<char, std::char_traits<char>, std::allocator<char> > > > >::operator[](std::__cxx11::basic_string<char, std::char_traits<char>, std::allocator<char> > const&) (stl_map.h:540)
==22141==    by 0x4037631: MimeTypes::initMap[abi:cxx11]() (MimeTypes.cpp:18)
==22141==    by 0x4038080: __static_initialization_and_destruction_0() (MimeTypes.cpp:32)
==22141== 
==22141== 96 bytes in 1 blocks are still reachable in loss record 46 of 80
==22141==    at 0x48B1FD3: operator new(unsigned long) (vg_replace_malloc.c:487)
==22141==    by 0x40304BC: std::__new_allocator<std::_Rb_tree_node<std::pair<std::__cxx11::basic_string<char, std::char_traits<char>, std::allocator<char> > const, std::__cxx11::basic_string<char, std::char_traits<char>, std::allocator<char> > > > >::allocate(unsigned long, void const*) (new_allocator.h:151)
==22141==    by 0x402FA35: allocate (alloc_traits.h:142)
==22141==    by 0x402FA35: std::_Rb_tree<std::__cxx11::basic_string<char, std::char_traits<char>, std::allocator<char> >, std::pair<std::__cxx11::basic_string<char, std::char_traits<char>, std::allocator<char> > const, std::__cxx11::basic_string<char, std::char_traits<char>, std::allocator<char> > >, std::_Select1st<std::pair<std::__cxx11::basic_string<char, std::char_traits<char>, std::allocator<char> > const, std::__cxx11::basic_string<char, std::char_traits<char>, std::allocator<char> > > >, std::less<std::__cxx11::basic_string<char, std::char_traits<char>, std::allocator<char> > >, std::allocator<std::pair<std::__cxx11::basic_string<char, std::char_traits<char>, std::allocator<char> > const, std::__cxx11::basic_string<char, std::char_traits<char>, std::allocator<char> > > > >::_M_get_node() (stl_tree.h:1170)
==22141==    by 0x402F121: std::_Rb_tree<std::__cxx11::basic_string<char, std::char_traits<char>, std::allocator<char> >, std::pair<std::__cxx11::basic_string<char, std::char_traits<char>, std::allocator<char> > const, std::__cxx11::basic_string<char, std::char_traits<char>, std::allocator<char> > >, std::_Select1st<std::pair<std::__cxx11::basic_string<char, std::char_traits<char>, std::allocator<char> > const, std::__cxx11::basic_string<char, std::char_traits<char>, std::allocator<char> > > >, std::less<std::__cxx11::basic_string<char, std::char_traits<char>, std::allocator<char> > >, std::allocator<std::pair<std::__cxx11::basic_string<char, std::char_traits<char>, std::allocator<char> > const, std::__cxx11::basic_string<char, std::char_traits<char>, std::allocator<char> > > > >::_M_create_node(std::pair<std::__cxx11::basic_string<char, std::char_traits<char>, std::allocator<char> > const, std::__cxx11::basic_string<char, std::char_traits<char>, std::allocator<char> > > const&) (stl_tree.h:1225)
==22141==    by 0x402E881: std::_Rb_tree_node<std::pair<std::__cxx11::basic_string<char, std::char_traits<char>, std::allocator<char> > const, std::__cxx11::basic_string<char, std::char_traits<char>, std::allocator<char> > > >* std::_Rb_tree<std::__cxx11::basic_string<char, std::char_traits<char>, std::allocator<char> >, std::pair<std::__cxx11::basic_string<char, std::char_traits<char>, std::allocator<char> > const, std::__cxx11::basic_string<char, std::char_traits<char>, std::allocator<char> > >, std::_Select1st<std::pair<std::__cxx11::basic_string<char, std::char_traits<char>, std::allocator<char> > const, std::__cxx11::basic_string<char, std::char_traits<char>, std::allocator<char> > > >, std::less<std::__cxx11::basic_string<char, std::char_traits<char>, std::allocator<char> > >, std::allocator<std::pair<std::__cxx11::basic_string<char, std::char_traits<char>, std::allocator<char> > const, std::__cxx11::basic_string<char, std::char_traits<char>, std::allocator<char> > > > >::_Alloc_node::operator()<std::pair<std::__cxx11::basic_string<char, std::char_traits<char>, std::allocator<char> > const, std::__cxx11::basic_string<char, std::char_traits<char>, std::allocator<char> > > >(std::pair<std::__cxx11::basic_string<char, std::char_traits<char>, std::allocator<char> > const, std::__cxx11::basic_string<char, std::char_traits<char>, std::allocator<char> > > const&) const (stl_tree.h:1136)
==22141==    by 0x402DE2C: std::_Rb_tree_iterator<std::pair<std::__cxx11::basic_string<char, std::char_traits<char>, std::allocator<char> > const, std::__cxx11::basic_string<char, std::char_traits<char>, std::allocator<char> > > > std::_Rb_tree<std::__cxx11::basic_string<char, std::char_traits<char>, std::allocator<char> >, std::pair<std::__cxx11::basic_string<char, std::char_traits<char>, std::allocator<char> > const, std::__cxx11::basic_string<char, std::char_traits<char>, std::allocator<char> > >, std::_Select1st<std::pair<std::__cxx11::basic_string<char, std::char_traits<char>, std::allocator<char> > const, std::__cxx11::basic_string<char, std::char_traits<char>, std::allocator<char> > > >, std::less<std::__cxx11::basic_string<char, std::char_traits<char>, std::allocator<char> > >, std::allocator<std::pair<std::__cxx11::basic_string<char, std::char_traits<char>, std::allocator<char> > const, std::__cxx11::basic_string<char, std::char_traits<char>, std::allocator<char> > > > >::_M_insert_<std::_Rb_tree<std::__cxx11::basic_string<char, std::char_traits<char>, std::allocator<char> >, std::pair<std::__cxx11::basic_string<char, std::char_traits<char>, std::allocator<char> > const, std::__cxx11::basic_string<char, std::char_traits<char>, std::allocator<char> > >, std::_Select1st<std::pair<std::__cxx11::basic_string<char, std::char_traits<char>, std::allocator<char> > const, std::__cxx11::basic_string<char, std::char_traits<char>, std::allocator<char> > > >, std::less<std::__cxx11::basic_string<char, std::char_traits<char>, std::allocator<char> > >, std::allocator<std::pair<std::__cxx11::basic_string<char, std::char_traits<char>, std::allocator<char> > const, std::__cxx11::basic_string<char, std::char_traits<char>, std::allocator<char> > > > >::_Alloc_node>(std::_Rb_tree_node_base*, std::_Rb_tree_node_base*, std::pair<std::__cxx11::basic_string<char, std::char_traits<char>, std::allocator<char> > const, std::__cxx11::basic_string<char, std::char_traits<char>, std::allocator<char> > > const&, std::_Rb_tree<std::__cxx11::basic_string<char, std::char_traits<char>, std::allocator<char> >, std::pair<std::__cxx11::basic_string<char, std::char_traits<char>, std::allocator<char> > const, std::__cxx11::basic_string<char, std::char_traits<char>, std::allocator<char> > >, std::_Select1st<std::pair<std::__cxx11::basic_string<char, std::char_traits<char>, std::allocator<char> > const, std::__cxx11::basic_string<char, std::char_traits<char>, std::allocator<char> > > >, std::less<std::__cxx11::basic_string<char, std::char_traits<char>, std::allocator<char> > >, std::allocator<std::pair<std::__cxx11::basic_string<char, std::char_traits<char>, std::allocator<char> > const, std::__cxx11::basic_string<char, std::char_traits<char>, std::allocator<char> > > > >::_Alloc_node&) (stl_tree.h:2481)
==22141==    by 0x40386AD: std::_Rb_tree_iterator<std::pair<std::__cxx11::basic_string<char, std::char_traits<char>, std::allocator<char> > const, std::__cxx11::basic_string<char, std::char_traits<char>, std::allocator<char> > > > std::_Rb_tree<std::__cxx11::basic_string<char, std::char_traits<char>, std::allocator<char> >, std::pair<std::__cxx11::basic_string<char, std::char_traits<char>, std::allocator<char> > const, std::__cxx11::basic_string<char, std::char_traits<char>, std::allocator<char> > >, std::_Select1st<std::pair<std::__cxx11::basic_string<char, std::char_traits<char>, std::allocator<char> > const, std::__cxx11::basic_string<char, std::char_traits<char>, std::allocator<char> > > >, std::less<std::__cxx11::basic_string<char, std::char_traits<char>, std::allocator<char> > >, std::allocator<std::pair<std::__cxx11::basic_string<char, std::char_traits<char>, std::allocator<char> > const, std::__cxx11::basic_string<char, std::char_traits<char>, std::allocator<char> > > > >::_M_insert_unique_<std::_Rb_tree<std::__cxx11::basic_string<char, std::char_traits<char>, std::allocator<char> >, std::pair<std::__cxx11::basic_string<char, std::char_traits<char>, std::allocator<char> > const, std::__cxx11::basic_string<char, std::char_traits<char>, std::allocator<char> > >, std::_Select1st<std::pair<std::__cxx11::basic_string<char, std::char_traits<char>, std::allocator<char> > const, std::__cxx11::basic_string<char, std::char_traits<char>, std::allocator<char> > > >, std::less<std::__cxx11::basic_string<char, std::char_traits<char>, std::allocator<char> > >, std::allocator<std::pair<std::__cxx11::basic_string<char, std::char_traits<char>, std::allocator<char> > const, std::__cxx11::basic_string<char, std::char_traits<char>, std::allocator<char> > > > >::_Alloc_node>(std::_Rb_tree_const_iterator<std::pair<std::__cxx11::basic_string<char, std::char_traits<char>, std::allocator<char> > const, std::__cxx11::basic_string<char, std::char_traits<char>, std::allocator<char> > > >, std::pair<std::__cxx11::basic_string<char, std::char_traits<char>, std::allocator<char> > const, std::__cxx11::basic_string<char, std::char_traits<char>, std::allocator<char> > > const&, std::_Rb_tree<std::__cxx11::basic_string<char, std::char_traits<char>, std::allocator<char> >, std::pair<std::__cxx11::basic_string<char, std::char_traits<char>, std::allocator<char> > const, std::__cxx11::basic_string<char, std::char_traits<char>, std::allocator<char> > >, std::_Select1st<std::pair<std::__cxx11::basic_string<char, std::char_traits<char>, std::allocator<char> > const, std::__cxx11::basic_string<char, std::char_traits<char>, std::allocator<char> > > >, std::less<std::__cxx11::basic_string<char, std::char_traits<char>, std::allocator<char> > >, std::allocator<std::pair<std::__cxx11::basic_string<char, std::char_traits<char>, std::allocator<char> > const, std::__cxx11::basic_string<char, std::char_traits<char>, std::allocator<char> > > > >::_Alloc_node&) (stl_tree.h:2905)
==22141==    by 0x4038533: std::_Rb_tree<std::__cxx11::basic_string<char, std::char_traits<char>, std::allocator<char> >, std::pair<std::__cxx11::basic_string<char, std::char_traits<char>, std::allocator<char> > const, std::__cxx11::basic_string<char, std::char_traits<char>, std::allocator<char> > >, std::_Select1st<std::pair<std::__cxx11::basic_string<char, std::char_traits<char>, std::allocator<char> > const, std::__cxx11::basic_string<char, std::char_traits<char>, std::allocator<char> > > >, std::less<std::__cxx11::basic_string<char, std::char_traits<char>, std::allocator<char> > >, std::allocator<std::pair<std::__cxx11::basic_string<char, std::char_traits<char>, std::allocator<char> > const, std::__cxx11::basic_string<char, std::char_traits<char>, std::allocator<char> > > > >::_M_insert_unique_(std::_Rb_tree_const_iterator<std::pair<std::__cxx11::basic_string<char, std::char_traits<char>, std::allocator<char> > const, std::__cxx11::basic_string<char, std::char_traits<char>, std::allocator<char> > > >, std::pair<std::__cxx11::basic_string<char, std::char_traits<char>, std::allocator<char> > const, std::__cxx11::basic_string<char, std::char_traits<char>, std::allocator<char> > > const&) (stl_tree.h:1770)
==22141==    by 0x4038415: std::map<std::__cxx11::basic_string<char, std::char_traits<char>, std::allocator<char> >, std::__cxx11::basic_string<char, std::char_traits<char>, std::allocator<char> >, std::less<std::__cxx11::basic_string<char, std::char_traits<char>, std::allocator<char> > >, std::allocator<std::pair<std::__cxx11::basic_string<char, std::char_traits<char>, std::allocator<char> > const, std::__cxx11::basic_string<char, std::char_traits<char>, std::allocator<char> > > > >::insert(std::_Rb_tree_iterator<std::pair<std::__cxx11::basic_string<char, std::char_traits<char>, std::allocator<char> > const, std::__cxx11::basic_string<char, std::char_traits<char>, std::allocator<char> > > >, std::pair<std::__cxx11::basic_string<char, std::char_traits<char>, std::allocator<char> > const, std::__cxx11::basic_string<char, std::char_traits<char>, std::allocator<char> > > const&) (stl_map.h:954)
==22141==    by 0x40381D8: std::map<std::__cxx11::basic_string<char, std::char_traits<char>, std::allocator<char> >, std::__cxx11::basic_string<char, std::char_traits<char>, std::allocator<char> >, std::less<std::__cxx11::basic_string<char, std::char_traits<char>, std::allocator<char> > >, std::allocator<std::pair<std::__cxx11::basic_string<char, std::char_traits<char>, std::allocator<char> > const, std::__cxx11::basic_string<char, std::char_traits<char>, std::allocator<char> > > > >::operator[](std::__cxx11::basic_string<char, std::char_traits<char>, std::allocator<char> > const&) (stl_map.h:540)
==22141==    by 0x40376A5: MimeTypes::initMap[abi:cxx11]() (MimeTypes.cpp:19)
==22141==    by 0x4038080: __static_initialization_and_destruction_0() (MimeTypes.cpp:32)
==22141== 
==22141== 96 bytes in 1 blocks are still reachable in loss record 47 of 80
==22141==    at 0x48B1FD3: operator new(unsigned long) (vg_replace_malloc.c:487)
==22141==    by 0x40304BC: std::__new_allocator<std::_Rb_tree_node<std::pair<std::__cxx11::basic_string<char, std::char_traits<char>, std::allocator<char> > const, std::__cxx11::basic_string<char, std::char_traits<char>, std::allocator<char> > > > >::allocate(unsigned long, void const*) (new_allocator.h:151)
==22141==    by 0x402FA35: allocate (alloc_traits.h:142)
==22141==    by 0x402FA35: std::_Rb_tree<std::__cxx11::basic_string<char, std::char_traits<char>, std::allocator<char> >, std::pair<std::__cxx11::basic_string<char, std::char_traits<char>, std::allocator<char> > const, std::__cxx11::basic_string<char, std::char_traits<char>, std::allocator<char> > >, std::_Select1st<std::pair<std::__cxx11::basic_string<char, std::char_traits<char>, std::allocator<char> > const, std::__cxx11::basic_string<char, std::char_traits<char>, std::allocator<char> > > >, std::less<std::__cxx11::basic_string<char, std::char_traits<char>, std::allocator<char> > >, std::allocator<std::pair<std::__cxx11::basic_string<char, std::char_traits<char>, std::allocator<char> > const, std::__cxx11::basic_string<char, std::char_traits<char>, std::allocator<char> > > > >::_M_get_node() (stl_tree.h:1170)
==22141==    by 0x402F121: std::_Rb_tree<std::__cxx11::basic_string<char, std::char_traits<char>, std::allocator<char> >, std::pair<std::__cxx11::basic_string<char, std::char_traits<char>, std::allocator<char> > const, std::__cxx11::basic_string<char, std::char_traits<char>, std::allocator<char> > >, std::_Select1st<std::pair<std::__cxx11::basic_string<char, std::char_traits<char>, std::allocator<char> > const, std::__cxx11::basic_string<char, std::char_traits<char>, std::allocator<char> > > >, std::less<std::__cxx11::basic_string<char, std::char_traits<char>, std::allocator<char> > >, std::allocator<std::pair<std::__cxx11::basic_string<char, std::char_traits<char>, std::allocator<char> > const, std::__cxx11::basic_string<char, std::char_traits<char>, std::allocator<char> > > > >::_M_create_node(std::pair<std::__cxx11::basic_string<char, std::char_traits<char>, std::allocator<char> > const, std::__cxx11::basic_string<char, std::char_traits<char>, std::allocator<char> > > const&) (stl_tree.h:1225)
==22141==    by 0x402E881: std::_Rb_tree_node<std::pair<std::__cxx11::basic_string<char, std::char_traits<char>, std::allocator<char> > const, std::__cxx11::basic_string<char, std::char_traits<char>, std::allocator<char> > > >* std::_Rb_tree<std::__cxx11::basic_string<char, std::char_traits<char>, std::allocator<char> >, std::pair<std::__cxx11::basic_string<char, std::char_traits<char>, std::allocator<char> > const, std::__cxx11::basic_string<char, std::char_traits<char>, std::allocator<char> > >, std::_Select1st<std::pair<std::__cxx11::basic_string<char, std::char_traits<char>, std::allocator<char> > const, std::__cxx11::basic_string<char, std::char_traits<char>, std::allocator<char> > > >, std::less<std::__cxx11::basic_string<char, std::char_traits<char>, std::allocator<char> > >, std::allocator<std::pair<std::__cxx11::basic_string<char, std::char_traits<char>, std::allocator<char> > const, std::__cxx11::basic_string<char, std::char_traits<char>, std::allocator<char> > > > >::_Alloc_node::operator()<std::pair<std::__cxx11::basic_string<char, std::char_traits<char>, std::allocator<char> > const, std::__cxx11::basic_string<char, std::char_traits<char>, std::allocator<char> > > >(std::pair<std::__cxx11::basic_string<char, std::char_traits<char>, std::allocator<char> > const, std::__cxx11::basic_string<char, std::char_traits<char>, std::allocator<char> > > const&) const (stl_tree.h:1136)
==22141==    by 0x402DE2C: std::_Rb_tree_iterator<std::pair<std::__cxx11::basic_string<char, std::char_traits<char>, std::allocator<char> > const, std::__cxx11::basic_string<char, std::char_traits<char>, std::allocator<char> > > > std::_Rb_tree<std::__cxx11::basic_string<char, std::char_traits<char>, std::allocator<char> >, std::pair<std::__cxx11::basic_string<char, std::char_traits<char>, std::allocator<char> > const, std::__cxx11::basic_string<char, std::char_traits<char>, std::allocator<char> > >, std::_Select1st<std::pair<std::__cxx11::basic_string<char, std::char_traits<char>, std::allocator<char> > const, std::__cxx11::basic_string<char, std::char_traits<char>, std::allocator<char> > > >, std::less<std::__cxx11::basic_string<char, std::char_traits<char>, std::allocator<char> > >, std::allocator<std::pair<std::__cxx11::basic_string<char, std::char_traits<char>, std::allocator<char> > const, std::__cxx11::basic_string<char, std::char_traits<char>, std::allocator<char> > > > >::_M_insert_<std::_Rb_tree<std::__cxx11::basic_string<char, std::char_traits<char>, std::allocator<char> >, std::pair<std::__cxx11::basic_string<char, std::char_traits<char>, std::allocator<char> > const, std::__cxx11::basic_string<char, std::char_traits<char>, std::allocator<char> > >, std::_Select1st<std::pair<std::__cxx11::basic_string<char, std::char_traits<char>, std::allocator<char> > const, std::__cxx11::basic_string<char, std::char_traits<char>, std::allocator<char> > > >, std::less<std::__cxx11::basic_string<char, std::char_traits<char>, std::allocator<char> > >, std::allocator<std::pair<std::__cxx11::basic_string<char, std::char_traits<char>, std::allocator<char> > const, std::__cxx11::basic_string<char, std::char_traits<char>, std::allocator<char> > > > >::_Alloc_node>(std::_Rb_tree_node_base*, std::_Rb_tree_node_base*, std::pair<std::__cxx11::basic_string<char, std::char_traits<char>, std::allocator<char> > const, std::__cxx11::basic_string<char, std::char_traits<char>, std::allocator<char> > > const&, std::_Rb_tree<std::__cxx11::basic_string<char, std::char_traits<char>, std::allocator<char> >, std::pair<std::__cxx11::basic_string<char, std::char_traits<char>, std::allocator<char> > const, std::__cxx11::basic_string<char, std::char_traits<char>, std::allocator<char> > >, std::_Select1st<std::pair<std::__cxx11::basic_string<char, std::char_traits<char>, std::allocator<char> > const, std::__cxx11::basic_string<char, std::char_traits<char>, std::allocator<char> > > >, std::less<std::__cxx11::basic_string<char, std::char_traits<char>, std::allocator<char> > >, std::allocator<std::pair<std::__cxx11::basic_string<char, std::char_traits<char>, std::allocator<char> > const, std::__cxx11::basic_string<char, std::char_traits<char>, std::allocator<char> > > > >::_Alloc_node&) (stl_tree.h:2481)
==22141==    by 0x40386AD: std::_Rb_tree_iterator<std::pair<std::__cxx11::basic_string<char, std::char_traits<char>, std::allocator<char> > const, std::__cxx11::basic_string<char, std::char_traits<char>, std::allocator<char> > > > std::_Rb_tree<std::__cxx11::basic_string<char, std::char_traits<char>, std::allocator<char> >, std::pair<std::__cxx11::basic_string<char, std::char_traits<char>, std::allocator<char> > const, std::__cxx11::basic_string<char, std::char_traits<char>, std::allocator<char> > >, std::_Select1st<std::pair<std::__cxx11::basic_string<char, std::char_traits<char>, std::allocator<char> > const, std::__cxx11::basic_string<char, std::char_traits<char>, std::allocator<char> > > >, std::less<std::__cxx11::basic_string<char, std::char_traits<char>, std::allocator<char> > >, std::allocator<std::pair<std::__cxx11::basic_string<char, std::char_traits<char>, std::allocator<char> > const, std::__cxx11::basic_string<char, std::char_traits<char>, std::allocator<char> > > > >::_M_insert_unique_<std::_Rb_tree<std::__cxx11::basic_string<char, std::char_traits<char>, std::allocator<char> >, std::pair<std::__cxx11::basic_string<char, std::char_traits<char>, std::allocator<char> > const, std::__cxx11::basic_string<char, std::char_traits<char>, std::allocator<char> > >, std::_Select1st<std::pair<std::__cxx11::basic_string<char, std::char_traits<char>, std::allocator<char> > const, std::__cxx11::basic_string<char, std::char_traits<char>, std::allocator<char> > > >, std::less<std::__cxx11::basic_string<char, std::char_traits<char>, std::allocator<char> > >, std::allocator<std::pair<std::__cxx11::basic_string<char, std::char_traits<char>, std::allocator<char> > const, std::__cxx11::basic_string<char, std::char_traits<char>, std::allocator<char> > > > >::_Alloc_node>(std::_Rb_tree_const_iterator<std::pair<std::__cxx11::basic_string<char, std::char_traits<char>, std::allocator<char> > const, std::__cxx11::basic_string<char, std::char_traits<char>, std::allocator<char> > > >, std::pair<std::__cxx11::basic_string<char, std::char_traits<char>, std::allocator<char> > const, std::__cxx11::basic_string<char, std::char_traits<char>, std::allocator<char> > > const&, std::_Rb_tree<std::__cxx11::basic_string<char, std::char_traits<char>, std::allocator<char> >, std::pair<std::__cxx11::basic_string<char, std::char_traits<char>, std::allocator<char> > const, std::__cxx11::basic_string<char, std::char_traits<char>, std::allocator<char> > >, std::_Select1st<std::pair<std::__cxx11::basic_string<char, std::char_traits<char>, std::allocator<char> > const, std::__cxx11::basic_string<char, std::char_traits<char>, std::allocator<char> > > >, std::less<std::__cxx11::basic_string<char, std::char_traits<char>, std::allocator<char> > >, std::allocator<std::pair<std::__cxx11::basic_string<char, std::char_traits<char>, std::allocator<char> > const, std::__cxx11::basic_string<char, std::char_traits<char>, std::allocator<char> > > > >::_Alloc_node&) (stl_tree.h:2905)
==22141==    by 0x4038533: std::_Rb_tree<std::__cxx11::basic_string<char, std::char_traits<char>, std::allocator<char> >, std::pair<std::__cxx11::basic_string<char, std::char_traits<char>, std::allocator<char> > const, std::__cxx11::basic_string<char, std::char_traits<char>, std::allocator<char> > >, std::_Select1st<std::pair<std::__cxx11::basic_string<char, std::char_traits<char>, std::allocator<char> > const, std::__cxx11::basic_string<char, std::char_traits<char>, std::allocator<char> > > >, std::less<std::__cxx11::basic_string<char, std::char_traits<char>, std::allocator<char> > >, std::allocator<std::pair<std::__cxx11::basic_string<char, std::char_traits<char>, std::allocator<char> > const, std::__cxx11::basic_string<char, std::char_traits<char>, std::allocator<char> > > > >::_M_insert_unique_(std::_Rb_tree_const_iterator<std::pair<std::__cxx11::basic_string<char, std::char_traits<char>, std::allocator<char> > const, std::__cxx11::basic_string<char, std::char_traits<char>, std::allocator<char> > > >, std::pair<std::__cxx11::basic_string<char, std::char_traits<char>, std::allocator<char> > const, std::__cxx11::basic_string<char, std::char_traits<char>, std::allocator<char> > > const&) (stl_tree.h:1770)
==22141==    by 0x4038415: std::map<std::__cxx11::basic_string<char, std::char_traits<char>, std::allocator<char> >, std::__cxx11::basic_string<char, std::char_traits<char>, std::allocator<char> >, std::less<std::__cxx11::basic_string<char, std::char_traits<char>, std::allocator<char> > >, std::allocator<std::pair<std::__cxx11::basic_string<char, std::char_traits<char>, std::allocator<char> > const, std::__cxx11::basic_string<char, std::char_traits<char>, std::allocator<char> > > > >::insert(std::_Rb_tree_iterator<std::pair<std::__cxx11::basic_string<char, std::char_traits<char>, std::allocator<char> > const, std::__cxx11::basic_string<char, std::char_traits<char>, std::allocator<char> > > >, std::pair<std::__cxx11::basic_string<char, std::char_traits<char>, std::allocator<char> > const, std::__cxx11::basic_string<char, std::char_traits<char>, std::allocator<char> > > const&) (stl_map.h:954)
==22141==    by 0x40381D8: std::map<std::__cxx11::basic_string<char, std::char_traits<char>, std::allocator<char> >, std::__cxx11::basic_string<char, std::char_traits<char>, std::allocator<char> >, std::less<std::__cxx11::basic_string<char, std::char_traits<char>, std::allocator<char> > >, std::allocator<std::pair<std::__cxx11::basic_string<char, std::char_traits<char>, std::allocator<char> > const, std::__cxx11::basic_string<char, std::char_traits<char>, std::allocator<char> > > > >::operator[](std::__cxx11::basic_string<char, std::char_traits<char>, std::allocator<char> > const&) (stl_map.h:540)
==22141==    by 0x4037719: MimeTypes::initMap[abi:cxx11]() (MimeTypes.cpp:20)
==22141==    by 0x4038080: __static_initialization_and_destruction_0() (MimeTypes.cpp:32)
==22141== 
==22141== 96 bytes in 1 blocks are still reachable in loss record 48 of 80
==22141==    at 0x48B1FD3: operator new(unsigned long) (vg_replace_malloc.c:487)
==22141==    by 0x40304BC: std::__new_allocator<std::_Rb_tree_node<std::pair<std::__cxx11::basic_string<char, std::char_traits<char>, std::allocator<char> > const, std::__cxx11::basic_string<char, std::char_traits<char>, std::allocator<char> > > > >::allocate(unsigned long, void const*) (new_allocator.h:151)
==22141==    by 0x402FA35: allocate (alloc_traits.h:142)
==22141==    by 0x402FA35: std::_Rb_tree<std::__cxx11::basic_string<char, std::char_traits<char>, std::allocator<char> >, std::pair<std::__cxx11::basic_string<char, std::char_traits<char>, std::allocator<char> > const, std::__cxx11::basic_string<char, std::char_traits<char>, std::allocator<char> > >, std::_Select1st<std::pair<std::__cxx11::basic_string<char, std::char_traits<char>, std::allocator<char> > const, std::__cxx11::basic_string<char, std::char_traits<char>, std::allocator<char> > > >, std::less<std::__cxx11::basic_string<char, std::char_traits<char>, std::allocator<char> > >, std::allocator<std::pair<std::__cxx11::basic_string<char, std::char_traits<char>, std::allocator<char> > const, std::__cxx11::basic_string<char, std::char_traits<char>, std::allocator<char> > > > >::_M_get_node() (stl_tree.h:1170)
==22141==    by 0x402F121: std::_Rb_tree<std::__cxx11::basic_string<char, std::char_traits<char>, std::allocator<char> >, std::pair<std::__cxx11::basic_string<char, std::char_traits<char>, std::allocator<char> > const, std::__cxx11::basic_string<char, std::char_traits<char>, std::allocator<char> > >, std::_Select1st<std::pair<std::__cxx11::basic_string<char, std::char_traits<char>, std::allocator<char> > const, std::__cxx11::basic_string<char, std::char_traits<char>, std::allocator<char> > > >, std::less<std::__cxx11::basic_string<char, std::char_traits<char>, std::allocator<char> > >, std::allocator<std::pair<std::__cxx11::basic_string<char, std::char_traits<char>, std::allocator<char> > const, std::__cxx11::basic_string<char, std::char_traits<char>, std::allocator<char> > > > >::_M_create_node(std::pair<std::__cxx11::basic_string<char, std::char_traits<char>, std::allocator<char> > const, std::__cxx11::basic_string<char, std::char_traits<char>, std::allocator<char> > > const&) (stl_tree.h:1225)
==22141==    by 0x402E881: std::_Rb_tree_node<std::pair<std::__cxx11::basic_string<char, std::char_traits<char>, std::allocator<char> > const, std::__cxx11::basic_string<char, std::char_traits<char>, std::allocator<char> > > >* std::_Rb_tree<std::__cxx11::basic_string<char, std::char_traits<char>, std::allocator<char> >, std::pair<std::__cxx11::basic_string<char, std::char_traits<char>, std::allocator<char> > const, std::__cxx11::basic_string<char, std::char_traits<char>, std::allocator<char> > >, std::_Select1st<std::pair<std::__cxx11::basic_string<char, std::char_traits<char>, std::allocator<char> > const, std::__cxx11::basic_string<char, std::char_traits<char>, std::allocator<char> > > >, std::less<std::__cxx11::basic_string<char, std::char_traits<char>, std::allocator<char> > >, std::allocator<std::pair<std::__cxx11::basic_string<char, std::char_traits<char>, std::allocator<char> > const, std::__cxx11::basic_string<char, std::char_traits<char>, std::allocator<char> > > > >::_Alloc_node::operator()<std::pair<std::__cxx11::basic_string<char, std::char_traits<char>, std::allocator<char> > const, std::__cxx11::basic_string<char, std::char_traits<char>, std::allocator<char> > > >(std::pair<std::__cxx11::basic_string<char, std::char_traits<char>, std::allocator<char> > const, std::__cxx11::basic_string<char, std::char_traits<char>, std::allocator<char> > > const&) const (stl_tree.h:1136)
==22141==    by 0x402DE2C: std::_Rb_tree_iterator<std::pair<std::__cxx11::basic_string<char, std::char_traits<char>, std::allocator<char> > const, std::__cxx11::basic_string<char, std::char_traits<char>, std::allocator<char> > > > std::_Rb_tree<std::__cxx11::basic_string<char, std::char_traits<char>, std::allocator<char> >, std::pair<std::__cxx11::basic_string<char, std::char_traits<char>, std::allocator<char> > const, std::__cxx11::basic_string<char, std::char_traits<char>, std::allocator<char> > >, std::_Select1st<std::pair<std::__cxx11::basic_string<char, std::char_traits<char>, std::allocator<char> > const, std::__cxx11::basic_string<char, std::char_traits<char>, std::allocator<char> > > >, std::less<std::__cxx11::basic_string<char, std::char_traits<char>, std::allocator<char> > >, std::allocator<std::pair<std::__cxx11::basic_string<char, std::char_traits<char>, std::allocator<char> > const, std::__cxx11::basic_string<char, std::char_traits<char>, std::allocator<char> > > > >::_M_insert_<std::_Rb_tree<std::__cxx11::basic_string<char, std::char_traits<char>, std::allocator<char> >, std::pair<std::__cxx11::basic_string<char, std::char_traits<char>, std::allocator<char> > const, std::__cxx11::basic_string<char, std::char_traits<char>, std::allocator<char> > >, std::_Select1st<std::pair<std::__cxx11::basic_string<char, std::char_traits<char>, std::allocator<char> > const, std::__cxx11::basic_string<char, std::char_traits<char>, std::allocator<char> > > >, std::less<std::__cxx11::basic_string<char, std::char_traits<char>, std::allocator<char> > >, std::allocator<std::pair<std::__cxx11::basic_string<char, std::char_traits<char>, std::allocator<char> > const, std::__cxx11::basic_string<char, std::char_traits<char>, std::allocator<char> > > > >::_Alloc_node>(std::_Rb_tree_node_base*, std::_Rb_tree_node_base*, std::pair<std::__cxx11::basic_string<char, std::char_traits<char>, std::allocator<char> > const, std::__cxx11::basic_string<char, std::char_traits<char>, std::allocator<char> > > const&, std::_Rb_tree<std::__cxx11::basic_string<char, std::char_traits<char>, std::allocator<char> >, std::pair<std::__cxx11::basic_string<char, std::char_traits<char>, std::allocator<char> > const, std::__cxx11::basic_string<char, std::char_traits<char>, std::allocator<char> > >, std::_Select1st<std::pair<std::__cxx11::basic_string<char, std::char_traits<char>, std::allocator<char> > const, std::__cxx11::basic_string<char, std::char_traits<char>, std::allocator<char> > > >, std::less<std::__cxx11::basic_string<char, std::char_traits<char>, std::allocator<char> > >, std::allocator<std::pair<std::__cxx11::basic_string<char, std::char_traits<char>, std::allocator<char> > const, std::__cxx11::basic_string<char, std::char_traits<char>, std::allocator<char> > > > >::_Alloc_node&) (stl_tree.h:2481)
==22141==    by 0x40386AD: std::_Rb_tree_iterator<std::pair<std::__cxx11::basic_string<char, std::char_traits<char>, std::allocator<char> > const, std::__cxx11::basic_string<char, std::char_traits<char>, std::allocator<char> > > > std::_Rb_tree<std::__cxx11::basic_string<char, std::char_traits<char>, std::allocator<char> >, std::pair<std::__cxx11::basic_string<char, std::char_traits<char>, std::allocator<char> > const, std::__cxx11::basic_string<char, std::char_traits<char>, std::allocator<char> > >, std::_Select1st<std::pair<std::__cxx11::basic_string<char, std::char_traits<char>, std::allocator<char> > const, std::__cxx11::basic_string<char, std::char_traits<char>, std::allocator<char> > > >, std::less<std::__cxx11::basic_string<char, std::char_traits<char>, std::allocator<char> > >, std::allocator<std::pair<std::__cxx11::basic_string<char, std::char_traits<char>, std::allocator<char> > const, std::__cxx11::basic_string<char, std::char_traits<char>, std::allocator<char> > > > >::_M_insert_unique_<std::_Rb_tree<std::__cxx11::basic_string<char, std::char_traits<char>, std::allocator<char> >, std::pair<std::__cxx11::basic_string<char, std::char_traits<char>, std::allocator<char> > const, std::__cxx11::basic_string<char, std::char_traits<char>, std::allocator<char> > >, std::_Select1st<std::pair<std::__cxx11::basic_string<char, std::char_traits<char>, std::allocator<char> > const, std::__cxx11::basic_string<char, std::char_traits<char>, std::allocator<char> > > >, std::less<std::__cxx11::basic_string<char, std::char_traits<char>, std::allocator<char> > >, std::allocator<std::pair<std::__cxx11::basic_string<char, std::char_traits<char>, std::allocator<char> > const, std::__cxx11::basic_string<char, std::char_traits<char>, std::allocator<char> > > > >::_Alloc_node>(std::_Rb_tree_const_iterator<std::pair<std::__cxx11::basic_string<char, std::char_traits<char>, std::allocator<char> > const, std::__cxx11::basic_string<char, std::char_traits<char>, std::allocator<char> > > >, std::pair<std::__cxx11::basic_string<char, std::char_traits<char>, std::allocator<char> > const, std::__cxx11::basic_string<char, std::char_traits<char>, std::allocator<char> > > const&, std::_Rb_tree<std::__cxx11::basic_string<char, std::char_traits<char>, std::allocator<char> >, std::pair<std::__cxx11::basic_string<char, std::char_traits<char>, std::allocator<char> > const, std::__cxx11::basic_string<char, std::char_traits<char>, std::allocator<char> > >, std::_Select1st<std::pair<std::__cxx11::basic_string<char, std::char_traits<char>, std::allocator<char> > const, std::__cxx11::basic_string<char, std::char_traits<char>, std::allocator<char> > > >, std::less<std::__cxx11::basic_string<char, std::char_traits<char>, std::allocator<char> > >, std::allocator<std::pair<std::__cxx11::basic_string<char, std::char_traits<char>, std::allocator<char> > const, std::__cxx11::basic_string<char, std::char_traits<char>, std::allocator<char> > > > >::_Alloc_node&) (stl_tree.h:2905)
==22141==    by 0x4038533: std::_Rb_tree<std::__cxx11::basic_string<char, std::char_traits<char>, std::allocator<char> >, std::pair<std::__cxx11::basic_string<char, std::char_traits<char>, std::allocator<char> > const, std::__cxx11::basic_string<char, std::char_traits<char>, std::allocator<char> > >, std::_Select1st<std::pair<std::__cxx11::basic_string<char, std::char_traits<char>, std::allocator<char> > const, std::__cxx11::basic_string<char, std::char_traits<char>, std::allocator<char> > > >, std::less<std::__cxx11::basic_string<char, std::char_traits<char>, std::allocator<char> > >, std::allocator<std::pair<std::__cxx11::basic_string<char, std::char_traits<char>, std::allocator<char> > const, std::__cxx11::basic_string<char, std::char_traits<char>, std::allocator<char> > > > >::_M_insert_unique_(std::_Rb_tree_const_iterator<std::pair<std::__cxx11::basic_string<char, std::char_traits<char>, std::allocator<char> > const, std::__cxx11::basic_string<char, std::char_traits<char>, std::allocator<char> > > >, std::pair<std::__cxx11::basic_string<char, std::char_traits<char>, std::allocator<char> > const, std::__cxx11::basic_string<char, std::char_traits<char>, std::allocator<char> > > const&) (stl_tree.h:1770)
==22141==    by 0x4038415: std::map<std::__cxx11::basic_string<char, std::char_traits<char>, std::allocator<char> >, std::__cxx11::basic_string<char, std::char_traits<char>, std::allocator<char> >, std::less<std::__cxx11::basic_string<char, std::char_traits<char>, std::allocator<char> > >, std::allocator<std::pair<std::__cxx11::basic_string<char, std::char_traits<char>, std::allocator<char> > const, std::__cxx11::basic_string<char, std::char_traits<char>, std::allocator<char> > > > >::insert(std::_Rb_tree_iterator<std::pair<std::__cxx11::basic_string<char, std::char_traits<char>, std::allocator<char> > const, std::__cxx11::basic_string<char, std::char_traits<char>, std::allocator<char> > > >, std::pair<std::__cxx11::basic_string<char, std::char_traits<char>, std::allocator<char> > const, std::__cxx11::basic_string<char, std::char_traits<char>, std::allocator<char> > > const&) (stl_map.h:954)
==22141==    by 0x40381D8: std::map<std::__cxx11::basic_string<char, std::char_traits<char>, std::allocator<char> >, std::__cxx11::basic_string<char, std::char_traits<char>, std::allocator<char> >, std::less<std::__cxx11::basic_string<char, std::char_traits<char>, std::allocator<char> > >, std::allocator<std::pair<std::__cxx11::basic_string<char, std::char_traits<char>, std::allocator<char> > const, std::__cxx11::basic_string<char, std::char_traits<char>, std::allocator<char> > > > >::operator[](std::__cxx11::basic_string<char, std::char_traits<char>, std::allocator<char> > const&) (stl_map.h:540)
==22141==    by 0x403778A: MimeTypes::initMap[abi:cxx11]() (MimeTypes.cpp:21)
==22141==    by 0x4038080: __static_initialization_and_destruction_0() (MimeTypes.cpp:32)
==22141== 
==22141== 96 bytes in 1 blocks are still reachable in loss record 49 of 80
==22141==    at 0x48B1FD3: operator new(unsigned long) (vg_replace_malloc.c:487)
==22141==    by 0x40304BC: std::__new_allocator<std::_Rb_tree_node<std::pair<std::__cxx11::basic_string<char, std::char_traits<char>, std::allocator<char> > const, std::__cxx11::basic_string<char, std::char_traits<char>, std::allocator<char> > > > >::allocate(unsigned long, void const*) (new_allocator.h:151)
==22141==    by 0x402FA35: allocate (alloc_traits.h:142)
==22141==    by 0x402FA35: std::_Rb_tree<std::__cxx11::basic_string<char, std::char_traits<char>, std::allocator<char> >, std::pair<std::__cxx11::basic_string<char, std::char_traits<char>, std::allocator<char> > const, std::__cxx11::basic_string<char, std::char_traits<char>, std::allocator<char> > >, std::_Select1st<std::pair<std::__cxx11::basic_string<char, std::char_traits<char>, std::allocator<char> > const, std::__cxx11::basic_string<char, std::char_traits<char>, std::allocator<char> > > >, std::less<std::__cxx11::basic_string<char, std::char_traits<char>, std::allocator<char> > >, std::allocator<std::pair<std::__cxx11::basic_string<char, std::char_traits<char>, std::allocator<char> > const, std::__cxx11::basic_string<char, std::char_traits<char>, std::allocator<char> > > > >::_M_get_node() (stl_tree.h:1170)
==22141==    by 0x402F121: std::_Rb_tree<std::__cxx11::basic_string<char, std::char_traits<char>, std::allocator<char> >, std::pair<std::__cxx11::basic_string<char, std::char_traits<char>, std::allocator<char> > const, std::__cxx11::basic_string<char, std::char_traits<char>, std::allocator<char> > >, std::_Select1st<std::pair<std::__cxx11::basic_string<char, std::char_traits<char>, std::allocator<char> > const, std::__cxx11::basic_string<char, std::char_traits<char>, std::allocator<char> > > >, std::less<std::__cxx11::basic_string<char, std::char_traits<char>, std::allocator<char> > >, std::allocator<std::pair<std::__cxx11::basic_string<char, std::char_traits<char>, std::allocator<char> > const, std::__cxx11::basic_string<char, std::char_traits<char>, std::allocator<char> > > > >::_M_create_node(std::pair<std::__cxx11::basic_string<char, std::char_traits<char>, std::allocator<char> > const, std::__cxx11::basic_string<char, std::char_traits<char>, std::allocator<char> > > const&) (stl_tree.h:1225)
==22141==    by 0x402E881: std::_Rb_tree_node<std::pair<std::__cxx11::basic_string<char, std::char_traits<char>, std::allocator<char> > const, std::__cxx11::basic_string<char, std::char_traits<char>, std::allocator<char> > > >* std::_Rb_tree<std::__cxx11::basic_string<char, std::char_traits<char>, std::allocator<char> >, std::pair<std::__cxx11::basic_string<char, std::char_traits<char>, std::allocator<char> > const, std::__cxx11::basic_string<char, std::char_traits<char>, std::allocator<char> > >, std::_Select1st<std::pair<std::__cxx11::basic_string<char, std::char_traits<char>, std::allocator<char> > const, std::__cxx11::basic_string<char, std::char_traits<char>, std::allocator<char> > > >, std::less<std::__cxx11::basic_string<char, std::char_traits<char>, std::allocator<char> > >, std::allocator<std::pair<std::__cxx11::basic_string<char, std::char_traits<char>, std::allocator<char> > const, std::__cxx11::basic_string<char, std::char_traits<char>, std::allocator<char> > > > >::_Alloc_node::operator()<std::pair<std::__cxx11::basic_string<char, std::char_traits<char>, std::allocator<char> > const, std::__cxx11::basic_string<char, std::char_traits<char>, std::allocator<char> > > >(std::pair<std::__cxx11::basic_string<char, std::char_traits<char>, std::allocator<char> > const, std::__cxx11::basic_string<char, std::char_traits<char>, std::allocator<char> > > const&) const (stl_tree.h:1136)
==22141==    by 0x402DE2C: std::_Rb_tree_iterator<std::pair<std::__cxx11::basic_string<char, std::char_traits<char>, std::allocator<char> > const, std::__cxx11::basic_string<char, std::char_traits<char>, std::allocator<char> > > > std::_Rb_tree<std::__cxx11::basic_string<char, std::char_traits<char>, std::allocator<char> >, std::pair<std::__cxx11::basic_string<char, std::char_traits<char>, std::allocator<char> > const, std::__cxx11::basic_string<char, std::char_traits<char>, std::allocator<char> > >, std::_Select1st<std::pair<std::__cxx11::basic_string<char, std::char_traits<char>, std::allocator<char> > const, std::__cxx11::basic_string<char, std::char_traits<char>, std::allocator<char> > > >, std::less<std::__cxx11::basic_string<char, std::char_traits<char>, std::allocator<char> > >, std::allocator<std::pair<std::__cxx11::basic_string<char, std::char_traits<char>, std::allocator<char> > const, std::__cxx11::basic_string<char, std::char_traits<char>, std::allocator<char> > > > >::_M_insert_<std::_Rb_tree<std::__cxx11::basic_string<char, std::char_traits<char>, std::allocator<char> >, std::pair<std::__cxx11::basic_string<char, std::char_traits<char>, std::allocator<char> > const, std::__cxx11::basic_string<char, std::char_traits<char>, std::allocator<char> > >, std::_Select1st<std::pair<std::__cxx11::basic_string<char, std::char_traits<char>, std::allocator<char> > const, std::__cxx11::basic_string<char, std::char_traits<char>, std::allocator<char> > > >, std::less<std::__cxx11::basic_string<char, std::char_traits<char>, std::allocator<char> > >, std::allocator<std::pair<std::__cxx11::basic_string<char, std::char_traits<char>, std::allocator<char> > const, std::__cxx11::basic_string<char, std::char_traits<char>, std::allocator<char> > > > >::_Alloc_node>(std::_Rb_tree_node_base*, std::_Rb_tree_node_base*, std::pair<std::__cxx11::basic_string<char, std::char_traits<char>, std::allocator<char> > const, std::__cxx11::basic_string<char, std::char_traits<char>, std::allocator<char> > > const&, std::_Rb_tree<std::__cxx11::basic_string<char, std::char_traits<char>, std::allocator<char> >, std::pair<std::__cxx11::basic_string<char, std::char_traits<char>, std::allocator<char> > const, std::__cxx11::basic_string<char, std::char_traits<char>, std::allocator<char> > >, std::_Select1st<std::pair<std::__cxx11::basic_string<char, std::char_traits<char>, std::allocator<char> > const, std::__cxx11::basic_string<char, std::char_traits<char>, std::allocator<char> > > >, std::less<std::__cxx11::basic_string<char, std::char_traits<char>, std::allocator<char> > >, std::allocator<std::pair<std::__cxx11::basic_string<char, std::char_traits<char>, std::allocator<char> > const, std::__cxx11::basic_string<char, std::char_traits<char>, std::allocator<char> > > > >::_Alloc_node&) (stl_tree.h:2481)
==22141==    by 0x40386AD: std::_Rb_tree_iterator<std::pair<std::__cxx11::basic_string<char, std::char_traits<char>, std::allocator<char> > const, std::__cxx11::basic_string<char, std::char_traits<char>, std::allocator<char> > > > std::_Rb_tree<std::__cxx11::basic_string<char, std::char_traits<char>, std::allocator<char> >, std::pair<std::__cxx11::basic_string<char, std::char_traits<char>, std::allocator<char> > const, std::__cxx11::basic_string<char, std::char_traits<char>, std::allocator<char> > >, std::_Select1st<std::pair<std::__cxx11::basic_string<char, std::char_traits<char>, std::allocator<char> > const, std::__cxx11::basic_string<char, std::char_traits<char>, std::allocator<char> > > >, std::less<std::__cxx11::basic_string<char, std::char_traits<char>, std::allocator<char> > >, std::allocator<std::pair<std::__cxx11::basic_string<char, std::char_traits<char>, std::allocator<char> > const, std::__cxx11::basic_string<char, std::char_traits<char>, std::allocator<char> > > > >::_M_insert_unique_<std::_Rb_tree<std::__cxx11::basic_string<char, std::char_traits<char>, std::allocator<char> >, std::pair<std::__cxx11::basic_string<char, std::char_traits<char>, std::allocator<char> > const, std::__cxx11::basic_string<char, std::char_traits<char>, std::allocator<char> > >, std::_Select1st<std::pair<std::__cxx11::basic_string<char, std::char_traits<char>, std::allocator<char> > const, std::__cxx11::basic_string<char, std::char_traits<char>, std::allocator<char> > > >, std::less<std::__cxx11::basic_string<char, std::char_traits<char>, std::allocator<char> > >, std::allocator<std::pair<std::__cxx11::basic_string<char, std::char_traits<char>, std::allocator<char> > const, std::__cxx11::basic_string<char, std::char_traits<char>, std::allocator<char> > > > >::_Alloc_node>(std::_Rb_tree_const_iterator<std::pair<std::__cxx11::basic_string<char, std::char_traits<char>, std::allocator<char> > const, std::__cxx11::basic_string<char, std::char_traits<char>, std::allocator<char> > > >, std::pair<std::__cxx11::basic_string<char, std::char_traits<char>, std::allocator<char> > const, std::__cxx11::basic_string<char, std::char_traits<char>, std::allocator<char> > > const&, std::_Rb_tree<std::__cxx11::basic_string<char, std::char_traits<char>, std::allocator<char> >, std::pair<std::__cxx11::basic_string<char, std::char_traits<char>, std::allocator<char> > const, std::__cxx11::basic_string<char, std::char_traits<char>, std::allocator<char> > >, std::_Select1st<std::pair<std::__cxx11::basic_string<char, std::char_traits<char>, std::allocator<char> > const, std::__cxx11::basic_string<char, std::char_traits<char>, std::allocator<char> > > >, std::less<std::__cxx11::basic_string<char, std::char_traits<char>, std::allocator<char> > >, std::allocator<std::pair<std::__cxx11::basic_string<char, std::char_traits<char>, std::allocator<char> > const, std::__cxx11::basic_string<char, std::char_traits<char>, std::allocator<char> > > > >::_Alloc_node&) (stl_tree.h:2905)
==22141==    by 0x4038533: std::_Rb_tree<std::__cxx11::basic_string<char, std::char_traits<char>, std::allocator<char> >, std::pair<std::__cxx11::basic_string<char, std::char_traits<char>, std::allocator<char> > const, std::__cxx11::basic_string<char, std::char_traits<char>, std::allocator<char> > >, std::_Select1st<std::pair<std::__cxx11::basic_string<char, std::char_traits<char>, std::allocator<char> > const, std::__cxx11::basic_string<char, std::char_traits<char>, std::allocator<char> > > >, std::less<std::__cxx11::basic_string<char, std::char_traits<char>, std::allocator<char> > >, std::allocator<std::pair<std::__cxx11::basic_string<char, std::char_traits<char>, std::allocator<char> > const, std::__cxx11::basic_string<char, std::char_traits<char>, std::allocator<char> > > > >::_M_insert_unique_(std::_Rb_tree_const_iterator<std::pair<std::__cxx11::basic_string<char, std::char_traits<char>, std::allocator<char> > const, std::__cxx11::basic_string<char, std::char_traits<char>, std::allocator<char> > > >, std::pair<std::__cxx11::basic_string<char, std::char_traits<char>, std::allocator<char> > const, std::__cxx11::basic_string<char, std::char_traits<char>, std::allocator<char> > > const&) (stl_tree.h:1770)
==22141==    by 0x4038415: std::map<std::__cxx11::basic_string<char, std::char_traits<char>, std::allocator<char> >, std::__cxx11::basic_string<char, std::char_traits<char>, std::allocator<char> >, std::less<std::__cxx11::basic_string<char, std::char_traits<char>, std::allocator<char> > >, std::allocator<std::pair<std::__cxx11::basic_string<char, std::char_traits<char>, std::allocator<char> > const, std::__cxx11::basic_string<char, std::char_traits<char>, std::allocator<char> > > > >::insert(std::_Rb_tree_iterator<std::pair<std::__cxx11::basic_string<char, std::char_traits<char>, std::allocator<char> > const, std::__cxx11::basic_string<char, std::char_traits<char>, std::allocator<char> > > >, std::pair<std::__cxx11::basic_string<char, std::char_traits<char>, std::allocator<char> > const, std::__cxx11::basic_string<char, std::char_traits<char>, std::allocator<char> > > const&) (stl_map.h:954)
==22141==    by 0x40381D8: std::map<std::__cxx11::basic_string<char, std::char_traits<char>, std::allocator<char> >, std::__cxx11::basic_string<char, std::char_traits<char>, std::allocator<char> >, std::less<std::__cxx11::basic_string<char, std::char_traits<char>, std::allocator<char> > >, std::allocator<std::pair<std::__cxx11::basic_string<char, std::char_traits<char>, std::allocator<char> > const, std::__cxx11::basic_string<char, std::char_traits<char>, std::allocator<char> > > > >::operator[](std::__cxx11::basic_string<char, std::char_traits<char>, std::allocator<char> > const&) (stl_map.h:540)
==22141==    by 0x40377FB: MimeTypes::initMap[abi:cxx11]() (MimeTypes.cpp:22)
==22141==    by 0x4038080: __static_initialization_and_destruction_0() (MimeTypes.cpp:32)
==22141== 
==22141== 96 bytes in 1 blocks are still reachable in loss record 50 of 80
==22141==    at 0x48B1FD3: operator new(unsigned long) (vg_replace_malloc.c:487)
==22141==    by 0x40304BC: std::__new_allocator<std::_Rb_tree_node<std::pair<std::__cxx11::basic_string<char, std::char_traits<char>, std::allocator<char> > const, std::__cxx11::basic_string<char, std::char_traits<char>, std::allocator<char> > > > >::allocate(unsigned long, void const*) (new_allocator.h:151)
==22141==    by 0x402FA35: allocate (alloc_traits.h:142)
==22141==    by 0x402FA35: std::_Rb_tree<std::__cxx11::basic_string<char, std::char_traits<char>, std::allocator<char> >, std::pair<std::__cxx11::basic_string<char, std::char_traits<char>, std::allocator<char> > const, std::__cxx11::basic_string<char, std::char_traits<char>, std::allocator<char> > >, std::_Select1st<std::pair<std::__cxx11::basic_string<char, std::char_traits<char>, std::allocator<char> > const, std::__cxx11::basic_string<char, std::char_traits<char>, std::allocator<char> > > >, std::less<std::__cxx11::basic_string<char, std::char_traits<char>, std::allocator<char> > >, std::allocator<std::pair<std::__cxx11::basic_string<char, std::char_traits<char>, std::allocator<char> > const, std::__cxx11::basic_string<char, std::char_traits<char>, std::allocator<char> > > > >::_M_get_node() (stl_tree.h:1170)
==22141==    by 0x402F121: std::_Rb_tree<std::__cxx11::basic_string<char, std::char_traits<char>, std::allocator<char> >, std::pair<std::__cxx11::basic_string<char, std::char_traits<char>, std::allocator<char> > const, std::__cxx11::basic_string<char, std::char_traits<char>, std::allocator<char> > >, std::_Select1st<std::pair<std::__cxx11::basic_string<char, std::char_traits<char>, std::allocator<char> > const, std::__cxx11::basic_string<char, std::char_traits<char>, std::allocator<char> > > >, std::less<std::__cxx11::basic_string<char, std::char_traits<char>, std::allocator<char> > >, std::allocator<std::pair<std::__cxx11::basic_string<char, std::char_traits<char>, std::allocator<char> > const, std::__cxx11::basic_string<char, std::char_traits<char>, std::allocator<char> > > > >::_M_create_node(std::pair<std::__cxx11::basic_string<char, std::char_traits<char>, std::allocator<char> > const, std::__cxx11::basic_string<char, std::char_traits<char>, std::allocator<char> > > const&) (stl_tree.h:1225)
==22141==    by 0x402E881: std::_Rb_tree_node<std::pair<std::__cxx11::basic_string<char, std::char_traits<char>, std::allocator<char> > const, std::__cxx11::basic_string<char, std::char_traits<char>, std::allocator<char> > > >* std::_Rb_tree<std::__cxx11::basic_string<char, std::char_traits<char>, std::allocator<char> >, std::pair<std::__cxx11::basic_string<char, std::char_traits<char>, std::allocator<char> > const, std::__cxx11::basic_string<char, std::char_traits<char>, std::allocator<char> > >, std::_Select1st<std::pair<std::__cxx11::basic_string<char, std::char_traits<char>, std::allocator<char> > const, std::__cxx11::basic_string<char, std::char_traits<char>, std::allocator<char> > > >, std::less<std::__cxx11::basic_string<char, std::char_traits<char>, std::allocator<char> > >, std::allocator<std::pair<std::__cxx11::basic_string<char, std::char_traits<char>, std::allocator<char> > const, std::__cxx11::basic_string<char, std::char_traits<char>, std::allocator<char> > > > >::_Alloc_node::operator()<std::pair<std::__cxx11::basic_string<char, std::char_traits<char>, std::allocator<char> > const, std::__cxx11::basic_string<char, std::char_traits<char>, std::allocator<char> > > >(std::pair<std::__cxx11::basic_string<char, std::char_traits<char>, std::allocator<char> > const, std::__cxx11::basic_string<char, std::char_traits<char>, std::allocator<char> > > const&) const (stl_tree.h:1136)
==22141==    by 0x402DE2C: std::_Rb_tree_iterator<std::pair<std::__cxx11::basic_string<char, std::char_traits<char>, std::allocator<char> > const, std::__cxx11::basic_string<char, std::char_traits<char>, std::allocator<char> > > > std::_Rb_tree<std::__cxx11::basic_string<char, std::char_traits<char>, std::allocator<char> >, std::pair<std::__cxx11::basic_string<char, std::char_traits<char>, std::allocator<char> > const, std::__cxx11::basic_string<char, std::char_traits<char>, std::allocator<char> > >, std::_Select1st<std::pair<std::__cxx11::basic_string<char, std::char_traits<char>, std::allocator<char> > const, std::__cxx11::basic_string<char, std::char_traits<char>, std::allocator<char> > > >, std::less<std::__cxx11::basic_string<char, std::char_traits<char>, std::allocator<char> > >, std::allocator<std::pair<std::__cxx11::basic_string<char, std::char_traits<char>, std::allocator<char> > const, std::__cxx11::basic_string<char, std::char_traits<char>, std::allocator<char> > > > >::_M_insert_<std::_Rb_tree<std::__cxx11::basic_string<char, std::char_traits<char>, std::allocator<char> >, std::pair<std::__cxx11::basic_string<char, std::char_traits<char>, std::allocator<char> > const, std::__cxx11::basic_string<char, std::char_traits<char>, std::allocator<char> > >, std::_Select1st<std::pair<std::__cxx11::basic_string<char, std::char_traits<char>, std::allocator<char> > const, std::__cxx11::basic_string<char, std::char_traits<char>, std::allocator<char> > > >, std::less<std::__cxx11::basic_string<char, std::char_traits<char>, std::allocator<char> > >, std::allocator<std::pair<std::__cxx11::basic_string<char, std::char_traits<char>, std::allocator<char> > const, std::__cxx11::basic_string<char, std::char_traits<char>, std::allocator<char> > > > >::_Alloc_node>(std::_Rb_tree_node_base*, std::_Rb_tree_node_base*, std::pair<std::__cxx11::basic_string<char, std::char_traits<char>, std::allocator<char> > const, std::__cxx11::basic_string<char, std::char_traits<char>, std::allocator<char> > > const&, std::_Rb_tree<std::__cxx11::basic_string<char, std::char_traits<char>, std::allocator<char> >, std::pair<std::__cxx11::basic_string<char, std::char_traits<char>, std::allocator<char> > const, std::__cxx11::basic_string<char, std::char_traits<char>, std::allocator<char> > >, std::_Select1st<std::pair<std::__cxx11::basic_string<char, std::char_traits<char>, std::allocator<char> > const, std::__cxx11::basic_string<char, std::char_traits<char>, std::allocator<char> > > >, std::less<std::__cxx11::basic_string<char, std::char_traits<char>, std::allocator<char> > >, std::allocator<std::pair<std::__cxx11::basic_string<char, std::char_traits<char>, std::allocator<char> > const, std::__cxx11::basic_string<char, std::char_traits<char>, std::allocator<char> > > > >::_Alloc_node&) (stl_tree.h:2481)
==22141==    by 0x40386AD: std::_Rb_tree_iterator<std::pair<std::__cxx11::basic_string<char, std::char_traits<char>, std::allocator<char> > const, std::__cxx11::basic_string<char, std::char_traits<char>, std::allocator<char> > > > std::_Rb_tree<std::__cxx11::basic_string<char, std::char_traits<char>, std::allocator<char> >, std::pair<std::__cxx11::basic_string<char, std::char_traits<char>, std::allocator<char> > const, std::__cxx11::basic_string<char, std::char_traits<char>, std::allocator<char> > >, std::_Select1st<std::pair<std::__cxx11::basic_string<char, std::char_traits<char>, std::allocator<char> > const, std::__cxx11::basic_string<char, std::char_traits<char>, std::allocator<char> > > >, std::less<std::__cxx11::basic_string<char, std::char_traits<char>, std::allocator<char> > >, std::allocator<std::pair<std::__cxx11::basic_string<char, std::char_traits<char>, std::allocator<char> > const, std::__cxx11::basic_string<char, std::char_traits<char>, std::allocator<char> > > > >::_M_insert_unique_<std::_Rb_tree<std::__cxx11::basic_string<char, std::char_traits<char>, std::allocator<char> >, std::pair<std::__cxx11::basic_string<char, std::char_traits<char>, std::allocator<char> > const, std::__cxx11::basic_string<char, std::char_traits<char>, std::allocator<char> > >, std::_Select1st<std::pair<std::__cxx11::basic_string<char, std::char_traits<char>, std::allocator<char> > const, std::__cxx11::basic_string<char, std::char_traits<char>, std::allocator<char> > > >, std::less<std::__cxx11::basic_string<char, std::char_traits<char>, std::allocator<char> > >, std::allocator<std::pair<std::__cxx11::basic_string<char, std::char_traits<char>, std::allocator<char> > const, std::__cxx11::basic_string<char, std::char_traits<char>, std::allocator<char> > > > >::_Alloc_node>(std::_Rb_tree_const_iterator<std::pair<std::__cxx11::basic_string<char, std::char_traits<char>, std::allocator<char> > const, std::__cxx11::basic_string<char, std::char_traits<char>, std::allocator<char> > > >, std::pair<std::__cxx11::basic_string<char, std::char_traits<char>, std::allocator<char> > const, std::__cxx11::basic_string<char, std::char_traits<char>, std::allocator<char> > > const&, std::_Rb_tree<std::__cxx11::basic_string<char, std::char_traits<char>, std::allocator<char> >, std::pair<std::__cxx11::basic_string<char, std::char_traits<char>, std::allocator<char> > const, std::__cxx11::basic_string<char, std::char_traits<char>, std::allocator<char> > >, std::_Select1st<std::pair<std::__cxx11::basic_string<char, std::char_traits<char>, std::allocator<char> > const, std::__cxx11::basic_string<char, std::char_traits<char>, std::allocator<char> > > >, std::less<std::__cxx11::basic_string<char, std::char_traits<char>, std::allocator<char> > >, std::allocator<std::pair<std::__cxx11::basic_string<char, std::char_traits<char>, std::allocator<char> > const, std::__cxx11::basic_string<char, std::char_traits<char>, std::allocator<char> > > > >::_Alloc_node&) (stl_tree.h:2905)
==22141==    by 0x4038533: std::_Rb_tree<std::__cxx11::basic_string<char, std::char_traits<char>, std::allocator<char> >, std::pair<std::__cxx11::basic_string<char, std::char_traits<char>, std::allocator<char> > const, std::__cxx11::basic_string<char, std::char_traits<char>, std::allocator<char> > >, std::_Select1st<std::pair<std::__cxx11::basic_string<char, std::char_traits<char>, std::allocator<char> > const, std::__cxx11::basic_string<char, std::char_traits<char>, std::allocator<char> > > >, std::less<std::__cxx11::basic_string<char, std::char_traits<char>, std::allocator<char> > >, std::allocator<std::pair<std::__cxx11::basic_string<char, std::char_traits<char>, std::allocator<char> > const, std::__cxx11::basic_string<char, std::char_traits<char>, std::allocator<char> > > > >::_M_insert_unique_(std::_Rb_tree_const_iterator<std::pair<std::__cxx11::basic_string<char, std::char_traits<char>, std::allocator<char> > const, std::__cxx11::basic_string<char, std::char_traits<char>, std::allocator<char> > > >, std::pair<std::__cxx11::basic_string<char, std::char_traits<char>, std::allocator<char> > const, std::__cxx11::basic_string<char, std::char_traits<char>, std::allocator<char> > > const&) (stl_tree.h:1770)
==22141==    by 0x4038415: std::map<std::__cxx11::basic_string<char, std::char_traits<char>, std::allocator<char> >, std::__cxx11::basic_string<char, std::char_traits<char>, std::allocator<char> >, std::less<std::__cxx11::basic_string<char, std::char_traits<char>, std::allocator<char> > >, std::allocator<std::pair<std::__cxx11::basic_string<char, std::char_traits<char>, std::allocator<char> > const, std::__cxx11::basic_string<char, std::char_traits<char>, std::allocator<char> > > > >::insert(std::_Rb_tree_iterator<std::pair<std::__cxx11::basic_string<char, std::char_traits<char>, std::allocator<char> > const, std::__cxx11::basic_string<char, std::char_traits<char>, std::allocator<char> > > >, std::pair<std::__cxx11::basic_string<char, std::char_traits<char>, std::allocator<char> > const, std::__cxx11::basic_string<char, std::char_traits<char>, std::allocator<char> > > const&) (stl_map.h:954)
==22141==    by 0x40381D8: std::map<std::__cxx11::basic_string<char, std::char_traits<char>, std::allocator<char> >, std::__cxx11::basic_string<char, std::char_traits<char>, std::allocator<char> >, std::less<std::__cxx11::basic_string<char, std::char_traits<char>, std::allocator<char> > >, std::allocator<std::pair<std::__cxx11::basic_string<char, std::char_traits<char>, std::allocator<char> > const, std::__cxx11::basic_string<char, std::char_traits<char>, std::allocator<char> > > > >::operator[](std::__cxx11::basic_string<char, std::char_traits<char>, std::allocator<char> > const&) (stl_map.h:540)
==22141==    by 0x403786C: MimeTypes::initMap[abi:cxx11]() (MimeTypes.cpp:23)
==22141==    by 0x4038080: __static_initialization_and_destruction_0() (MimeTypes.cpp:32)
==22141== 
==22141== 96 bytes in 1 blocks are still reachable in loss record 51 of 80
==22141==    at 0x48B1FD3: operator new(unsigned long) (vg_replace_malloc.c:487)
==22141==    by 0x40304BC: std::__new_allocator<std::_Rb_tree_node<std::pair<std::__cxx11::basic_string<char, std::char_traits<char>, std::allocator<char> > const, std::__cxx11::basic_string<char, std::char_traits<char>, std::allocator<char> > > > >::allocate(unsigned long, void const*) (new_allocator.h:151)
==22141==    by 0x402FA35: allocate (alloc_traits.h:142)
==22141==    by 0x402FA35: std::_Rb_tree<std::__cxx11::basic_string<char, std::char_traits<char>, std::allocator<char> >, std::pair<std::__cxx11::basic_string<char, std::char_traits<char>, std::allocator<char> > const, std::__cxx11::basic_string<char, std::char_traits<char>, std::allocator<char> > >, std::_Select1st<std::pair<std::__cxx11::basic_string<char, std::char_traits<char>, std::allocator<char> > const, std::__cxx11::basic_string<char, std::char_traits<char>, std::allocator<char> > > >, std::less<std::__cxx11::basic_string<char, std::char_traits<char>, std::allocator<char> > >, std::allocator<std::pair<std::__cxx11::basic_string<char, std::char_traits<char>, std::allocator<char> > const, std::__cxx11::basic_string<char, std::char_traits<char>, std::allocator<char> > > > >::_M_get_node() (stl_tree.h:1170)
==22141==    by 0x402F121: std::_Rb_tree<std::__cxx11::basic_string<char, std::char_traits<char>, std::allocator<char> >, std::pair<std::__cxx11::basic_string<char, std::char_traits<char>, std::allocator<char> > const, std::__cxx11::basic_string<char, std::char_traits<char>, std::allocator<char> > >, std::_Select1st<std::pair<std::__cxx11::basic_string<char, std::char_traits<char>, std::allocator<char> > const, std::__cxx11::basic_string<char, std::char_traits<char>, std::allocator<char> > > >, std::less<std::__cxx11::basic_string<char, std::char_traits<char>, std::allocator<char> > >, std::allocator<std::pair<std::__cxx11::basic_string<char, std::char_traits<char>, std::allocator<char> > const, std::__cxx11::basic_string<char, std::char_traits<char>, std::allocator<char> > > > >::_M_create_node(std::pair<std::__cxx11::basic_string<char, std::char_traits<char>, std::allocator<char> > const, std::__cxx11::basic_string<char, std::char_traits<char>, std::allocator<char> > > const&) (stl_tree.h:1225)
==22141==    by 0x402E881: std::_Rb_tree_node<std::pair<std::__cxx11::basic_string<char, std::char_traits<char>, std::allocator<char> > const, std::__cxx11::basic_string<char, std::char_traits<char>, std::allocator<char> > > >* std::_Rb_tree<std::__cxx11::basic_string<char, std::char_traits<char>, std::allocator<char> >, std::pair<std::__cxx11::basic_string<char, std::char_traits<char>, std::allocator<char> > const, std::__cxx11::basic_string<char, std::char_traits<char>, std::allocator<char> > >, std::_Select1st<std::pair<std::__cxx11::basic_string<char, std::char_traits<char>, std::allocator<char> > const, std::__cxx11::basic_string<char, std::char_traits<char>, std::allocator<char> > > >, std::less<std::__cxx11::basic_string<char, std::char_traits<char>, std::allocator<char> > >, std::allocator<std::pair<std::__cxx11::basic_string<char, std::char_traits<char>, std::allocator<char> > const, std::__cxx11::basic_string<char, std::char_traits<char>, std::allocator<char> > > > >::_Alloc_node::operator()<std::pair<std::__cxx11::basic_string<char, std::char_traits<char>, std::allocator<char> > const, std::__cxx11::basic_string<char, std::char_traits<char>, std::allocator<char> > > >(std::pair<std::__cxx11::basic_string<char, std::char_traits<char>, std::allocator<char> > const, std::__cxx11::basic_string<char, std::char_traits<char>, std::allocator<char> > > const&) const (stl_tree.h:1136)
==22141==    by 0x402DE2C: std::_Rb_tree_iterator<std::pair<std::__cxx11::basic_string<char, std::char_traits<char>, std::allocator<char> > const, std::__cxx11::basic_string<char, std::char_traits<char>, std::allocator<char> > > > std::_Rb_tree<std::__cxx11::basic_string<char, std::char_traits<char>, std::allocator<char> >, std::pair<std::__cxx11::basic_string<char, std::char_traits<char>, std::allocator<char> > const, std::__cxx11::basic_string<char, std::char_traits<char>, std::allocator<char> > >, std::_Select1st<std::pair<std::__cxx11::basic_string<char, std::char_traits<char>, std::allocator<char> > const, std::__cxx11::basic_string<char, std::char_traits<char>, std::allocator<char> > > >, std::less<std::__cxx11::basic_string<char, std::char_traits<char>, std::allocator<char> > >, std::allocator<std::pair<std::__cxx11::basic_string<char, std::char_traits<char>, std::allocator<char> > const, std::__cxx11::basic_string<char, std::char_traits<char>, std::allocator<char> > > > >::_M_insert_<std::_Rb_tree<std::__cxx11::basic_string<char, std::char_traits<char>, std::allocator<char> >, std::pair<std::__cxx11::basic_string<char, std::char_traits<char>, std::allocator<char> > const, std::__cxx11::basic_string<char, std::char_traits<char>, std::allocator<char> > >, std::_Select1st<std::pair<std::__cxx11::basic_string<char, std::char_traits<char>, std::allocator<char> > const, std::__cxx11::basic_string<char, std::char_traits<char>, std::allocator<char> > > >, std::less<std::__cxx11::basic_string<char, std::char_traits<char>, std::allocator<char> > >, std::allocator<std::pair<std::__cxx11::basic_string<char, std::char_traits<char>, std::allocator<char> > const, std::__cxx11::basic_string<char, std::char_traits<char>, std::allocator<char> > > > >::_Alloc_node>(std::_Rb_tree_node_base*, std::_Rb_tree_node_base*, std::pair<std::__cxx11::basic_string<char, std::char_traits<char>, std::allocator<char> > const, std::__cxx11::basic_string<char, std::char_traits<char>, std::allocator<char> > > const&, std::_Rb_tree<std::__cxx11::basic_string<char, std::char_traits<char>, std::allocator<char> >, std::pair<std::__cxx11::basic_string<char, std::char_traits<char>, std::allocator<char> > const, std::__cxx11::basic_string<char, std::char_traits<char>, std::allocator<char> > >, std::_Select1st<std::pair<std::__cxx11::basic_string<char, std::char_traits<char>, std::allocator<char> > const, std::__cxx11::basic_string<char, std::char_traits<char>, std::allocator<char> > > >, std::less<std::__cxx11::basic_string<char, std::char_traits<char>, std::allocator<char> > >, std::allocator<std::pair<std::__cxx11::basic_string<char, std::char_traits<char>, std::allocator<char> > const, std::__cxx11::basic_string<char, std::char_traits<char>, std::allocator<char> > > > >::_Alloc_node&) (stl_tree.h:2481)
==22141==    by 0x40386AD: std::_Rb_tree_iterator<std::pair<std::__cxx11::basic_string<char, std::char_traits<char>, std::allocator<char> > const, std::__cxx11::basic_string<char, std::char_traits<char>, std::allocator<char> > > > std::_Rb_tree<std::__cxx11::basic_string<char, std::char_traits<char>, std::allocator<char> >, std::pair<std::__cxx11::basic_string<char, std::char_traits<char>, std::allocator<char> > const, std::__cxx11::basic_string<char, std::char_traits<char>, std::allocator<char> > >, std::_Select1st<std::pair<std::__cxx11::basic_string<char, std::char_traits<char>, std::allocator<char> > const, std::__cxx11::basic_string<char, std::char_traits<char>, std::allocator<char> > > >, std::less<std::__cxx11::basic_string<char, std::char_traits<char>, std::allocator<char> > >, std::allocator<std::pair<std::__cxx11::basic_string<char, std::char_traits<char>, std::allocator<char> > const, std::__cxx11::basic_string<char, std::char_traits<char>, std::allocator<char> > > > >::_M_insert_unique_<std::_Rb_tree<std::__cxx11::basic_string<char, std::char_traits<char>, std::allocator<char> >, std::pair<std::__cxx11::basic_string<char, std::char_traits<char>, std::allocator<char> > const, std::__cxx11::basic_string<char, std::char_traits<char>, std::allocator<char> > >, std::_Select1st<std::pair<std::__cxx11::basic_string<char, std::char_traits<char>, std::allocator<char> > const, std::__cxx11::basic_string<char, std::char_traits<char>, std::allocator<char> > > >, std::less<std::__cxx11::basic_string<char, std::char_traits<char>, std::allocator<char> > >, std::allocator<std::pair<std::__cxx11::basic_string<char, std::char_traits<char>, std::allocator<char> > const, std::__cxx11::basic_string<char, std::char_traits<char>, std::allocator<char> > > > >::_Alloc_node>(std::_Rb_tree_const_iterator<std::pair<std::__cxx11::basic_string<char, std::char_traits<char>, std::allocator<char> > const, std::__cxx11::basic_string<char, std::char_traits<char>, std::allocator<char> > > >, std::pair<std::__cxx11::basic_string<char, std::char_traits<char>, std::allocator<char> > const, std::__cxx11::basic_string<char, std::char_traits<char>, std::allocator<char> > > const&, std::_Rb_tree<std::__cxx11::basic_string<char, std::char_traits<char>, std::allocator<char> >, std::pair<std::__cxx11::basic_string<char, std::char_traits<char>, std::allocator<char> > const, std::__cxx11::basic_string<char, std::char_traits<char>, std::allocator<char> > >, std::_Select1st<std::pair<std::__cxx11::basic_string<char, std::char_traits<char>, std::allocator<char> > const, std::__cxx11::basic_string<char, std::char_traits<char>, std::allocator<char> > > >, std::less<std::__cxx11::basic_string<char, std::char_traits<char>, std::allocator<char> > >, std::allocator<std::pair<std::__cxx11::basic_string<char, std::char_traits<char>, std::allocator<char> > const, std::__cxx11::basic_string<char, std::char_traits<char>, std::allocator<char> > > > >::_Alloc_node&) (stl_tree.h:2905)
==22141==    by 0x4038533: std::_Rb_tree<std::__cxx11::basic_string<char, std::char_traits<char>, std::allocator<char> >, std::pair<std::__cxx11::basic_string<char, std::char_traits<char>, std::allocator<char> > const, std::__cxx11::basic_string<char, std::char_traits<char>, std::allocator<char> > >, std::_Select1st<std::pair<std::__cxx11::basic_string<char, std::char_traits<char>, std::allocator<char> > const, std::__cxx11::basic_string<char, std::char_traits<char>, std::allocator<char> > > >, std::less<std::__cxx11::basic_string<char, std::char_traits<char>, std::allocator<char> > >, std::allocator<std::pair<std::__cxx11::basic_string<char, std::char_traits<char>, std::allocator<char> > const, std::__cxx11::basic_string<char, std::char_traits<char>, std::allocator<char> > > > >::_M_insert_unique_(std::_Rb_tree_const_iterator<std::pair<std::__cxx11::basic_string<char, std::char_traits<char>, std::allocator<char> > const, std::__cxx11::basic_string<char, std::char_traits<char>, std::allocator<char> > > >, std::pair<std::__cxx11::basic_string<char, std::char_traits<char>, std::allocator<char> > const, std::__cxx11::basic_string<char, std::char_traits<char>, std::allocator<char> > > const&) (stl_tree.h:1770)
==22141==    by 0x4038415: std::map<std::__cxx11::basic_string<char, std::char_traits<char>, std::allocator<char> >, std::__cxx11::basic_string<char, std::char_traits<char>, std::allocator<char> >, std::less<std::__cxx11::basic_string<char, std::char_traits<char>, std::allocator<char> > >, std::allocator<std::pair<std::__cxx11::basic_string<char, std::char_traits<char>, std::allocator<char> > const, std::__cxx11::basic_string<char, std::char_traits<char>, std::allocator<char> > > > >::insert(std::_Rb_tree_iterator<std::pair<std::__cxx11::basic_string<char, std::char_traits<char>, std::allocator<char> > const, std::__cxx11::basic_string<char, std::char_traits<char>, std::allocator<char> > > >, std::pair<std::__cxx11::basic_string<char, std::char_traits<char>, std::allocator<char> > const, std::__cxx11::basic_string<char, std::char_traits<char>, std::allocator<char> > > const&) (stl_map.h:954)
==22141==    by 0x40381D8: std::map<std::__cxx11::basic_string<char, std::char_traits<char>, std::allocator<char> >, std::__cxx11::basic_string<char, std::char_traits<char>, std::allocator<char> >, std::less<std::__cxx11::basic_string<char, std::char_traits<char>, std::allocator<char> > >, std::allocator<std::pair<std::__cxx11::basic_string<char, std::char_traits<char>, std::allocator<char> > const, std::__cxx11::basic_string<char, std::char_traits<char>, std::allocator<char> > > > >::operator[](std::__cxx11::basic_string<char, std::char_traits<char>, std::allocator<char> > const&) (stl_map.h:540)
==22141==    by 0x40378DD: MimeTypes::initMap[abi:cxx11]() (MimeTypes.cpp:24)
==22141==    by 0x4038080: __static_initialization_and_destruction_0() (MimeTypes.cpp:32)
==22141== 
==22141== 96 bytes in 1 blocks are still reachable in loss record 52 of 80
==22141==    at 0x48B1FD3: operator new(unsigned long) (vg_replace_malloc.c:487)
==22141==    by 0x40304BC: std::__new_allocator<std::_Rb_tree_node<std::pair<std::__cxx11::basic_string<char, std::char_traits<char>, std::allocator<char> > const, std::__cxx11::basic_string<char, std::char_traits<char>, std::allocator<char> > > > >::allocate(unsigned long, void const*) (new_allocator.h:151)
==22141==    by 0x402FA35: allocate (alloc_traits.h:142)
==22141==    by 0x402FA35: std::_Rb_tree<std::__cxx11::basic_string<char, std::char_traits<char>, std::allocator<char> >, std::pair<std::__cxx11::basic_string<char, std::char_traits<char>, std::allocator<char> > const, std::__cxx11::basic_string<char, std::char_traits<char>, std::allocator<char> > >, std::_Select1st<std::pair<std::__cxx11::basic_string<char, std::char_traits<char>, std::allocator<char> > const, std::__cxx11::basic_string<char, std::char_traits<char>, std::allocator<char> > > >, std::less<std::__cxx11::basic_string<char, std::char_traits<char>, std::allocator<char> > >, std::allocator<std::pair<std::__cxx11::basic_string<char, std::char_traits<char>, std::allocator<char> > const, std::__cxx11::basic_string<char, std::char_traits<char>, std::allocator<char> > > > >::_M_get_node() (stl_tree.h:1170)
==22141==    by 0x402F121: std::_Rb_tree<std::__cxx11::basic_string<char, std::char_traits<char>, std::allocator<char> >, std::pair<std::__cxx11::basic_string<char, std::char_traits<char>, std::allocator<char> > const, std::__cxx11::basic_string<char, std::char_traits<char>, std::allocator<char> > >, std::_Select1st<std::pair<std::__cxx11::basic_string<char, std::char_traits<char>, std::allocator<char> > const, std::__cxx11::basic_string<char, std::char_traits<char>, std::allocator<char> > > >, std::less<std::__cxx11::basic_string<char, std::char_traits<char>, std::allocator<char> > >, std::allocator<std::pair<std::__cxx11::basic_string<char, std::char_traits<char>, std::allocator<char> > const, std::__cxx11::basic_string<char, std::char_traits<char>, std::allocator<char> > > > >::_M_create_node(std::pair<std::__cxx11::basic_string<char, std::char_traits<char>, std::allocator<char> > const, std::__cxx11::basic_string<char, std::char_traits<char>, std::allocator<char> > > const&) (stl_tree.h:1225)
==22141==    by 0x402E881: std::_Rb_tree_node<std::pair<std::__cxx11::basic_string<char, std::char_traits<char>, std::allocator<char> > const, std::__cxx11::basic_string<char, std::char_traits<char>, std::allocator<char> > > >* std::_Rb_tree<std::__cxx11::basic_string<char, std::char_traits<char>, std::allocator<char> >, std::pair<std::__cxx11::basic_string<char, std::char_traits<char>, std::allocator<char> > const, std::__cxx11::basic_string<char, std::char_traits<char>, std::allocator<char> > >, std::_Select1st<std::pair<std::__cxx11::basic_string<char, std::char_traits<char>, std::allocator<char> > const, std::__cxx11::basic_string<char, std::char_traits<char>, std::allocator<char> > > >, std::less<std::__cxx11::basic_string<char, std::char_traits<char>, std::allocator<char> > >, std::allocator<std::pair<std::__cxx11::basic_string<char, std::char_traits<char>, std::allocator<char> > const, std::__cxx11::basic_string<char, std::char_traits<char>, std::allocator<char> > > > >::_Alloc_node::operator()<std::pair<std::__cxx11::basic_string<char, std::char_traits<char>, std::allocator<char> > const, std::__cxx11::basic_string<char, std::char_traits<char>, std::allocator<char> > > >(std::pair<std::__cxx11::basic_string<char, std::char_traits<char>, std::allocator<char> > const, std::__cxx11::basic_string<char, std::char_traits<char>, std::allocator<char> > > const&) const (stl_tree.h:1136)
==22141==    by 0x402DE2C: std::_Rb_tree_iterator<std::pair<std::__cxx11::basic_string<char, std::char_traits<char>, std::allocator<char> > const, std::__cxx11::basic_string<char, std::char_traits<char>, std::allocator<char> > > > std::_Rb_tree<std::__cxx11::basic_string<char, std::char_traits<char>, std::allocator<char> >, std::pair<std::__cxx11::basic_string<char, std::char_traits<char>, std::allocator<char> > const, std::__cxx11::basic_string<char, std::char_traits<char>, std::allocator<char> > >, std::_Select1st<std::pair<std::__cxx11::basic_string<char, std::char_traits<char>, std::allocator<char> > const, std::__cxx11::basic_string<char, std::char_traits<char>, std::allocator<char> > > >, std::less<std::__cxx11::basic_string<char, std::char_traits<char>, std::allocator<char> > >, std::allocator<std::pair<std::__cxx11::basic_string<char, std::char_traits<char>, std::allocator<char> > const, std::__cxx11::basic_string<char, std::char_traits<char>, std::allocator<char> > > > >::_M_insert_<std::_Rb_tree<std::__cxx11::basic_string<char, std::char_traits<char>, std::allocator<char> >, std::pair<std::__cxx11::basic_string<char, std::char_traits<char>, std::allocator<char> > const, std::__cxx11::basic_string<char, std::char_traits<char>, std::allocator<char> > >, std::_Select1st<std::pair<std::__cxx11::basic_string<char, std::char_traits<char>, std::allocator<char> > const, std::__cxx11::basic_string<char, std::char_traits<char>, std::allocator<char> > > >, std::less<std::__cxx11::basic_string<char, std::char_traits<char>, std::allocator<char> > >, std::allocator<std::pair<std::__cxx11::basic_string<char, std::char_traits<char>, std::allocator<char> > const, std::__cxx11::basic_string<char, std::char_traits<char>, std::allocator<char> > > > >::_Alloc_node>(std::_Rb_tree_node_base*, std::_Rb_tree_node_base*, std::pair<std::__cxx11::basic_string<char, std::char_traits<char>, std::allocator<char> > const, std::__cxx11::basic_string<char, std::char_traits<char>, std::allocator<char> > > const&, std::_Rb_tree<std::__cxx11::basic_string<char, std::char_traits<char>, std::allocator<char> >, std::pair<std::__cxx11::basic_string<char, std::char_traits<char>, std::allocator<char> > const, std::__cxx11::basic_string<char, std::char_traits<char>, std::allocator<char> > >, std::_Select1st<std::pair<std::__cxx11::basic_string<char, std::char_traits<char>, std::allocator<char> > const, std::__cxx11::basic_string<char, std::char_traits<char>, std::allocator<char> > > >, std::less<std::__cxx11::basic_string<char, std::char_traits<char>, std::allocator<char> > >, std::allocator<std::pair<std::__cxx11::basic_string<char, std::char_traits<char>, std::allocator<char> > const, std::__cxx11::basic_string<char, std::char_traits<char>, std::allocator<char> > > > >::_Alloc_node&) (stl_tree.h:2481)
==22141==    by 0x40386AD: std::_Rb_tree_iterator<std::pair<std::__cxx11::basic_string<char, std::char_traits<char>, std::allocator<char> > const, std::__cxx11::basic_string<char, std::char_traits<char>, std::allocator<char> > > > std::_Rb_tree<std::__cxx11::basic_string<char, std::char_traits<char>, std::allocator<char> >, std::pair<std::__cxx11::basic_string<char, std::char_traits<char>, std::allocator<char> > const, std::__cxx11::basic_string<char, std::char_traits<char>, std::allocator<char> > >, std::_Select1st<std::pair<std::__cxx11::basic_string<char, std::char_traits<char>, std::allocator<char> > const, std::__cxx11::basic_string<char, std::char_traits<char>, std::allocator<char> > > >, std::less<std::__cxx11::basic_string<char, std::char_traits<char>, std::allocator<char> > >, std::allocator<std::pair<std::__cxx11::basic_string<char, std::char_traits<char>, std::allocator<char> > const, std::__cxx11::basic_string<char, std::char_traits<char>, std::allocator<char> > > > >::_M_insert_unique_<std::_Rb_tree<std::__cxx11::basic_string<char, std::char_traits<char>, std::allocator<char> >, std::pair<std::__cxx11::basic_string<char, std::char_traits<char>, std::allocator<char> > const, std::__cxx11::basic_string<char, std::char_traits<char>, std::allocator<char> > >, std::_Select1st<std::pair<std::__cxx11::basic_string<char, std::char_traits<char>, std::allocator<char> > const, std::__cxx11::basic_string<char, std::char_traits<char>, std::allocator<char> > > >, std::less<std::__cxx11::basic_string<char, std::char_traits<char>, std::allocator<char> > >, std::allocator<std::pair<std::__cxx11::basic_string<char, std::char_traits<char>, std::allocator<char> > const, std::__cxx11::basic_string<char, std::char_traits<char>, std::allocator<char> > > > >::_Alloc_node>(std::_Rb_tree_const_iterator<std::pair<std::__cxx11::basic_string<char, std::char_traits<char>, std::allocator<char> > const, std::__cxx11::basic_string<char, std::char_traits<char>, std::allocator<char> > > >, std::pair<std::__cxx11::basic_string<char, std::char_traits<char>, std::allocator<char> > const, std::__cxx11::basic_string<char, std::char_traits<char>, std::allocator<char> > > const&, std::_Rb_tree<std::__cxx11::basic_string<char, std::char_traits<char>, std::allocator<char> >, std::pair<std::__cxx11::basic_string<char, std::char_traits<char>, std::allocator<char> > const, std::__cxx11::basic_string<char, std::char_traits<char>, std::allocator<char> > >, std::_Select1st<std::pair<std::__cxx11::basic_string<char, std::char_traits<char>, std::allocator<char> > const, std::__cxx11::basic_string<char, std::char_traits<char>, std::allocator<char> > > >, std::less<std::__cxx11::basic_string<char, std::char_traits<char>, std::allocator<char> > >, std::allocator<std::pair<std::__cxx11::basic_string<char, std::char_traits<char>, std::allocator<char> > const, std::__cxx11::basic_string<char, std::char_traits<char>, std::allocator<char> > > > >::_Alloc_node&) (stl_tree.h:2905)
==22141==    by 0x4038533: std::_Rb_tree<std::__cxx11::basic_string<char, std::char_traits<char>, std::allocator<char> >, std::pair<std::__cxx11::basic_string<char, std::char_traits<char>, std::allocator<char> > const, std::__cxx11::basic_string<char, std::char_traits<char>, std::allocator<char> > >, std::_Select1st<std::pair<std::__cxx11::basic_string<char, std::char_traits<char>, std::allocator<char> > const, std::__cxx11::basic_string<char, std::char_traits<char>, std::allocator<char> > > >, std::less<std::__cxx11::basic_string<char, std::char_traits<char>, std::allocator<char> > >, std::allocator<std::pair<std::__cxx11::basic_string<char, std::char_traits<char>, std::allocator<char> > const, std::__cxx11::basic_string<char, std::char_traits<char>, std::allocator<char> > > > >::_M_insert_unique_(std::_Rb_tree_const_iterator<std::pair<std::__cxx11::basic_string<char, std::char_traits<char>, std::allocator<char> > const, std::__cxx11::basic_string<char, std::char_traits<char>, std::allocator<char> > > >, std::pair<std::__cxx11::basic_string<char, std::char_traits<char>, std::allocator<char> > const, std::__cxx11::basic_string<char, std::char_traits<char>, std::allocator<char> > > const&) (stl_tree.h:1770)
==22141==    by 0x4038415: std::map<std::__cxx11::basic_string<char, std::char_traits<char>, std::allocator<char> >, std::__cxx11::basic_string<char, std::char_traits<char>, std::allocator<char> >, std::less<std::__cxx11::basic_string<char, std::char_traits<char>, std::allocator<char> > >, std::allocator<std::pair<std::__cxx11::basic_string<char, std::char_traits<char>, std::allocator<char> > const, std::__cxx11::basic_string<char, std::char_traits<char>, std::allocator<char> > > > >::insert(std::_Rb_tree_iterator<std::pair<std::__cxx11::basic_string<char, std::char_traits<char>, std::allocator<char> > const, std::__cxx11::basic_string<char, std::char_traits<char>, std::allocator<char> > > >, std::pair<std::__cxx11::basic_string<char, std::char_traits<char>, std::allocator<char> > const, std::__cxx11::basic_string<char, std::char_traits<char>, std::allocator<char> > > const&) (stl_map.h:954)
==22141==    by 0x40381D8: std::map<std::__cxx11::basic_string<char, std::char_traits<char>, std::allocator<char> >, std::__cxx11::basic_string<char, std::char_traits<char>, std::allocator<char> >, std::less<std::__cxx11::basic_string<char, std::char_traits<char>, std::allocator<char> > >, std::allocator<std::pair<std::__cxx11::basic_string<char, std::char_traits<char>, std::allocator<char> > const, std::__cxx11::basic_string<char, std::char_traits<char>, std::allocator<char> > > > >::operator[](std::__cxx11::basic_string<char, std::char_traits<char>, std::allocator<char> > const&) (stl_map.h:540)
==22141==    by 0x403794E: MimeTypes::initMap[abi:cxx11]() (MimeTypes.cpp:25)
==22141==    by 0x4038080: __static_initialization_and_destruction_0() (MimeTypes.cpp:32)
==22141== 
==22141== 96 bytes in 1 blocks are still reachable in loss record 53 of 80
==22141==    at 0x48B1FD3: operator new(unsigned long) (vg_replace_malloc.c:487)
==22141==    by 0x40304BC: std::__new_allocator<std::_Rb_tree_node<std::pair<std::__cxx11::basic_string<char, std::char_traits<char>, std::allocator<char> > const, std::__cxx11::basic_string<char, std::char_traits<char>, std::allocator<char> > > > >::allocate(unsigned long, void const*) (new_allocator.h:151)
==22141==    by 0x402FA35: allocate (alloc_traits.h:142)
==22141==    by 0x402FA35: std::_Rb_tree<std::__cxx11::basic_string<char, std::char_traits<char>, std::allocator<char> >, std::pair<std::__cxx11::basic_string<char, std::char_traits<char>, std::allocator<char> > const, std::__cxx11::basic_string<char, std::char_traits<char>, std::allocator<char> > >, std::_Select1st<std::pair<std::__cxx11::basic_string<char, std::char_traits<char>, std::allocator<char> > const, std::__cxx11::basic_string<char, std::char_traits<char>, std::allocator<char> > > >, std::less<std::__cxx11::basic_string<char, std::char_traits<char>, std::allocator<char> > >, std::allocator<std::pair<std::__cxx11::basic_string<char, std::char_traits<char>, std::allocator<char> > const, std::__cxx11::basic_string<char, std::char_traits<char>, std::allocator<char> > > > >::_M_get_node() (stl_tree.h:1170)
==22141==    by 0x402F121: std::_Rb_tree<std::__cxx11::basic_string<char, std::char_traits<char>, std::allocator<char> >, std::pair<std::__cxx11::basic_string<char, std::char_traits<char>, std::allocator<char> > const, std::__cxx11::basic_string<char, std::char_traits<char>, std::allocator<char> > >, std::_Select1st<std::pair<std::__cxx11::basic_string<char, std::char_traits<char>, std::allocator<char> > const, std::__cxx11::basic_string<char, std::char_traits<char>, std::allocator<char> > > >, std::less<std::__cxx11::basic_string<char, std::char_traits<char>, std::allocator<char> > >, std::allocator<std::pair<std::__cxx11::basic_string<char, std::char_traits<char>, std::allocator<char> > const, std::__cxx11::basic_string<char, std::char_traits<char>, std::allocator<char> > > > >::_M_create_node(std::pair<std::__cxx11::basic_string<char, std::char_traits<char>, std::allocator<char> > const, std::__cxx11::basic_string<char, std::char_traits<char>, std::allocator<char> > > const&) (stl_tree.h:1225)
==22141==    by 0x402E881: std::_Rb_tree_node<std::pair<std::__cxx11::basic_string<char, std::char_traits<char>, std::allocator<char> > const, std::__cxx11::basic_string<char, std::char_traits<char>, std::allocator<char> > > >* std::_Rb_tree<std::__cxx11::basic_string<char, std::char_traits<char>, std::allocator<char> >, std::pair<std::__cxx11::basic_string<char, std::char_traits<char>, std::allocator<char> > const, std::__cxx11::basic_string<char, std::char_traits<char>, std::allocator<char> > >, std::_Select1st<std::pair<std::__cxx11::basic_string<char, std::char_traits<char>, std::allocator<char> > const, std::__cxx11::basic_string<char, std::char_traits<char>, std::allocator<char> > > >, std::less<std::__cxx11::basic_string<char, std::char_traits<char>, std::allocator<char> > >, std::allocator<std::pair<std::__cxx11::basic_string<char, std::char_traits<char>, std::allocator<char> > const, std::__cxx11::basic_string<char, std::char_traits<char>, std::allocator<char> > > > >::_Alloc_node::operator()<std::pair<std::__cxx11::basic_string<char, std::char_traits<char>, std::allocator<char> > const, std::__cxx11::basic_string<char, std::char_traits<char>, std::allocator<char> > > >(std::pair<std::__cxx11::basic_string<char, std::char_traits<char>, std::allocator<char> > const, std::__cxx11::basic_string<char, std::char_traits<char>, std::allocator<char> > > const&) const (stl_tree.h:1136)
==22141==    by 0x402DE2C: std::_Rb_tree_iterator<std::pair<std::__cxx11::basic_string<char, std::char_traits<char>, std::allocator<char> > const, std::__cxx11::basic_string<char, std::char_traits<char>, std::allocator<char> > > > std::_Rb_tree<std::__cxx11::basic_string<char, std::char_traits<char>, std::allocator<char> >, std::pair<std::__cxx11::basic_string<char, std::char_traits<char>, std::allocator<char> > const, std::__cxx11::basic_string<char, std::char_traits<char>, std::allocator<char> > >, std::_Select1st<std::pair<std::__cxx11::basic_string<char, std::char_traits<char>, std::allocator<char> > const, std::__cxx11::basic_string<char, std::char_traits<char>, std::allocator<char> > > >, std::less<std::__cxx11::basic_string<char, std::char_traits<char>, std::allocator<char> > >, std::allocator<std::pair<std::__cxx11::basic_string<char, std::char_traits<char>, std::allocator<char> > const, std::__cxx11::basic_string<char, std::char_traits<char>, std::allocator<char> > > > >::_M_insert_<std::_Rb_tree<std::__cxx11::basic_string<char, std::char_traits<char>, std::allocator<char> >, std::pair<std::__cxx11::basic_string<char, std::char_traits<char>, std::allocator<char> > const, std::__cxx11::basic_string<char, std::char_traits<char>, std::allocator<char> > >, std::_Select1st<std::pair<std::__cxx11::basic_string<char, std::char_traits<char>, std::allocator<char> > const, std::__cxx11::basic_string<char, std::char_traits<char>, std::allocator<char> > > >, std::less<std::__cxx11::basic_string<char, std::char_traits<char>, std::allocator<char> > >, std::allocator<std::pair<std::__cxx11::basic_string<char, std::char_traits<char>, std::allocator<char> > const, std::__cxx11::basic_string<char, std::char_traits<char>, std::allocator<char> > > > >::_Alloc_node>(std::_Rb_tree_node_base*, std::_Rb_tree_node_base*, std::pair<std::__cxx11::basic_string<char, std::char_traits<char>, std::allocator<char> > const, std::__cxx11::basic_string<char, std::char_traits<char>, std::allocator<char> > > const&, std::_Rb_tree<std::__cxx11::basic_string<char, std::char_traits<char>, std::allocator<char> >, std::pair<std::__cxx11::basic_string<char, std::char_traits<char>, std::allocator<char> > const, std::__cxx11::basic_string<char, std::char_traits<char>, std::allocator<char> > >, std::_Select1st<std::pair<std::__cxx11::basic_string<char, std::char_traits<char>, std::allocator<char> > const, std::__cxx11::basic_string<char, std::char_traits<char>, std::allocator<char> > > >, std::less<std::__cxx11::basic_string<char, std::char_traits<char>, std::allocator<char> > >, std::allocator<std::pair<std::__cxx11::basic_string<char, std::char_traits<char>, std::allocator<char> > const, std::__cxx11::basic_string<char, std::char_traits<char>, std::allocator<char> > > > >::_Alloc_node&) (stl_tree.h:2481)
==22141==    by 0x40386AD: std::_Rb_tree_iterator<std::pair<std::__cxx11::basic_string<char, std::char_traits<char>, std::allocator<char> > const, std::__cxx11::basic_string<char, std::char_traits<char>, std::allocator<char> > > > std::_Rb_tree<std::__cxx11::basic_string<char, std::char_traits<char>, std::allocator<char> >, std::pair<std::__cxx11::basic_string<char, std::char_traits<char>, std::allocator<char> > const, std::__cxx11::basic_string<char, std::char_traits<char>, std::allocator<char> > >, std::_Select1st<std::pair<std::__cxx11::basic_string<char, std::char_traits<char>, std::allocator<char> > const, std::__cxx11::basic_string<char, std::char_traits<char>, std::allocator<char> > > >, std::less<std::__cxx11::basic_string<char, std::char_traits<char>, std::allocator<char> > >, std::allocator<std::pair<std::__cxx11::basic_string<char, std::char_traits<char>, std::allocator<char> > const, std::__cxx11::basic_string<char, std::char_traits<char>, std::allocator<char> > > > >::_M_insert_unique_<std::_Rb_tree<std::__cxx11::basic_string<char, std::char_traits<char>, std::allocator<char> >, std::pair<std::__cxx11::basic_string<char, std::char_traits<char>, std::allocator<char> > const, std::__cxx11::basic_string<char, std::char_traits<char>, std::allocator<char> > >, std::_Select1st<std::pair<std::__cxx11::basic_string<char, std::char_traits<char>, std::allocator<char> > const, std::__cxx11::basic_string<char, std::char_traits<char>, std::allocator<char> > > >, std::less<std::__cxx11::basic_string<char, std::char_traits<char>, std::allocator<char> > >, std::allocator<std::pair<std::__cxx11::basic_string<char, std::char_traits<char>, std::allocator<char> > const, std::__cxx11::basic_string<char, std::char_traits<char>, std::allocator<char> > > > >::_Alloc_node>(std::_Rb_tree_const_iterator<std::pair<std::__cxx11::basic_string<char, std::char_traits<char>, std::allocator<char> > const, std::__cxx11::basic_string<char, std::char_traits<char>, std::allocator<char> > > >, std::pair<std::__cxx11::basic_string<char, std::char_traits<char>, std::allocator<char> > const, std::__cxx11::basic_string<char, std::char_traits<char>, std::allocator<char> > > const&, std::_Rb_tree<std::__cxx11::basic_string<char, std::char_traits<char>, std::allocator<char> >, std::pair<std::__cxx11::basic_string<char, std::char_traits<char>, std::allocator<char> > const, std::__cxx11::basic_string<char, std::char_traits<char>, std::allocator<char> > >, std::_Select1st<std::pair<std::__cxx11::basic_string<char, std::char_traits<char>, std::allocator<char> > const, std::__cxx11::basic_string<char, std::char_traits<char>, std::allocator<char> > > >, std::less<std::__cxx11::basic_string<char, std::char_traits<char>, std::allocator<char> > >, std::allocator<std::pair<std::__cxx11::basic_string<char, std::char_traits<char>, std::allocator<char> > const, std::__cxx11::basic_string<char, std::char_traits<char>, std::allocator<char> > > > >::_Alloc_node&) (stl_tree.h:2905)
==22141==    by 0x4038533: std::_Rb_tree<std::__cxx11::basic_string<char, std::char_traits<char>, std::allocator<char> >, std::pair<std::__cxx11::basic_string<char, std::char_traits<char>, std::allocator<char> > const, std::__cxx11::basic_string<char, std::char_traits<char>, std::allocator<char> > >, std::_Select1st<std::pair<std::__cxx11::basic_string<char, std::char_traits<char>, std::allocator<char> > const, std::__cxx11::basic_string<char, std::char_traits<char>, std::allocator<char> > > >, std::less<std::__cxx11::basic_string<char, std::char_traits<char>, std::allocator<char> > >, std::allocator<std::pair<std::__cxx11::basic_string<char, std::char_traits<char>, std::allocator<char> > const, std::__cxx11::basic_string<char, std::char_traits<char>, std::allocator<char> > > > >::_M_insert_unique_(std::_Rb_tree_const_iterator<std::pair<std::__cxx11::basic_string<char, std::char_traits<char>, std::allocator<char> > const, std::__cxx11::basic_string<char, std::char_traits<char>, std::allocator<char> > > >, std::pair<std::__cxx11::basic_string<char, std::char_traits<char>, std::allocator<char> > const, std::__cxx11::basic_string<char, std::char_traits<char>, std::allocator<char> > > const&) (stl_tree.h:1770)
==22141==    by 0x4038415: std::map<std::__cxx11::basic_string<char, std::char_traits<char>, std::allocator<char> >, std::__cxx11::basic_string<char, std::char_traits<char>, std::allocator<char> >, std::less<std::__cxx11::basic_string<char, std::char_traits<char>, std::allocator<char> > >, std::allocator<std::pair<std::__cxx11::basic_string<char, std::char_traits<char>, std::allocator<char> > const, std::__cxx11::basic_string<char, std::char_traits<char>, std::allocator<char> > > > >::insert(std::_Rb_tree_iterator<std::pair<std::__cxx11::basic_string<char, std::char_traits<char>, std::allocator<char> > const, std::__cxx11::basic_string<char, std::char_traits<char>, std::allocator<char> > > >, std::pair<std::__cxx11::basic_string<char, std::char_traits<char>, std::allocator<char> > const, std::__cxx11::basic_string<char, std::char_traits<char>, std::allocator<char> > > const&) (stl_map.h:954)
==22141==    by 0x40381D8: std::map<std::__cxx11::basic_string<char, std::char_traits<char>, std::allocator<char> >, std::__cxx11::basic_string<char, std::char_traits<char>, std::allocator<char> >, std::less<std::__cxx11::basic_string<char, std::char_traits<char>, std::allocator<char> > >, std::allocator<std::pair<std::__cxx11::basic_string<char, std::char_traits<char>, std::allocator<char> > const, std::__cxx11::basic_string<char, std::char_traits<char>, std::allocator<char> > > > >::operator[](std::__cxx11::basic_string<char, std::char_traits<char>, std::allocator<char> > const&) (stl_map.h:540)
==22141==    by 0x40379BF: MimeTypes::initMap[abi:cxx11]() (MimeTypes.cpp:26)
==22141==    by 0x4038080: __static_initialization_and_destruction_0() (MimeTypes.cpp:32)
==22141== 
==22141== 96 bytes in 1 blocks are still reachable in loss record 54 of 80
==22141==    at 0x48B1FD3: operator new(unsigned long) (vg_replace_malloc.c:487)
==22141==    by 0x40304BC: std::__new_allocator<std::_Rb_tree_node<std::pair<std::__cxx11::basic_string<char, std::char_traits<char>, std::allocator<char> > const, std::__cxx11::basic_string<char, std::char_traits<char>, std::allocator<char> > > > >::allocate(unsigned long, void const*) (new_allocator.h:151)
==22141==    by 0x402FA35: allocate (alloc_traits.h:142)
==22141==    by 0x402FA35: std::_Rb_tree<std::__cxx11::basic_string<char, std::char_traits<char>, std::allocator<char> >, std::pair<std::__cxx11::basic_string<char, std::char_traits<char>, std::allocator<char> > const, std::__cxx11::basic_string<char, std::char_traits<char>, std::allocator<char> > >, std::_Select1st<std::pair<std::__cxx11::basic_string<char, std::char_traits<char>, std::allocator<char> > const, std::__cxx11::basic_string<char, std::char_traits<char>, std::allocator<char> > > >, std::less<std::__cxx11::basic_string<char, std::char_traits<char>, std::allocator<char> > >, std::allocator<std::pair<std::__cxx11::basic_string<char, std::char_traits<char>, std::allocator<char> > const, std::__cxx11::basic_string<char, std::char_traits<char>, std::allocator<char> > > > >::_M_get_node() (stl_tree.h:1170)
==22141==    by 0x402F121: std::_Rb_tree<std::__cxx11::basic_string<char, std::char_traits<char>, std::allocator<char> >, std::pair<std::__cxx11::basic_string<char, std::char_traits<char>, std::allocator<char> > const, std::__cxx11::basic_string<char, std::char_traits<char>, std::allocator<char> > >, std::_Select1st<std::pair<std::__cxx11::basic_string<char, std::char_traits<char>, std::allocator<char> > const, std::__cxx11::basic_string<char, std::char_traits<char>, std::allocator<char> > > >, std::less<std::__cxx11::basic_string<char, std::char_traits<char>, std::allocator<char> > >, std::allocator<std::pair<std::__cxx11::basic_string<char, std::char_traits<char>, std::allocator<char> > const, std::__cxx11::basic_string<char, std::char_traits<char>, std::allocator<char> > > > >::_M_create_node(std::pair<std::__cxx11::basic_string<char, std::char_traits<char>, std::allocator<char> > const, std::__cxx11::basic_string<char, std::char_traits<char>, std::allocator<char> > > const&) (stl_tree.h:1225)
==22141==    by 0x402E881: std::_Rb_tree_node<std::pair<std::__cxx11::basic_string<char, std::char_traits<char>, std::allocator<char> > const, std::__cxx11::basic_string<char, std::char_traits<char>, std::allocator<char> > > >* std::_Rb_tree<std::__cxx11::basic_string<char, std::char_traits<char>, std::allocator<char> >, std::pair<std::__cxx11::basic_string<char, std::char_traits<char>, std::allocator<char> > const, std::__cxx11::basic_string<char, std::char_traits<char>, std::allocator<char> > >, std::_Select1st<std::pair<std::__cxx11::basic_string<char, std::char_traits<char>, std::allocator<char> > const, std::__cxx11::basic_string<char, std::char_traits<char>, std::allocator<char> > > >, std::less<std::__cxx11::basic_string<char, std::char_traits<char>, std::allocator<char> > >, std::allocator<std::pair<std::__cxx11::basic_string<char, std::char_traits<char>, std::allocator<char> > const, std::__cxx11::basic_string<char, std::char_traits<char>, std::allocator<char> > > > >::_Alloc_node::operator()<std::pair<std::__cxx11::basic_string<char, std::char_traits<char>, std::allocator<char> > const, std::__cxx11::basic_string<char, std::char_traits<char>, std::allocator<char> > > >(std::pair<std::__cxx11::basic_string<char, std::char_traits<char>, std::allocator<char> > const, std::__cxx11::basic_string<char, std::char_traits<char>, std::allocator<char> > > const&) const (stl_tree.h:1136)
==22141==    by 0x402DE2C: std::_Rb_tree_iterator<std::pair<std::__cxx11::basic_string<char, std::char_traits<char>, std::allocator<char> > const, std::__cxx11::basic_string<char, std::char_traits<char>, std::allocator<char> > > > std::_Rb_tree<std::__cxx11::basic_string<char, std::char_traits<char>, std::allocator<char> >, std::pair<std::__cxx11::basic_string<char, std::char_traits<char>, std::allocator<char> > const, std::__cxx11::basic_string<char, std::char_traits<char>, std::allocator<char> > >, std::_Select1st<std::pair<std::__cxx11::basic_string<char, std::char_traits<char>, std::allocator<char> > const, std::__cxx11::basic_string<char, std::char_traits<char>, std::allocator<char> > > >, std::less<std::__cxx11::basic_string<char, std::char_traits<char>, std::allocator<char> > >, std::allocator<std::pair<std::__cxx11::basic_string<char, std::char_traits<char>, std::allocator<char> > const, std::__cxx11::basic_string<char, std::char_traits<char>, std::allocator<char> > > > >::_M_insert_<std::_Rb_tree<std::__cxx11::basic_string<char, std::char_traits<char>, std::allocator<char> >, std::pair<std::__cxx11::basic_string<char, std::char_traits<char>, std::allocator<char> > const, std::__cxx11::basic_string<char, std::char_traits<char>, std::allocator<char> > >, std::_Select1st<std::pair<std::__cxx11::basic_string<char, std::char_traits<char>, std::allocator<char> > const, std::__cxx11::basic_string<char, std::char_traits<char>, std::allocator<char> > > >, std::less<std::__cxx11::basic_string<char, std::char_traits<char>, std::allocator<char> > >, std::allocator<std::pair<std::__cxx11::basic_string<char, std::char_traits<char>, std::allocator<char> > const, std::__cxx11::basic_string<char, std::char_traits<char>, std::allocator<char> > > > >::_Alloc_node>(std::_Rb_tree_node_base*, std::_Rb_tree_node_base*, std::pair<std::__cxx11::basic_string<char, std::char_traits<char>, std::allocator<char> > const, std::__cxx11::basic_string<char, std::char_traits<char>, std::allocator<char> > > const&, std::_Rb_tree<std::__cxx11::basic_string<char, std::char_traits<char>, std::allocator<char> >, std::pair<std::__cxx11::basic_string<char, std::char_traits<char>, std::allocator<char> > const, std::__cxx11::basic_string<char, std::char_traits<char>, std::allocator<char> > >, std::_Select1st<std::pair<std::__cxx11::basic_string<char, std::char_traits<char>, std::allocator<char> > const, std::__cxx11::basic_string<char, std::char_traits<char>, std::allocator<char> > > >, std::less<std::__cxx11::basic_string<char, std::char_traits<char>, std::allocator<char> > >, std::allocator<std::pair<std::__cxx11::basic_string<char, std::char_traits<char>, std::allocator<char> > const, std::__cxx11::basic_string<char, std::char_traits<char>, std::allocator<char> > > > >::_Alloc_node&) (stl_tree.h:2481)
==22141==    by 0x40386AD: std::_Rb_tree_iterator<std::pair<std::__cxx11::basic_string<char, std::char_traits<char>, std::allocator<char> > const, std::__cxx11::basic_string<char, std::char_traits<char>, std::allocator<char> > > > std::_Rb_tree<std::__cxx11::basic_string<char, std::char_traits<char>, std::allocator<char> >, std::pair<std::__cxx11::basic_string<char, std::char_traits<char>, std::allocator<char> > const, std::__cxx11::basic_string<char, std::char_traits<char>, std::allocator<char> > >, std::_Select1st<std::pair<std::__cxx11::basic_string<char, std::char_traits<char>, std::allocator<char> > const, std::__cxx11::basic_string<char, std::char_traits<char>, std::allocator<char> > > >, std::less<std::__cxx11::basic_string<char, std::char_traits<char>, std::allocator<char> > >, std::allocator<std::pair<std::__cxx11::basic_string<char, std::char_traits<char>, std::allocator<char> > const, std::__cxx11::basic_string<char, std::char_traits<char>, std::allocator<char> > > > >::_M_insert_unique_<std::_Rb_tree<std::__cxx11::basic_string<char, std::char_traits<char>, std::allocator<char> >, std::pair<std::__cxx11::basic_string<char, std::char_traits<char>, std::allocator<char> > const, std::__cxx11::basic_string<char, std::char_traits<char>, std::allocator<char> > >, std::_Select1st<std::pair<std::__cxx11::basic_string<char, std::char_traits<char>, std::allocator<char> > const, std::__cxx11::basic_string<char, std::char_traits<char>, std::allocator<char> > > >, std::less<std::__cxx11::basic_string<char, std::char_traits<char>, std::allocator<char> > >, std::allocator<std::pair<std::__cxx11::basic_string<char, std::char_traits<char>, std::allocator<char> > const, std::__cxx11::basic_string<char, std::char_traits<char>, std::allocator<char> > > > >::_Alloc_node>(std::_Rb_tree_const_iterator<std::pair<std::__cxx11::basic_string<char, std::char_traits<char>, std::allocator<char> > const, std::__cxx11::basic_string<char, std::char_traits<char>, std::allocator<char> > > >, std::pair<std::__cxx11::basic_string<char, std::char_traits<char>, std::allocator<char> > const, std::__cxx11::basic_string<char, std::char_traits<char>, std::allocator<char> > > const&, std::_Rb_tree<std::__cxx11::basic_string<char, std::char_traits<char>, std::allocator<char> >, std::pair<std::__cxx11::basic_string<char, std::char_traits<char>, std::allocator<char> > const, std::__cxx11::basic_string<char, std::char_traits<char>, std::allocator<char> > >, std::_Select1st<std::pair<std::__cxx11::basic_string<char, std::char_traits<char>, std::allocator<char> > const, std::__cxx11::basic_string<char, std::char_traits<char>, std::allocator<char> > > >, std::less<std::__cxx11::basic_string<char, std::char_traits<char>, std::allocator<char> > >, std::allocator<std::pair<std::__cxx11::basic_string<char, std::char_traits<char>, std::allocator<char> > const, std::__cxx11::basic_string<char, std::char_traits<char>, std::allocator<char> > > > >::_Alloc_node&) (stl_tree.h:2905)
==22141==    by 0x4038533: std::_Rb_tree<std::__cxx11::basic_string<char, std::char_traits<char>, std::allocator<char> >, std::pair<std::__cxx11::basic_string<char, std::char_traits<char>, std::allocator<char> > const, std::__cxx11::basic_string<char, std::char_traits<char>, std::allocator<char> > >, std::_Select1st<std::pair<std::__cxx11::basic_string<char, std::char_traits<char>, std::allocator<char> > const, std::__cxx11::basic_string<char, std::char_traits<char>, std::allocator<char> > > >, std::less<std::__cxx11::basic_string<char, std::char_traits<char>, std::allocator<char> > >, std::allocator<std::pair<std::__cxx11::basic_string<char, std::char_traits<char>, std::allocator<char> > const, std::__cxx11::basic_string<char, std::char_traits<char>, std::allocator<char> > > > >::_M_insert_unique_(std::_Rb_tree_const_iterator<std::pair<std::__cxx11::basic_string<char, std::char_traits<char>, std::allocator<char> > const, std::__cxx11::basic_string<char, std::char_traits<char>, std::allocator<char> > > >, std::pair<std::__cxx11::basic_string<char, std::char_traits<char>, std::allocator<char> > const, std::__cxx11::basic_string<char, std::char_traits<char>, std::allocator<char> > > const&) (stl_tree.h:1770)
==22141==    by 0x4038415: std::map<std::__cxx11::basic_string<char, std::char_traits<char>, std::allocator<char> >, std::__cxx11::basic_string<char, std::char_traits<char>, std::allocator<char> >, std::less<std::__cxx11::basic_string<char, std::char_traits<char>, std::allocator<char> > >, std::allocator<std::pair<std::__cxx11::basic_string<char, std::char_traits<char>, std::allocator<char> > const, std::__cxx11::basic_string<char, std::char_traits<char>, std::allocator<char> > > > >::insert(std::_Rb_tree_iterator<std::pair<std::__cxx11::basic_string<char, std::char_traits<char>, std::allocator<char> > const, std::__cxx11::basic_string<char, std::char_traits<char>, std::allocator<char> > > >, std::pair<std::__cxx11::basic_string<char, std::char_traits<char>, std::allocator<char> > const, std::__cxx11::basic_string<char, std::char_traits<char>, std::allocator<char> > > const&) (stl_map.h:954)
==22141==    by 0x40381D8: std::map<std::__cxx11::basic_string<char, std::char_traits<char>, std::allocator<char> >, std::__cxx11::basic_string<char, std::char_traits<char>, std::allocator<char> >, std::less<std::__cxx11::basic_string<char, std::char_traits<char>, std::allocator<char> > >, std::allocator<std::pair<std::__cxx11::basic_string<char, std::char_traits<char>, std::allocator<char> > const, std::__cxx11::basic_string<char, std::char_traits<char>, std::allocator<char> > > > >::operator[](std::__cxx11::basic_string<char, std::char_traits<char>, std::allocator<char> > const&) (stl_map.h:540)
==22141==    by 0x4037A30: MimeTypes::initMap[abi:cxx11]() (MimeTypes.cpp:27)
==22141==    by 0x4038080: __static_initialization_and_destruction_0() (MimeTypes.cpp:32)
==22141== 
==22141== 96 bytes in 1 blocks are still reachable in loss record 55 of 80
==22141==    at 0x48B1FD3: operator new(unsigned long) (vg_replace_malloc.c:487)
==22141==    by 0x40304BC: std::__new_allocator<std::_Rb_tree_node<std::pair<std::__cxx11::basic_string<char, std::char_traits<char>, std::allocator<char> > const, std::__cxx11::basic_string<char, std::char_traits<char>, std::allocator<char> > > > >::allocate(unsigned long, void const*) (new_allocator.h:151)
==22141==    by 0x402FA35: allocate (alloc_traits.h:142)
==22141==    by 0x402FA35: std::_Rb_tree<std::__cxx11::basic_string<char, std::char_traits<char>, std::allocator<char> >, std::pair<std::__cxx11::basic_string<char, std::char_traits<char>, std::allocator<char> > const, std::__cxx11::basic_string<char, std::char_traits<char>, std::allocator<char> > >, std::_Select1st<std::pair<std::__cxx11::basic_string<char, std::char_traits<char>, std::allocator<char> > const, std::__cxx11::basic_string<char, std::char_traits<char>, std::allocator<char> > > >, std::less<std::__cxx11::basic_string<char, std::char_traits<char>, std::allocator<char> > >, std::allocator<std::pair<std::__cxx11::basic_string<char, std::char_traits<char>, std::allocator<char> > const, std::__cxx11::basic_string<char, std::char_traits<char>, std::allocator<char> > > > >::_M_get_node() (stl_tree.h:1170)
==22141==    by 0x402F121: std::_Rb_tree<std::__cxx11::basic_string<char, std::char_traits<char>, std::allocator<char> >, std::pair<std::__cxx11::basic_string<char, std::char_traits<char>, std::allocator<char> > const, std::__cxx11::basic_string<char, std::char_traits<char>, std::allocator<char> > >, std::_Select1st<std::pair<std::__cxx11::basic_string<char, std::char_traits<char>, std::allocator<char> > const, std::__cxx11::basic_string<char, std::char_traits<char>, std::allocator<char> > > >, std::less<std::__cxx11::basic_string<char, std::char_traits<char>, std::allocator<char> > >, std::allocator<std::pair<std::__cxx11::basic_string<char, std::char_traits<char>, std::allocator<char> > const, std::__cxx11::basic_string<char, std::char_traits<char>, std::allocator<char> > > > >::_M_create_node(std::pair<std::__cxx11::basic_string<char, std::char_traits<char>, std::allocator<char> > const, std::__cxx11::basic_string<char, std::char_traits<char>, std::allocator<char> > > const&) (stl_tree.h:1225)
==22141==    by 0x402E881: std::_Rb_tree_node<std::pair<std::__cxx11::basic_string<char, std::char_traits<char>, std::allocator<char> > const, std::__cxx11::basic_string<char, std::char_traits<char>, std::allocator<char> > > >* std::_Rb_tree<std::__cxx11::basic_string<char, std::char_traits<char>, std::allocator<char> >, std::pair<std::__cxx11::basic_string<char, std::char_traits<char>, std::allocator<char> > const, std::__cxx11::basic_string<char, std::char_traits<char>, std::allocator<char> > >, std::_Select1st<std::pair<std::__cxx11::basic_string<char, std::char_traits<char>, std::allocator<char> > const, std::__cxx11::basic_string<char, std::char_traits<char>, std::allocator<char> > > >, std::less<std::__cxx11::basic_string<char, std::char_traits<char>, std::allocator<char> > >, std::allocator<std::pair<std::__cxx11::basic_string<char, std::char_traits<char>, std::allocator<char> > const, std::__cxx11::basic_string<char, std::char_traits<char>, std::allocator<char> > > > >::_Alloc_node::operator()<std::pair<std::__cxx11::basic_string<char, std::char_traits<char>, std::allocator<char> > const, std::__cxx11::basic_string<char, std::char_traits<char>, std::allocator<char> > > >(std::pair<std::__cxx11::basic_string<char, std::char_traits<char>, std::allocator<char> > const, std::__cxx11::basic_string<char, std::char_traits<char>, std::allocator<char> > > const&) const (stl_tree.h:1136)
==22141==    by 0x402DE2C: std::_Rb_tree_iterator<std::pair<std::__cxx11::basic_string<char, std::char_traits<char>, std::allocator<char> > const, std::__cxx11::basic_string<char, std::char_traits<char>, std::allocator<char> > > > std::_Rb_tree<std::__cxx11::basic_string<char, std::char_traits<char>, std::allocator<char> >, std::pair<std::__cxx11::basic_string<char, std::char_traits<char>, std::allocator<char> > const, std::__cxx11::basic_string<char, std::char_traits<char>, std::allocator<char> > >, std::_Select1st<std::pair<std::__cxx11::basic_string<char, std::char_traits<char>, std::allocator<char> > const, std::__cxx11::basic_string<char, std::char_traits<char>, std::allocator<char> > > >, std::less<std::__cxx11::basic_string<char, std::char_traits<char>, std::allocator<char> > >, std::allocator<std::pair<std::__cxx11::basic_string<char, std::char_traits<char>, std::allocator<char> > const, std::__cxx11::basic_string<char, std::char_traits<char>, std::allocator<char> > > > >::_M_insert_<std::_Rb_tree<std::__cxx11::basic_string<char, std::char_traits<char>, std::allocator<char> >, std::pair<std::__cxx11::basic_string<char, std::char_traits<char>, std::allocator<char> > const, std::__cxx11::basic_string<char, std::char_traits<char>, std::allocator<char> > >, std::_Select1st<std::pair<std::__cxx11::basic_string<char, std::char_traits<char>, std::allocator<char> > const, std::__cxx11::basic_string<char, std::char_traits<char>, std::allocator<char> > > >, std::less<std::__cxx11::basic_string<char, std::char_traits<char>, std::allocator<char> > >, std::allocator<std::pair<std::__cxx11::basic_string<char, std::char_traits<char>, std::allocator<char> > const, std::__cxx11::basic_string<char, std::char_traits<char>, std::allocator<char> > > > >::_Alloc_node>(std::_Rb_tree_node_base*, std::_Rb_tree_node_base*, std::pair<std::__cxx11::basic_string<char, std::char_traits<char>, std::allocator<char> > const, std::__cxx11::basic_string<char, std::char_traits<char>, std::allocator<char> > > const&, std::_Rb_tree<std::__cxx11::basic_string<char, std::char_traits<char>, std::allocator<char> >, std::pair<std::__cxx11::basic_string<char, std::char_traits<char>, std::allocator<char> > const, std::__cxx11::basic_string<char, std::char_traits<char>, std::allocator<char> > >, std::_Select1st<std::pair<std::__cxx11::basic_string<char, std::char_traits<char>, std::allocator<char> > const, std::__cxx11::basic_string<char, std::char_traits<char>, std::allocator<char> > > >, std::less<std::__cxx11::basic_string<char, std::char_traits<char>, std::allocator<char> > >, std::allocator<std::pair<std::__cxx11::basic_string<char, std::char_traits<char>, std::allocator<char> > const, std::__cxx11::basic_string<char, std::char_traits<char>, std::allocator<char> > > > >::_Alloc_node&) (stl_tree.h:2481)
==22141==    by 0x40386AD: std::_Rb_tree_iterator<std::pair<std::__cxx11::basic_string<char, std::char_traits<char>, std::allocator<char> > const, std::__cxx11::basic_string<char, std::char_traits<char>, std::allocator<char> > > > std::_Rb_tree<std::__cxx11::basic_string<char, std::char_traits<char>, std::allocator<char> >, std::pair<std::__cxx11::basic_string<char, std::char_traits<char>, std::allocator<char> > const, std::__cxx11::basic_string<char, std::char_traits<char>, std::allocator<char> > >, std::_Select1st<std::pair<std::__cxx11::basic_string<char, std::char_traits<char>, std::allocator<char> > const, std::__cxx11::basic_string<char, std::char_traits<char>, std::allocator<char> > > >, std::less<std::__cxx11::basic_string<char, std::char_traits<char>, std::allocator<char> > >, std::allocator<std::pair<std::__cxx11::basic_string<char, std::char_traits<char>, std::allocator<char> > const, std::__cxx11::basic_string<char, std::char_traits<char>, std::allocator<char> > > > >::_M_insert_unique_<std::_Rb_tree<std::__cxx11::basic_string<char, std::char_traits<char>, std::allocator<char> >, std::pair<std::__cxx11::basic_string<char, std::char_traits<char>, std::allocator<char> > const, std::__cxx11::basic_string<char, std::char_traits<char>, std::allocator<char> > >, std::_Select1st<std::pair<std::__cxx11::basic_string<char, std::char_traits<char>, std::allocator<char> > const, std::__cxx11::basic_string<char, std::char_traits<char>, std::allocator<char> > > >, std::less<std::__cxx11::basic_string<char, std::char_traits<char>, std::allocator<char> > >, std::allocator<std::pair<std::__cxx11::basic_string<char, std::char_traits<char>, std::allocator<char> > const, std::__cxx11::basic_string<char, std::char_traits<char>, std::allocator<char> > > > >::_Alloc_node>(std::_Rb_tree_const_iterator<std::pair<std::__cxx11::basic_string<char, std::char_traits<char>, std::allocator<char> > const, std::__cxx11::basic_string<char, std::char_traits<char>, std::allocator<char> > > >, std::pair<std::__cxx11::basic_string<char, std::char_traits<char>, std::allocator<char> > const, std::__cxx11::basic_string<char, std::char_traits<char>, std::allocator<char> > > const&, std::_Rb_tree<std::__cxx11::basic_string<char, std::char_traits<char>, std::allocator<char> >, std::pair<std::__cxx11::basic_string<char, std::char_traits<char>, std::allocator<char> > const, std::__cxx11::basic_string<char, std::char_traits<char>, std::allocator<char> > >, std::_Select1st<std::pair<std::__cxx11::basic_string<char, std::char_traits<char>, std::allocator<char> > const, std::__cxx11::basic_string<char, std::char_traits<char>, std::allocator<char> > > >, std::less<std::__cxx11::basic_string<char, std::char_traits<char>, std::allocator<char> > >, std::allocator<std::pair<std::__cxx11::basic_string<char, std::char_traits<char>, std::allocator<char> > const, std::__cxx11::basic_string<char, std::char_traits<char>, std::allocator<char> > > > >::_Alloc_node&) (stl_tree.h:2905)
==22141==    by 0x4038533: std::_Rb_tree<std::__cxx11::basic_string<char, std::char_traits<char>, std::allocator<char> >, std::pair<std::__cxx11::basic_string<char, std::char_traits<char>, std::allocator<char> > const, std::__cxx11::basic_string<char, std::char_traits<char>, std::allocator<char> > >, std::_Select1st<std::pair<std::__cxx11::basic_string<char, std::char_traits<char>, std::allocator<char> > const, std::__cxx11::basic_string<char, std::char_traits<char>, std::allocator<char> > > >, std::less<std::__cxx11::basic_string<char, std::char_traits<char>, std::allocator<char> > >, std::allocator<std::pair<std::__cxx11::basic_string<char, std::char_traits<char>, std::allocator<char> > const, std::__cxx11::basic_string<char, std::char_traits<char>, std::allocator<char> > > > >::_M_insert_unique_(std::_Rb_tree_const_iterator<std::pair<std::__cxx11::basic_string<char, std::char_traits<char>, std::allocator<char> > const, std::__cxx11::basic_string<char, std::char_traits<char>, std::allocator<char> > > >, std::pair<std::__cxx11::basic_string<char, std::char_traits<char>, std::allocator<char> > const, std::__cxx11::basic_string<char, std::char_traits<char>, std::allocator<char> > > const&) (stl_tree.h:1770)
==22141==    by 0x4038415: std::map<std::__cxx11::basic_string<char, std::char_traits<char>, std::allocator<char> >, std::__cxx11::basic_string<char, std::char_traits<char>, std::allocator<char> >, std::less<std::__cxx11::basic_string<char, std::char_traits<char>, std::allocator<char> > >, std::allocator<std::pair<std::__cxx11::basic_string<char, std::char_traits<char>, std::allocator<char> > const, std::__cxx11::basic_string<char, std::char_traits<char>, std::allocator<char> > > > >::insert(std::_Rb_tree_iterator<std::pair<std::__cxx11::basic_string<char, std::char_traits<char>, std::allocator<char> > const, std::__cxx11::basic_string<char, std::char_traits<char>, std::allocator<char> > > >, std::pair<std::__cxx11::basic_string<char, std::char_traits<char>, std::allocator<char> > const, std::__cxx11::basic_string<char, std::char_traits<char>, std::allocator<char> > > const&) (stl_map.h:954)
==22141==    by 0x40381D8: std::map<std::__cxx11::basic_string<char, std::char_traits<char>, std::allocator<char> >, std::__cxx11::basic_string<char, std::char_traits<char>, std::allocator<char> >, std::less<std::__cxx11::basic_string<char, std::char_traits<char>, std::allocator<char> > >, std::allocator<std::pair<std::__cxx11::basic_string<char, std::char_traits<char>, std::allocator<char> > const, std::__cxx11::basic_string<char, std::char_traits<char>, std::allocator<char> > > > >::operator[](std::__cxx11::basic_string<char, std::char_traits<char>, std::allocator<char> > const&) (stl_map.h:540)
==22141==    by 0x4037AA1: MimeTypes::initMap[abi:cxx11]() (MimeTypes.cpp:28)
==22141==    by 0x4038080: __static_initialization_and_destruction_0() (MimeTypes.cpp:32)
==22141== 
==22141== 120 bytes in 1 blocks are still reachable in loss record 56 of 80
==22141==    at 0x48B1FD3: operator new(unsigned long) (vg_replace_malloc.c:487)
==22141==    by 0x4011E9B: std::__new_allocator<std::pair<std::__cxx11::basic_string<char, std::char_traits<char>, std::allocator<char> >, unsigned int> >::allocate(unsigned long, void const*) (new_allocator.h:151)
==22141==    by 0x400FA58: allocate (alloc_traits.h:142)
==22141==    by 0x400FA58: std::_Vector_base<std::pair<std::__cxx11::basic_string<char, std::char_traits<char>, std::allocator<char> >, unsigned int>, std::allocator<std::pair<std::__cxx11::basic_string<char, std::char_traits<char>, std::allocator<char> >, unsigned int> > >::_M_allocate(unsigned long) (stl_vector.h:387)
==22141==    by 0x40105AC: std::_Vector_base<std::pair<std::__cxx11::basic_string<char, std::char_traits<char>, std::allocator<char> >, unsigned int>, std::allocator<std::pair<std::__cxx11::basic_string<char, std::char_traits<char>, std::allocator<char> >, unsigned int> > >::_M_create_storage(unsigned long) (stl_vector.h:405)
==22141==    by 0x400E97E: std::_Vector_base<std::pair<std::__cxx11::basic_string<char, std::char_traits<char>, std::allocator<char> >, unsigned int>, std::allocator<std::pair<std::__cxx11::basic_string<char, std::char_traits<char>, std::allocator<char> >, unsigned int> > >::_Vector_base(unsigned long, std::allocator<std::pair<std::__cxx11::basic_string<char, std::char_traits<char>, std::allocator<char> >, unsigned int> > const&) (stl_vector.h:341)
==22141==    by 0x400C0F0: std::vector<std::pair<std::__cxx11::basic_string<char, std::char_traits<char>, std::allocator<char> >, unsigned int>, std::allocator<std::pair<std::__cxx11::basic_string<char, std::char_traits<char>, std::allocator<char> >, unsigned int> > >::vector(std::vector<std::pair<std::__cxx11::basic_string<char, std::char_traits<char>, std::allocator<char> >, unsigned int>, std::allocator<std::pair<std::__cxx11::basic_string<char, std::char_traits<char>, std::allocator<char> >, unsigned int> > > const&) (stl_vector.h:633)
==22141==    by 0x4014678: Server::Server(Server const&) (Server.hpp:12)
==22141==    by 0x4017A67: void std::_Construct<Server, Server>(Server*, Server const&) (stl_construct.h:142)
==22141==    by 0x401732F: Server* std::__do_uninit_copy<__gnu_cxx::__normal_iterator<Server const*, std::vector<Server, std::allocator<Server> > >, __gnu_cxx::__normal_iterator<Server const*, std::vector<Server, std::allocator<Server> > >, Server*>(__gnu_cxx::__normal_iterator<Server const*, std::vector<Server, std::allocator<Server> > >, __gnu_cxx::__normal_iterator<Server const*, std::vector<Server, std::allocator<Server> > >, Server*) (stl_uninitialized.h:145)
==22141==    by 0x4016D65: Server* std::__uninitialized_copy<false>::__uninit_copy<__gnu_cxx::__normal_iterator<Server const*, std::vector<Server, std::allocator<Server> > >, Server*>(__gnu_cxx::__normal_iterator<Server const*, std::vector<Server, std::allocator<Server> > >, __gnu_cxx::__normal_iterator<Server const*, std::vector<Server, std::allocator<Server> > >, Server*) (stl_uninitialized.h:170)
==22141==    by 0x401673F: Server* std::uninitialized_copy<__gnu_cxx::__normal_iterator<Server const*, std::vector<Server, std::allocator<Server> > >, Server*>(__gnu_cxx::__normal_iterator<Server const*, std::vector<Server, std::allocator<Server> > >, __gnu_cxx::__normal_iterator<Server const*, std::vector<Server, std::allocator<Server> > >, Server*) (stl_uninitialized.h:315)
==22141==    by 0x4015AA9: Server* std::__uninitialized_copy_a<__gnu_cxx::__normal_iterator<Server const*, std::vector<Server, std::allocator<Server> > >, __gnu_cxx::__normal_iterator<Server const*, std::vector<Server, std::allocator<Server> > >, Server*, Server>(__gnu_cxx::__normal_iterator<Server const*, std::vector<Server, std::allocator<Server> > >, __gnu_cxx::__normal_iterator<Server const*, std::vector<Server, std::allocator<Server> > >, Server*, std::allocator<Server>&) (stl_uninitialized.h:637)
==22141== 
==22141== 120 bytes in 1 blocks are still reachable in loss record 57 of 80
==22141==    at 0x48B1FD3: operator new(unsigned long) (vg_replace_malloc.c:487)
==22141==    by 0x4011E9B: std::__new_allocator<std::pair<std::__cxx11::basic_string<char, std::char_traits<char>, std::allocator<char> >, unsigned int> >::allocate(unsigned long, void const*) (new_allocator.h:151)
==22141==    by 0x400FA58: allocate (alloc_traits.h:142)
==22141==    by 0x400FA58: std::_Vector_base<std::pair<std::__cxx11::basic_string<char, std::char_traits<char>, std::allocator<char> >, unsigned int>, std::allocator<std::pair<std::__cxx11::basic_string<char, std::char_traits<char>, std::allocator<char> >, unsigned int> > >::_M_allocate(unsigned long) (stl_vector.h:387)
==22141==    by 0x400D19A: std::pair<std::__cxx11::basic_string<char, std::char_traits<char>, std::allocator<char> >, unsigned int>* std::vector<std::pair<std::__cxx11::basic_string<char, std::char_traits<char>, std::allocator<char> >, unsigned int>, std::allocator<std::pair<std::__cxx11::basic_string<char, std::char_traits<char>, std::allocator<char> >, unsigned int> > >::_M_allocate_and_copy<__gnu_cxx::__normal_iterator<std::pair<std::__cxx11::basic_string<char, std::char_traits<char>, std::allocator<char> >, unsigned int> const*, std::vector<std::pair<std::__cxx11::basic_string<char, std::char_traits<char>, std::allocator<char> >, unsigned int>, std::allocator<std::pair<std::__cxx11::basic_string<char, std::char_traits<char>, std::allocator<char> >, unsigned int> > > > >(unsigned long, __gnu_cxx::__normal_iterator<std::pair<std::__cxx11::basic_string<char, std::char_traits<char>, std::allocator<char> >, unsigned int> const*, std::vector<std::pair<std::__cxx11::basic_string<char, std::char_traits<char>, std::allocator<char> >, unsigned int>, std::allocator<std::pair<std::__cxx11::basic_string<char, std::char_traits<char>, std::allocator<char> >, unsigned int> > > >, __gnu_cxx::__normal_iterator<std::pair<std::__cxx11::basic_string<char, std::char_traits<char>, std::allocator<char> >, unsigned int> const*, std::vector<std::pair<std::__cxx11::basic_string<char, std::char_traits<char>, std::allocator<char> >, unsigned int>, std::allocator<std::pair<std::__cxx11::basic_string<char, std::char_traits<char>, std::allocator<char> >, unsigned int> > > >) (stl_vector.h:1910)
==22141==    by 0x400AFF0: std::vector<std::pair<std::__cxx11::basic_string<char, std::char_traits<char>, std::allocator<char> >, unsigned int>, std::allocator<std::pair<std::__cxx11::basic_string<char, std::char_traits<char>, std::allocator<char> >, unsigned int> > >::operator=(std::vector<std::pair<std::__cxx11::basic_string<char, std::char_traits<char>, std::allocator<char> >, unsigned int>, std::allocator<std::pair<std::__cxx11::basic_string<char, std::char_traits<char>, std::allocator<char> >, unsigned int> > > const&) (vector.tcc:238)
==22141==    by 0x4007385: Server::operator=(Server const&) (Server.cpp:26)
==22141==    by 0x401C2C4: Loop::_createMapServer(std::vector<Server, std::allocator<Server> >) (Loop.cpp:79)
==22141==    by 0x401BBBE: Loop::Loop(std::vector<Server, std::allocator<Server> >) (Loop.cpp:19)
==22141==    by 0x4014375: main (main.cpp:61)
==22141== 
==22141== 186 bytes in 6 blocks are still reachable in loss record 58 of 80
==22141==    at 0x48B1FD3: operator new(unsigned long) (vg_replace_malloc.c:487)
==22141==    by 0x4012C5C: std::__new_allocator<char>::allocate(unsigned long, void const*) (new_allocator.h:151)
==22141==    by 0x4010DF6: allocate (alloc_traits.h:142)
==22141==    by 0x4010DF6: std::__cxx11::basic_string<char, std::char_traits<char>, std::allocator<char> >::_S_allocate(std::allocator<char>&, unsigned long) (basic_string.h:142)
==22141==    by 0x400F609: std::__cxx11::basic_string<char, std::char_traits<char>, std::allocator<char> >::_M_create(unsigned long&, unsigned long) (basic_string.tcc:164)
==22141==    by 0x400F979: std::__cxx11::basic_string<char, std::char_traits<char>, std::allocator<char> >::_M_assign(std::__cxx11::basic_string<char, std::char_traits<char>, std::allocator<char> > const&) (basic_string.tcc:319)
==22141==    by 0x400D070: std::__cxx11::basic_string<char, std::char_traits<char>, std::allocator<char> >::assign(std::__cxx11::basic_string<char, std::char_traits<char>, std::allocator<char> > const&) (basic_string.h:1771)
==22141==    by 0x400AF4C: std::__cxx11::basic_string<char, std::char_traits<char>, std::allocator<char> >::operator=(std::__cxx11::basic_string<char, std::char_traits<char>, std::allocator<char> > const&) (basic_string.h:906)
==22141==    by 0x402AA12: Location::Location(Location const&) (Location.cpp:191)
==22141==    by 0x4013423: void std::_Construct<Location, Location>(Location*, Location const&) (stl_construct.h:142)
==22141==    by 0x40132B8: Location* std::__do_uninit_copy<__gnu_cxx::__normal_iterator<Location const*, std::vector<Location, std::allocator<Location> > >, __gnu_cxx::__normal_iterator<Location const*, std::vector<Location, std::allocator<Location> > >, Location*>(__gnu_cxx::__normal_iterator<Location const*, std::vector<Location, std::allocator<Location> > >, __gnu_cxx::__normal_iterator<Location const*, std::vector<Location, std::allocator<Location> > >, Location*) (stl_uninitialized.h:145)
==22141==    by 0x401212D: Location* std::__uninitialized_copy<false>::__uninit_copy<__gnu_cxx::__normal_iterator<Location const*, std::vector<Location, std::allocator<Location> > >, Location*>(__gnu_cxx::__normal_iterator<Location const*, std::vector<Location, std::allocator<Location> > >, __gnu_cxx::__normal_iterator<Location const*, std::vector<Location, std::allocator<Location> > >, Location*) (stl_uninitialized.h:170)
==22141==    by 0x40112E8: Location* std::uninitialized_copy<__gnu_cxx::__normal_iterator<Location const*, std::vector<Location, std::allocator<Location> > >, Location*>(__gnu_cxx::__normal_iterator<Location const*, std::vector<Location, std::allocator<Location> > >, __gnu_cxx::__normal_iterator<Location const*, std::vector<Location, std::allocator<Location> > >, Location*) (stl_uninitialized.h:315)
==22141== 
==22141== 192 bytes in 2 blocks are still reachable in loss record 59 of 80
==22141==    at 0x48B1FD3: operator new(unsigned long) (vg_replace_malloc.c:487)
==22141==    by 0x40304BC: std::__new_allocator<std::_Rb_tree_node<std::pair<std::__cxx11::basic_string<char, std::char_traits<char>, std::allocator<char> > const, std::__cxx11::basic_string<char, std::char_traits<char>, std::allocator<char> > > > >::allocate(unsigned long, void const*) (new_allocator.h:151)
==22141==    by 0x402FA35: allocate (alloc_traits.h:142)
==22141==    by 0x402FA35: std::_Rb_tree<std::__cxx11::basic_string<char, std::char_traits<char>, std::allocator<char> >, std::pair<std::__cxx11::basic_string<char, std::char_traits<char>, std::allocator<char> > const, std::__cxx11::basic_string<char, std::char_traits<char>, std::allocator<char> > >, std::_Select1st<std::pair<std::__cxx11::basic_string<char, std::char_traits<char>, std::allocator<char> > const, std::__cxx11::basic_string<char, std::char_traits<char>, std::allocator<char> > > >, std::less<std::__cxx11::basic_string<char, std::char_traits<char>, std::allocator<char> > >, std::allocator<std::pair<std::__cxx11::basic_string<char, std::char_traits<char>, std::allocator<char> > const, std::__cxx11::basic_string<char, std::char_traits<char>, std::allocator<char> > > > >::_M_get_node() (stl_tree.h:1170)
==22141==    by 0x402F121: std::_Rb_tree<std::__cxx11::basic_string<char, std::char_traits<char>, std::allocator<char> >, std::pair<std::__cxx11::basic_string<char, std::char_traits<char>, std::allocator<char> > const, std::__cxx11::basic_string<char, std::char_traits<char>, std::allocator<char> > >, std::_Select1st<std::pair<std::__cxx11::basic_string<char, std::char_traits<char>, std::allocator<char> > const, std::__cxx11::basic_string<char, std::char_traits<char>, std::allocator<char> > > >, std::less<std::__cxx11::basic_string<char, std::char_traits<char>, std::allocator<char> > >, std::allocator<std::pair<std::__cxx11::basic_string<char, std::char_traits<char>, std::allocator<char> > const, std::__cxx11::basic_string<char, std::char_traits<char>, std::allocator<char> > > > >::_M_create_node(std::pair<std::__cxx11::basic_string<char, std::char_traits<char>, std::allocator<char> > const, std::__cxx11::basic_string<char, std::char_traits<char>, std::allocator<char> > > const&) (stl_tree.h:1225)
==22141==    by 0x403001B: std::_Rb_tree_node<std::pair<std::__cxx11::basic_string<char, std::char_traits<char>, std::allocator<char> > const, std::__cxx11::basic_string<char, std::char_traits<char>, std::allocator<char> > > >* std::_Rb_tree<std::__cxx11::basic_string<char, std::char_traits<char>, std::allocator<char> >, std::pair<std::__cxx11::basic_string<char, std::char_traits<char>, std::allocator<char> > const, std::__cxx11::basic_string<char, std::char_traits<char>, std::allocator<char> > >, std::_Select1st<std::pair<std::__cxx11::basic_string<char, std::char_traits<char>, std::allocator<char> > const, std::__cxx11::basic_string<char, std::char_traits<char>, std::allocator<char> > > >, std::less<std::__cxx11::basic_string<char, std::char_traits<char>, std::allocator<char> > >, std::allocator<std::pair<std::__cxx11::basic_string<char, std::char_traits<char>, std::allocator<char> > const, std::__cxx11::basic_string<char, std::char_traits<char>, std::allocator<char> > > > >::_Reuse_or_alloc_node::operator()<std::pair<std::__cxx11::basic_string<char, std::char_traits<char>, std::allocator<char> > const, std::__cxx11::basic_string<char, std::char_traits<char>, std::allocator<char> > > >(std::pair<std::__cxx11::basic_string<char, std::char_traits<char>, std::allocator<char> > const, std::__cxx11::basic_string<char, std::char_traits<char>, std::allocator<char> > > const&) (stl_tree.h:1083)
==22141==    by 0x402F8D9: std::_Rb_tree_node<std::pair<std::__cxx11::basic_string<char, std::char_traits<char>, std::allocator<char> > const, std::__cxx11::basic_string<char, std::char_traits<char>, std::allocator<char> > > >* std::_Rb_tree<std::__cxx11::basic_string<char, std::char_traits<char>, std::allocator<char> >, std::pair<std::__cxx11::basic_string<char, std::char_traits<char>, std::allocator<char> > const, std::__cxx11::basic_string<char, std::char_traits<char>, std::allocator<char> > >, std::_Select1st<std::pair<std::__cxx11::basic_string<char, std::char_traits<char>, std::allocator<char> > const, std::__cxx11::basic_string<char, std::char_traits<char>, std::allocator<char> > > >, std::less<std::__cxx11::basic_string<char, std::char_traits<char>, std::allocator<char> > >, std::allocator<std::pair<std::__cxx11::basic_string<char, std::char_traits<char>, std::allocator<char> > const, std::__cxx11::basic_string<char, std::char_traits<char>, std::allocator<char> > > > >::_M_clone_node<false, std::_Rb_tree<std::__cxx11::basic_string<char, std::char_traits<char>, std::allocator<char> >, std::pair<std::__cxx11::basic_string<char, std::char_traits<char>, std::allocator<char> > const, std::__cxx11::basic_string<char, std::char_traits<char>, std::allocator<char> > >, std::_Select1st<std::pair<std::__cxx11::basic_string<char, std::char_traits<char>, std::allocator<char> > const, std::__cxx11::basic_string<char, std::char_traits<char>, std::allocator<char> > > >, std::less<std::__cxx11::basic_string<char, std::char_traits<char>, std::allocator<char> > >, std::allocator<std::pair<std::__cxx11::basic_string<char, std::char_traits<char>, std::allocator<char> > const, std::__cxx11::basic_string<char, std::char_traits<char>, std::allocator<char> > > > >::_Reuse_or_alloc_node>(std::_Rb_tree_node<std::pair<std::__cxx11::basic_string<char, std::char_traits<char>, std::allocator<char> > const, std::__cxx11::basic_string<char, std::char_traits<char>, std::allocator<char> > > >*, std::_Rb_tree<std::__cxx11::basic_string<char, std::char_traits<char>, std::allocator<char> >, std::pair<std::__cxx11::basic_string<char, std::char_traits<char>, std::allocator<char> > const, std::__cxx11::basic_string<char, std::char_traits<char>, std::allocator<char> > >, std::_Select1st<std::pair<std::__cxx11::basic_string<char, std::char_traits<char>, std::allocator<char> > const, std::__cxx11::basic_string<char, std::char_traits<char>, std::allocator<char> > > >, std::less<std::__cxx11::basic_string<char, std::char_traits<char>, std::allocator<char> > >, std::allocator<std::pair<std::__cxx11::basic_string<char, std::char_traits<char>, std::allocator<char> > const, std::__cxx11::basic_string<char, std::char_traits<char>, std::allocator<char> > > > >::_Reuse_or_alloc_node&) (stl_tree.h:1287)
==22141==    by 0x402EDCF: std::_Rb_tree_node_base* std::_Rb_tree<std::__cxx11::basic_string<char, std::char_traits<char>, std::allocator<char> >, std::pair<std::__cxx11::basic_string<char, std::char_traits<char>, std::allocator<char> > const, std::__cxx11::basic_string<char, std::char_traits<char>, std::allocator<char> > >, std::_Select1st<std::pair<std::__cxx11::basic_string<char, std::char_traits<char>, std::allocator<char> > const, std::__cxx11::basic_string<char, std::char_traits<char>, std::allocator<char> > > >, std::less<std::__cxx11::basic_string<char, std::char_traits<char>, std::allocator<char> > >, std::allocator<std::pair<std::__cxx11::basic_string<char, std::char_traits<char>, std::allocator<char> > const, std::__cxx11::basic_string<char, std::char_traits<char>, std::allocator<char> > > > >::_M_copy<false, std::_Rb_tree<std::__cxx11::basic_string<char, std::char_traits<char>, std::allocator<char> >, std::pair<std::__cxx11::basic_string<char, std::char_traits<char>, std::allocator<char> > const, std::__cxx11::basic_string<char, std::char_traits<char>, std::allocator<char> > >, std::_Select1st<std::pair<std::__cxx11::basic_string<char, std::char_traits<char>, std::allocator<char> > const, std::__cxx11::basic_string<char, std::char_traits<char>, std::allocator<char> > > >, std::less<std::__cxx11::basic_string<char, std::char_traits<char>, std::allocator<char> > >, std::allocator<std::pair<std::__cxx11::basic_string<char, std::char_traits<char>, std::allocator<char> > const, std::__cxx11::basic_string<char, std::char_traits<char>, std::allocator<char> > > > >::_Reuse_or_alloc_node>(std::_Rb_tree_node<std::pair<std::__cxx11::basic_string<char, std::char_traits<char>, std::allocator<char> > const, std::__cxx11::basic_string<char, std::char_traits<char>, std::allocator<char> > > >*, std::_Rb_tree_node_base*, std::_Rb_tree<std::__cxx11::basic_string<char, std::char_traits<char>, std::allocator<char> >, std::pair<std::__cxx11::basic_string<char, std::char_traits<char>, std::allocator<char> > const, std::__cxx11::basic_string<char, std::char_traits<char>, std::allocator<char> > >, std::_Select1st<std::pair<std::__cxx11::basic_string<char, std::char_traits<char>, std::allocator<char> > const, std::__cxx11::basic_string<char, std::char_traits<char>, std::allocator<char> > > >, std::less<std::__cxx11::basic_string<char, std::char_traits<char>, std::allocator<char> > >, std::allocator<std::pair<std::__cxx11::basic_string<char, std::char_traits<char>, std::allocator<char> > const, std::__cxx11::basic_string<char, std::char_traits<char>, std::allocator<char> > > > >::_Reuse_or_alloc_node&) (stl_tree.h:2546)
==22141==    by 0x402EE1F: std::_Rb_tree_node_base* std::_Rb_tree<std::__cxx11::basic_string<char, std::char_traits<char>, std::allocator<char> >, std::pair<std::__cxx11::basic_string<char, std::char_traits<char>, std::allocator<char> > const, std::__cxx11::basic_string<char, std::char_traits<char>, std::allocator<char> > >, std::_Select1st<std::pair<std::__cxx11::basic_string<char, std::char_traits<char>, std::allocator<char> > const, std::__cxx11::basic_string<char, std::char_traits<char>, std::allocator<char> > > >, std::less<std::__cxx11::basic_string<char, std::char_traits<char>, std::allocator<char> > >, std::allocator<std::pair<std::__cxx11::basic_string<char, std::char_traits<char>, std::allocator<char> > const, std::__cxx11::basic_string<char, std::char_traits<char>, std::allocator<char> > > > >::_M_copy<false, std::_Rb_tree<std::__cxx11::basic_string<char, std::char_traits<char>, std::allocator<char> >, std::pair<std::__cxx11::basic_string<char, std::char_traits<char>, std::allocator<char> > const, std::__cxx11::basic_string<char, std::char_traits<char>, std::allocator<char> > >, std::_Select1st<std::pair<std::__cxx11::basic_string<char, std::char_traits<char>, std::allocator<char> > const, std::__cxx11::basic_string<char, std::char_traits<char>, std::allocator<char> > > >, std::less<std::__cxx11::basic_string<char, std::char_traits<char>, std::allocator<char> > >, std::allocator<std::pair<std::__cxx11::basic_string<char, std::char_traits<char>, std::allocator<char> > const, std::__cxx11::basic_string<char, std::char_traits<char>, std::allocator<char> > > > >::_Reuse_or_alloc_node>(std::_Rb_tree_node<std::pair<std::__cxx11::basic_string<char, std::char_traits<char>, std::allocator<char> > const, std::__cxx11::basic_string<char, std::char_traits<char>, std::allocator<char> > > >*, std::_Rb_tree_node_base*, std::_Rb_tree<std::__cxx11::basic_string<char, std::char_traits<char>, std::allocator<char> >, std::pair<std::__cxx11::basic_string<char, std::char_traits<char>, std::allocator<char> > const, std::__cxx11::basic_string<char, std::char_traits<char>, std::allocator<char> > >, std::_Select1st<std::pair<std::__cxx11::basic_string<char, std::char_traits<char>, std::allocator<char> > const, std::__cxx11::basic_string<char, std::char_traits<char>, std::allocator<char> > > >, std::less<std::__cxx11::basic_string<char, std::char_traits<char>, std::allocator<char> > >, std::allocator<std::pair<std::__cxx11::basic_string<char, std::char_traits<char>, std::allocator<char> > const, std::__cxx11::basic_string<char, std::char_traits<char>, std::allocator<char> > > > >::_Reuse_or_alloc_node&) (stl_tree.h:2554)
==22141==    by 0x402E4B0: std::_Rb_tree_node_base* std::_Rb_tree<std::__cxx11::basic_string<char, std::char_traits<char>, std::allocator<char> >, std::pair<std::__cxx11::basic_string<char, std::char_traits<char>, std::allocator<char> > const, std::__cxx11::basic_string<char, std::char_traits<char>, std::allocator<char> > >, std::_Select1st<std::pair<std::__cxx11::basic_string<char, std::char_traits<char>, std::allocator<char> > const, std::__cxx11::basic_string<char, std::char_traits<char>, std::allocator<char> > > >, std::less<std::__cxx11::basic_string<char, std::char_traits<char>, std::allocator<char> > >, std::allocator<std::pair<std::__cxx11::basic_string<char, std::char_traits<char>, std::allocator<char> > const, std::__cxx11::basic_string<char, std::char_traits<char>, std::allocator<char> > > > >::_M_copy<false, std::_Rb_tree<std::__cxx11::basic_string<char, std::char_traits<char>, std::allocator<char> >, std::pair<std::__cxx11::basic_string<char, std::char_traits<char>, std::allocator<char> > const, std::__cxx11::basic_string<char, std::char_traits<char>, std::allocator<char> > >, std::_Select1st<std::pair<std::__cxx11::basic_string<char, std::char_traits<char>, std::allocator<char> > const, std::__cxx11::basic_string<char, std::char_traits<char>, std::allocator<char> > > >, std::less<std::__cxx11::basic_string<char, std::char_traits<char>, std::allocator<char> > >, std::allocator<std::pair<std::__cxx11::basic_string<char, std::char_traits<char>, std::allocator<char> > const, std::__cxx11::basic_string<char, std::char_traits<char>, std::allocator<char> > > > >::_Reuse_or_alloc_node>(std::_Rb_tree<std::__cxx11::basic_string<char, std::char_traits<char>, std::allocator<char> >, std::pair<std::__cxx11::basic_string<char, std::char_traits<char>, std::allocator<char> > const, std::__cxx11::basic_string<char, std::char_traits<char>, std::allocator<char> > >, std::_Select1st<std::pair<std::__cxx11::basic_string<char, std::char_traits<char>, std::allocator<char> > const, std::__cxx11::basic_string<char, std::char_traits<char>, std::allocator<char> > > >, std::less<std::__cxx11::basic_string<char, std::char_traits<char>, std::allocator<char> > >, std::allocator<std::pair<std::__cxx11::basic_string<char, std::char_traits<char>, std::allocator<char> > const, std::__cxx11::basic_string<char, std::char_traits<char>, std::allocator<char> > > > > const&, std::_Rb_tree<std::__cxx11::basic_string<char, std::char_traits<char>, std::allocator<char> >, std::pair<std::__cxx11::basic_string<char, std::char_traits<char>, std::allocator<char> > const, std::__cxx11::basic_string<char, std::char_traits<char>, std::allocator<char> > >, std::_Select1st<std::pair<std::__cxx11::basic_string<char, std::char_traits<char>, std::allocator<char> > const, std::__cxx11::basic_string<char, std::char_traits<char>, std::allocator<char> > > >, std::less<std::__cxx11::basic_string<char, std::char_traits<char>, std::allocator<char> > >, std::allocator<std::pair<std::__cxx11::basic_string<char, std::char_traits<char>, std::allocator<char> > const, std::__cxx11::basic_string<char, std::char_traits<char>, std::allocator<char> > > > >::_Reuse_or_alloc_node&) (stl_tree.h:1523)
==22141==    by 0x402D48B: std::_Rb_tree<std::__cxx11::basic_string<char, std::char_traits<char>, std::allocator<char> >, std::pair<std::__cxx11::basic_string<char, std::char_traits<char>, std::allocator<char> > const, std::__cxx11::basic_string<char, std::char_traits<char>, std::allocator<char> > >, std::_Select1st<std::pair<std::__cxx11::basic_string<char, std::char_traits<char>, std::allocator<char> > const, std::__cxx11::basic_string<char, std::char_traits<char>, std::allocator<char> > > >, std::less<std::__cxx11::basic_string<char, std::char_traits<char>, std::allocator<char> > >, std::allocator<std::pair<std::__cxx11::basic_string<char, std::char_traits<char>, std::allocator<char> > const, std::__cxx11::basic_string<char, std::char_traits<char>, std::allocator<char> > > > >::operator=(std::_Rb_tree<std::__cxx11::basic_string<char, std::char_traits<char>, std::allocator<char> >, std::pair<std::__cxx11::basic_string<char, std::char_traits<char>, std::allocator<char> > const, std::__cxx11::basic_string<char, std::char_traits<char>, std::allocator<char> > >, std::_Select1st<std::pair<std::__cxx11::basic_string<char, std::char_traits<char>, std::allocator<char> > const, std::__cxx11::basic_string<char, std::char_traits<char>, std::allocator<char> > > >, std::less<std::__cxx11::basic_string<char, std::char_traits<char>, std::allocator<char> > >, std::allocator<std::pair<std::__cxx11::basic_string<char, std::char_traits<char>, std::allocator<char> > const, std::__cxx11::basic_string<char, std::char_traits<char>, std::allocator<char> > > > > const&) (stl_tree.h:2453)
==22141==    by 0x402C9AA: std::map<std::__cxx11::basic_string<char, std::char_traits<char>, std::allocator<char> >, std::__cxx11::basic_string<char, std::char_traits<char>, std::allocator<char> >, std::less<std::__cxx11::basic_string<char, std::char_traits<char>, std::allocator<char> > >, std::allocator<std::pair<std::__cxx11::basic_string<char, std::char_traits<char>, std::allocator<char> > const, std::__cxx11::basic_string<char, std::char_traits<char>, std::allocator<char> > > > >::operator=(std::map<std::__cxx11::basic_string<char, std::char_traits<char>, std::allocator<char> >, std::__cxx11::basic_string<char, std::char_traits<char>, std::allocator<char> >, std::less<std::__cxx11::basic_string<char, std::char_traits<char>, std::allocator<char> > >, std::allocator<std::pair<std::__cxx11::basic_string<char, std::char_traits<char>, std::allocator<char> > const, std::__cxx11::basic_string<char, std::char_traits<char>, std::allocator<char> > > > > const&) (stl_map.h:349)
==22141==    by 0x402AA4D: Location::Location(Location const&) (Location.cpp:193)
==22141== 
==22141== 192 bytes in 2 blocks are still reachable in loss record 60 of 80
==22141==    at 0x48B1FD3: operator new(unsigned long) (vg_replace_malloc.c:487)
==22141==    by 0x40304BC: std::__new_allocator<std::_Rb_tree_node<std::pair<std::__cxx11::basic_string<char, std::char_traits<char>, std::allocator<char> > const, std::__cxx11::basic_string<char, std::char_traits<char>, std::allocator<char> > > > >::allocate(unsigned long, void const*) (new_allocator.h:151)
==22141==    by 0x402FA35: allocate (alloc_traits.h:142)
==22141==    by 0x402FA35: std::_Rb_tree<std::__cxx11::basic_string<char, std::char_traits<char>, std::allocator<char> >, std::pair<std::__cxx11::basic_string<char, std::char_traits<char>, std::allocator<char> > const, std::__cxx11::basic_string<char, std::char_traits<char>, std::allocator<char> > >, std::_Select1st<std::pair<std::__cxx11::basic_string<char, std::char_traits<char>, std::allocator<char> > const, std::__cxx11::basic_string<char, std::char_traits<char>, std::allocator<char> > > >, std::less<std::__cxx11::basic_string<char, std::char_traits<char>, std::allocator<char> > >, std::allocator<std::pair<std::__cxx11::basic_string<char, std::char_traits<char>, std::allocator<char> > const, std::__cxx11::basic_string<char, std::char_traits<char>, std::allocator<char> > > > >::_M_get_node() (stl_tree.h:1170)
==22141==    by 0x402F121: std::_Rb_tree<std::__cxx11::basic_string<char, std::char_traits<char>, std::allocator<char> >, std::pair<std::__cxx11::basic_string<char, std::char_traits<char>, std::allocator<char> > const, std::__cxx11::basic_string<char, std::char_traits<char>, std::allocator<char> > >, std::_Select1st<std::pair<std::__cxx11::basic_string<char, std::char_traits<char>, std::allocator<char> > const, std::__cxx11::basic_string<char, std::char_traits<char>, std::allocator<char> > > >, std::less<std::__cxx11::basic_string<char, std::char_traits<char>, std::allocator<char> > >, std::allocator<std::pair<std::__cxx11::basic_string<char, std::char_traits<char>, std::allocator<char> > const, std::__cxx11::basic_string<char, std::char_traits<char>, std::allocator<char> > > > >::_M_create_node(std::pair<std::__cxx11::basic_string<char, std::char_traits<char>, std::allocator<char> > const, std::__cxx11::basic_string<char, std::char_traits<char>, std::allocator<char> > > const&) (stl_tree.h:1225)
==22141==    by 0x403001B: std::_Rb_tree_node<std::pair<std::__cxx11::basic_string<char, std::char_traits<char>, std::allocator<char> > const, std::__cxx11::basic_string<char, std::char_traits<char>, std::allocator<char> > > >* std::_Rb_tree<std::__cxx11::basic_string<char, std::char_traits<char>, std::allocator<char> >, std::pair<std::__cxx11::basic_string<char, std::char_traits<char>, std::allocator<char> > const, std::__cxx11::basic_string<char, std::char_traits<char>, std::allocator<char> > >, std::_Select1st<std::pair<std::__cxx11::basic_string<char, std::char_traits<char>, std::allocator<char> > const, std::__cxx11::basic_string<char, std::char_traits<char>, std::allocator<char> > > >, std::less<std::__cxx11::basic_string<char, std::char_traits<char>, std::allocator<char> > >, std::allocator<std::pair<std::__cxx11::basic_string<char, std::char_traits<char>, std::allocator<char> > const, std::__cxx11::basic_string<char, std::char_traits<char>, std::allocator<char> > > > >::_Reuse_or_alloc_node::operator()<std::pair<std::__cxx11::basic_string<char, std::char_traits<char>, std::allocator<char> > const, std::__cxx11::basic_string<char, std::char_traits<char>, std::allocator<char> > > >(std::pair<std::__cxx11::basic_string<char, std::char_traits<char>, std::allocator<char> > const, std::__cxx11::basic_string<char, std::char_traits<char>, std::allocator<char> > > const&) (stl_tree.h:1083)
==22141==    by 0x402F8D9: std::_Rb_tree_node<std::pair<std::__cxx11::basic_string<char, std::char_traits<char>, std::allocator<char> > const, std::__cxx11::basic_string<char, std::char_traits<char>, std::allocator<char> > > >* std::_Rb_tree<std::__cxx11::basic_string<char, std::char_traits<char>, std::allocator<char> >, std::pair<std::__cxx11::basic_string<char, std::char_traits<char>, std::allocator<char> > const, std::__cxx11::basic_string<char, std::char_traits<char>, std::allocator<char> > >, std::_Select1st<std::pair<std::__cxx11::basic_string<char, std::char_traits<char>, std::allocator<char> > const, std::__cxx11::basic_string<char, std::char_traits<char>, std::allocator<char> > > >, std::less<std::__cxx11::basic_string<char, std::char_traits<char>, std::allocator<char> > >, std::allocator<std::pair<std::__cxx11::basic_string<char, std::char_traits<char>, std::allocator<char> > const, std::__cxx11::basic_string<char, std::char_traits<char>, std::allocator<char> > > > >::_M_clone_node<false, std::_Rb_tree<std::__cxx11::basic_string<char, std::char_traits<char>, std::allocator<char> >, std::pair<std::__cxx11::basic_string<char, std::char_traits<char>, std::allocator<char> > const, std::__cxx11::basic_string<char, std::char_traits<char>, std::allocator<char> > >, std::_Select1st<std::pair<std::__cxx11::basic_string<char, std::char_traits<char>, std::allocator<char> > const, std::__cxx11::basic_string<char, std::char_traits<char>, std::allocator<char> > > >, std::less<std::__cxx11::basic_string<char, std::char_traits<char>, std::allocator<char> > >, std::allocator<std::pair<std::__cxx11::basic_string<char, std::char_traits<char>, std::allocator<char> > const, std::__cxx11::basic_string<char, std::char_traits<char>, std::allocator<char> > > > >::_Reuse_or_alloc_node>(std::_Rb_tree_node<std::pair<std::__cxx11::basic_string<char, std::char_traits<char>, std::allocator<char> > const, std::__cxx11::basic_string<char, std::char_traits<char>, std::allocator<char> > > >*, std::_Rb_tree<std::__cxx11::basic_string<char, std::char_traits<char>, std::allocator<char> >, std::pair<std::__cxx11::basic_string<char, std::char_traits<char>, std::allocator<char> > const, std::__cxx11::basic_string<char, std::char_traits<char>, std::allocator<char> > >, std::_Select1st<std::pair<std::__cxx11::basic_string<char, std::char_traits<char>, std::allocator<char> > const, std::__cxx11::basic_string<char, std::char_traits<char>, std::allocator<char> > > >, std::less<std::__cxx11::basic_string<char, std::char_traits<char>, std::allocator<char> > >, std::allocator<std::pair<std::__cxx11::basic_string<char, std::char_traits<char>, std::allocator<char> > const, std::__cxx11::basic_string<char, std::char_traits<char>, std::allocator<char> > > > >::_Reuse_or_alloc_node&) (stl_tree.h:1287)
==22141==    by 0x402EDCF: std::_Rb_tree_node_base* std::_Rb_tree<std::__cxx11::basic_string<char, std::char_traits<char>, std::allocator<char> >, std::pair<std::__cxx11::basic_string<char, std::char_traits<char>, std::allocator<char> > const, std::__cxx11::basic_string<char, std::char_traits<char>, std::allocator<char> > >, std::_Select1st<std::pair<std::__cxx11::basic_string<char, std::char_traits<char>, std::allocator<char> > const, std::__cxx11::basic_string<char, std::char_traits<char>, std::allocator<char> > > >, std::less<std::__cxx11::basic_string<char, std::char_traits<char>, std::allocator<char> > >, std::allocator<std::pair<std::__cxx11::basic_string<char, std::char_traits<char>, std::allocator<char> > const, std::__cxx11::basic_string<char, std::char_traits<char>, std::allocator<char> > > > >::_M_copy<false, std::_Rb_tree<std::__cxx11::basic_string<char, std::char_traits<char>, std::allocator<char> >, std::pair<std::__cxx11::basic_string<char, std::char_traits<char>, std::allocator<char> > const, std::__cxx11::basic_string<char, std::char_traits<char>, std::allocator<char> > >, std::_Select1st<std::pair<std::__cxx11::basic_string<char, std::char_traits<char>, std::allocator<char> > const, std::__cxx11::basic_string<char, std::char_traits<char>, std::allocator<char> > > >, std::less<std::__cxx11::basic_string<char, std::char_traits<char>, std::allocator<char> > >, std::allocator<std::pair<std::__cxx11::basic_string<char, std::char_traits<char>, std::allocator<char> > const, std::__cxx11::basic_string<char, std::char_traits<char>, std::allocator<char> > > > >::_Reuse_or_alloc_node>(std::_Rb_tree_node<std::pair<std::__cxx11::basic_string<char, std::char_traits<char>, std::allocator<char> > const, std::__cxx11::basic_string<char, std::char_traits<char>, std::allocator<char> > > >*, std::_Rb_tree_node_base*, std::_Rb_tree<std::__cxx11::basic_string<char, std::char_traits<char>, std::allocator<char> >, std::pair<std::__cxx11::basic_string<char, std::char_traits<char>, std::allocator<char> > const, std::__cxx11::basic_string<char, std::char_traits<char>, std::allocator<char> > >, std::_Select1st<std::pair<std::__cxx11::basic_string<char, std::char_traits<char>, std::allocator<char> > const, std::__cxx11::basic_string<char, std::char_traits<char>, std::allocator<char> > > >, std::less<std::__cxx11::basic_string<char, std::char_traits<char>, std::allocator<char> > >, std::allocator<std::pair<std::__cxx11::basic_string<char, std::char_traits<char>, std::allocator<char> > const, std::__cxx11::basic_string<char, std::char_traits<char>, std::allocator<char> > > > >::_Reuse_or_alloc_node&) (stl_tree.h:2546)
==22141==    by 0x402E4B0: std::_Rb_tree_node_base* std::_Rb_tree<std::__cxx11::basic_string<char, std::char_traits<char>, std::allocator<char> >, std::pair<std::__cxx11::basic_string<char, std::char_traits<char>, std::allocator<char> > const, std::__cxx11::basic_string<char, std::char_traits<char>, std::allocator<char> > >, std::_Select1st<std::pair<std::__cxx11::basic_string<char, std::char_traits<char>, std::allocator<char> > const, std::__cxx11::basic_string<char, std::char_traits<char>, std::allocator<char> > > >, std::less<std::__cxx11::basic_string<char, std::char_traits<char>, std::allocator<char> > >, std::allocator<std::pair<std::__cxx11::basic_string<char, std::char_traits<char>, std::allocator<char> > const, std::__cxx11::basic_string<char, std::char_traits<char>, std::allocator<char> > > > >::_M_copy<false, std::_Rb_tree<std::__cxx11::basic_string<char, std::char_traits<char>, std::allocator<char> >, std::pair<std::__cxx11::basic_string<char, std::char_traits<char>, std::allocator<char> > const, std::__cxx11::basic_string<char, std::char_traits<char>, std::allocator<char> > >, std::_Select1st<std::pair<std::__cxx11::basic_string<char, std::char_traits<char>, std::allocator<char> > const, std::__cxx11::basic_string<char, std::char_traits<char>, std::allocator<char> > > >, std::less<std::__cxx11::basic_string<char, std::char_traits<char>, std::allocator<char> > >, std::allocator<std::pair<std::__cxx11::basic_string<char, std::char_traits<char>, std::allocator<char> > const, std::__cxx11::basic_string<char, std::char_traits<char>, std::allocator<char> > > > >::_Reuse_or_alloc_node>(std::_Rb_tree<std::__cxx11::basic_string<char, std::char_traits<char>, std::allocator<char> >, std::pair<std::__cxx11::basic_string<char, std::char_traits<char>, std::allocator<char> > const, std::__cxx11::basic_string<char, std::char_traits<char>, std::allocator<char> > >, std::_Select1st<std::pair<std::__cxx11::basic_string<char, std::char_traits<char>, std::allocator<char> > const, std::__cxx11::basic_string<char, std::char_traits<char>, std::allocator<char> > > >, std::less<std::__cxx11::basic_string<char, std::char_traits<char>, std::allocator<char> > >, std::allocator<std::pair<std::__cxx11::basic_string<char, std::char_traits<char>, std::allocator<char> > const, std::__cxx11::basic_string<char, std::char_traits<char>, std::allocator<char> > > > > const&, std::_Rb_tree<std::__cxx11::basic_string<char, std::char_traits<char>, std::allocator<char> >, std::pair<std::__cxx11::basic_string<char, std::char_traits<char>, std::allocator<char> > const, std::__cxx11::basic_string<char, std::char_traits<char>, std::allocator<char> > >, std::_Select1st<std::pair<std::__cxx11::basic_string<char, std::char_traits<char>, std::allocator<char> > const, std::__cxx11::basic_string<char, std::char_traits<char>, std::allocator<char> > > >, std::less<std::__cxx11::basic_string<char, std::char_traits<char>, std::allocator<char> > >, std::allocator<std::pair<std::__cxx11::basic_string<char, std::char_traits<char>, std::allocator<char> > const, std::__cxx11::basic_string<char, std::char_traits<char>, std::allocator<char> > > > >::_Reuse_or_alloc_node&) (stl_tree.h:1523)
==22141==    by 0x402D48B: std::_Rb_tree<std::__cxx11::basic_string<char, std::char_traits<char>, std::allocator<char> >, std::pair<std::__cxx11::basic_string<char, std::char_traits<char>, std::allocator<char> > const, std::__cxx11::basic_string<char, std::char_traits<char>, std::allocator<char> > >, std::_Select1st<std::pair<std::__cxx11::basic_string<char, std::char_traits<char>, std::allocator<char> > const, std::__cxx11::basic_string<char, std::char_traits<char>, std::allocator<char> > > >, std::less<std::__cxx11::basic_string<char, std::char_traits<char>, std::allocator<char> > >, std::allocator<std::pair<std::__cxx11::basic_string<char, std::char_traits<char>, std::allocator<char> > const, std::__cxx11::basic_string<char, std::char_traits<char>, std::allocator<char> > > > >::operator=(std::_Rb_tree<std::__cxx11::basic_string<char, std::char_traits<char>, std::allocator<char> >, std::pair<std::__cxx11::basic_string<char, std::char_traits<char>, std::allocator<char> > const, std::__cxx11::basic_string<char, std::char_traits<char>, std::allocator<char> > >, std::_Select1st<std::pair<std::__cxx11::basic_string<char, std::char_traits<char>, std::allocator<char> > const, std::__cxx11::basic_string<char, std::char_traits<char>, std::allocator<char> > > >, std::less<std::__cxx11::basic_string<char, std::char_traits<char>, std::allocator<char> > >, std::allocator<std::pair<std::__cxx11::basic_string<char, std::char_traits<char>, std::allocator<char> > const, std::__cxx11::basic_string<char, std::char_traits<char>, std::allocator<char> > > > > const&) (stl_tree.h:2453)
==22141==    by 0x402C9AA: std::map<std::__cxx11::basic_string<char, std::char_traits<char>, std::allocator<char> >, std::__cxx11::basic_string<char, std::char_traits<char>, std::allocator<char> >, std::less<std::__cxx11::basic_string<char, std::char_traits<char>, std::allocator<char> > >, std::allocator<std::pair<std::__cxx11::basic_string<char, std::char_traits<char>, std::allocator<char> > const, std::__cxx11::basic_string<char, std::char_traits<char>, std::allocator<char> > > > >::operator=(std::map<std::__cxx11::basic_string<char, std::char_traits<char>, std::allocator<char> >, std::__cxx11::basic_string<char, std::char_traits<char>, std::allocator<char> >, std::less<std::__cxx11::basic_string<char, std::char_traits<char>, std::allocator<char> > >, std::allocator<std::pair<std::__cxx11::basic_string<char, std::char_traits<char>, std::allocator<char> > const, std::__cxx11::basic_string<char, std::char_traits<char>, std::allocator<char> > > > > const&) (stl_map.h:349)
==22141==    by 0x402AA4D: Location::Location(Location const&) (Location.cpp:193)
==22141==    by 0x4013423: void std::_Construct<Location, Location>(Location*, Location const&) (stl_construct.h:142)
==22141== 
==22141== 222 bytes in 6 blocks are still reachable in loss record 61 of 80
==22141==    at 0x48B1FD3: operator new(unsigned long) (vg_replace_malloc.c:487)
==22141==    by 0x4012C5C: std::__new_allocator<char>::allocate(unsigned long, void const*) (new_allocator.h:151)
==22141==    by 0x4010DF6: allocate (alloc_traits.h:142)
==22141==    by 0x4010DF6: std::__cxx11::basic_string<char, std::char_traits<char>, std::allocator<char> >::_S_allocate(std::allocator<char>&, unsigned long) (basic_string.h:142)
==22141==    by 0x400F609: std::__cxx11::basic_string<char, std::char_traits<char>, std::allocator<char> >::_M_create(unsigned long&, unsigned long) (basic_string.tcc:164)
==22141==    by 0x400F979: std::__cxx11::basic_string<char, std::char_traits<char>, std::allocator<char> >::_M_assign(std::__cxx11::basic_string<char, std::char_traits<char>, std::allocator<char> > const&) (basic_string.tcc:319)
==22141==    by 0x400D070: std::__cxx11::basic_string<char, std::char_traits<char>, std::allocator<char> >::assign(std::__cxx11::basic_string<char, std::char_traits<char>, std::allocator<char> > const&) (basic_string.h:1771)
==22141==    by 0x400AF4C: std::__cxx11::basic_string<char, std::char_traits<char>, std::allocator<char> >::operator=(std::__cxx11::basic_string<char, std::char_traits<char>, std::allocator<char> > const&) (basic_string.h:906)
==22141==    by 0x402C21A: std::pair<std::__cxx11::basic_string<char, std::char_traits<char>, std::allocator<char> >, unsigned long>::operator=(std::pair<std::__cxx11::basic_string<char, std::char_traits<char>, std::allocator<char> >, unsigned long> const&) (stl_pair.h:302)
==22141==    by 0x402A9DC: Location::Location(Location const&) (Location.cpp:189)
==22141==    by 0x4013423: void std::_Construct<Location, Location>(Location*, Location const&) (stl_construct.h:142)
==22141==    by 0x40132B8: Location* std::__do_uninit_copy<__gnu_cxx::__normal_iterator<Location const*, std::vector<Location, std::allocator<Location> > >, __gnu_cxx::__normal_iterator<Location const*, std::vector<Location, std::allocator<Location> > >, Location*>(__gnu_cxx::__normal_iterator<Location const*, std::vector<Location, std::allocator<Location> > >, __gnu_cxx::__normal_iterator<Location const*, std::vector<Location, std::allocator<Location> > >, Location*) (stl_uninitialized.h:145)
==22141==    by 0x401212D: Location* std::__uninitialized_copy<false>::__uninit_copy<__gnu_cxx::__normal_iterator<Location const*, std::vector<Location, std::allocator<Location> > >, Location*>(__gnu_cxx::__normal_iterator<Location const*, std::vector<Location, std::allocator<Location> > >, __gnu_cxx::__normal_iterator<Location const*, std::vector<Location, std::allocator<Location> > >, Location*) (stl_uninitialized.h:170)
==22141== 
==22141== 225 bytes in 3 blocks are still reachable in loss record 62 of 80
==22141==    at 0x48B1FD3: operator new(unsigned long) (vg_replace_malloc.c:487)
==22141==    by 0x4012C5C: std::__new_allocator<char>::allocate(unsigned long, void const*) (new_allocator.h:151)
==22141==    by 0x4010DF6: allocate (alloc_traits.h:142)
==22141==    by 0x4010DF6: std::__cxx11::basic_string<char, std::char_traits<char>, std::allocator<char> >::_S_allocate(std::allocator<char>&, unsigned long) (basic_string.h:142)
==22141==    by 0x400F609: std::__cxx11::basic_string<char, std::char_traits<char>, std::allocator<char> >::_M_create(unsigned long&, unsigned long) (basic_string.tcc:164)
==22141==    by 0x400F979: std::__cxx11::basic_string<char, std::char_traits<char>, std::allocator<char> >::_M_assign(std::__cxx11::basic_string<char, std::char_traits<char>, std::allocator<char> > const&) (basic_string.tcc:319)
==22141==    by 0x400D070: std::__cxx11::basic_string<char, std::char_traits<char>, std::allocator<char> >::assign(std::__cxx11::basic_string<char, std::char_traits<char>, std::allocator<char> > const&) (basic_string.h:1771)
==22141==    by 0x400AF4C: std::__cxx11::basic_string<char, std::char_traits<char>, std::allocator<char> >::operator=(std::__cxx11::basic_string<char, std::char_traits<char>, std::allocator<char> > const&) (basic_string.h:906)
==22141==    by 0x403D569: Request::parseHeader(std::__cxx11::basic_string<char, std::char_traits<char>, std::allocator<char> >&) (Request.cpp:326)
==22141==    by 0x4019656: Client::setRequestHeader(std::__cxx11::basic_string<char, std::char_traits<char>, std::allocator<char> >&) (Client.cpp:102)
==22141==    by 0x401D4D9: Loop::_parsingRequest(int) (Loop.cpp:356)
==22141==    by 0x401DAFA: Loop::_getRequest(int) (Loop.cpp:435)
==22141==    by 0x401EAA4: Loop::runLoop() (Loop.cpp:583)
==22141== 
==22141== 232 bytes in 1 blocks are still reachable in loss record 63 of 80
==22141==    at 0x48B1FD3: operator new(unsigned long) (vg_replace_malloc.c:487)
==22141==    by 0x40174CE: std::__new_allocator<Server>::allocate(unsigned long, void const*) (new_allocator.h:151)
==22141==    by 0x4016888: allocate (alloc_traits.h:142)
==22141==    by 0x4016888: std::_Vector_base<Server, std::allocator<Server> >::_M_allocate(unsigned long) (stl_vector.h:387)
==22141==    by 0x4015F32: Server* std::vector<Server, std::allocator<Server> >::_M_allocate_and_copy<__gnu_cxx::__normal_iterator<Server const*, std::vector<Server, std::allocator<Server> > > >(unsigned long, __gnu_cxx::__normal_iterator<Server const*, std::vector<Server, std::allocator<Server> > >, __gnu_cxx::__normal_iterator<Server const*, std::vector<Server, std::allocator<Server> > >) (stl_vector.h:1910)
==22141==    by 0x401501A: std::vector<Server, std::allocator<Server> >::operator=(std::vector<Server, std::allocator<Server> > const&) (vector.tcc:238)
==22141==    by 0x4014315: main (main.cpp:59)
==22141== 
==22141== 245 bytes in 9 blocks are still reachable in loss record 64 of 80
==22141==    at 0x48B1FD3: operator new(unsigned long) (vg_replace_malloc.c:487)
==22141==    by 0x4012C5C: std::__new_allocator<char>::allocate(unsigned long, void const*) (new_allocator.h:151)
==22141==    by 0x4010DF6: allocate (alloc_traits.h:142)
==22141==    by 0x4010DF6: std::__cxx11::basic_string<char, std::char_traits<char>, std::allocator<char> >::_S_allocate(std::allocator<char>&, unsigned long) (basic_string.h:142)
==22141==    by 0x400F609: std::__cxx11::basic_string<char, std::char_traits<char>, std::allocator<char> >::_M_create(unsigned long&, unsigned long) (basic_string.tcc:164)
==22141==    by 0x400CB7B: void std::__cxx11::basic_string<char, std::char_traits<char>, std::allocator<char> >::_M_construct<true>(char const*, unsigned long) (basic_string.tcc:291)
==22141==    by 0x400AC80: std::__cxx11::basic_string<char, std::char_traits<char>, std::allocator<char> >::basic_string(std::__cxx11::basic_string<char, std::char_traits<char>, std::allocator<char> > const&) (basic_string.h:617)
==22141==    by 0x4012D17: void std::_Construct<std::__cxx11::basic_string<char, std::char_traits<char>, std::allocator<char> >, std::__cxx11::basic_string<char, std::char_traits<char>, std::allocator<char> > >(std::__cxx11::basic_string<char, std::char_traits<char>, std::allocator<char> >*, std::__cxx11::basic_string<char, std::char_traits<char>, std::allocator<char> > const&) (stl_construct.h:142)
==22141==    by 0x40124DB: std::__cxx11::basic_string<char, std::char_traits<char>, std::allocator<char> >* std::__do_uninit_copy<std::__cxx11::basic_string<char, std::char_traits<char>, std::allocator<char> >*, std::__cxx11::basic_string<char, std::char_traits<char>, std::allocator<char> >*, std::__cxx11::basic_string<char, std::char_traits<char>, std::allocator<char> >*>(std::__cxx11::basic_string<char, std::char_traits<char>, std::allocator<char> >*, std::__cxx11::basic_string<char, std::char_traits<char>, std::allocator<char> >*, std::__cxx11::basic_string<char, std::char_traits<char>, std::allocator<char> >*) (stl_uninitialized.h:145)
==22141==    by 0x401182A: std::__cxx11::basic_string<char, std::char_traits<char>, std::allocator<char> >* std::__uninitialized_copy<false>::__uninit_copy<std::__cxx11::basic_string<char, std::char_traits<char>, std::allocator<char> >*, std::__cxx11::basic_string<char, std::char_traits<char>, std::allocator<char> >*>(std::__cxx11::basic_string<char, std::char_traits<char>, std::allocator<char> >*, std::__cxx11::basic_string<char, std::char_traits<char>, std::allocator<char> >*, std::__cxx11::basic_string<char, std::char_traits<char>, std::allocator<char> >*) (stl_uninitialized.h:170)
==22141==    by 0x4010504: std::__cxx11::basic_string<char, std::char_traits<char>, std::allocator<char> >* std::uninitialized_copy<std::__cxx11::basic_string<char, std::char_traits<char>, std::allocator<char> >*, std::__cxx11::basic_string<char, std::char_traits<char>, std::allocator<char> >*>(std::__cxx11::basic_string<char, std::char_traits<char>, std::allocator<char> >*, std::__cxx11::basic_string<char, std::char_traits<char>, std::allocator<char> >*, std::__cxx11::basic_string<char, std::char_traits<char>, std::allocator<char> >*) (stl_uninitialized.h:315)
==22141==    by 0x400E7B4: std::__cxx11::basic_string<char, std::char_traits<char>, std::allocator<char> >* std::__uninitialized_copy_a<std::__cxx11::basic_string<char, std::char_traits<char>, std::allocator<char> >*, std::__cxx11::basic_string<char, std::char_traits<char>, std::allocator<char> >*, std::__cxx11::basic_string<char, std::char_traits<char>, std::allocator<char> >*, std::__cxx11::basic_string<char, std::char_traits<char>, std::allocator<char> > >(std::__cxx11::basic_string<char, std::char_traits<char>, std::allocator<char> >*, std::__cxx11::basic_string<char, std::char_traits<char>, std::allocator<char> >*, std::__cxx11::basic_string<char, std::char_traits<char>, std::allocator<char> >*, std::allocator<std::__cxx11::basic_string<char, std::char_traits<char>, std::allocator<char> > >&) (stl_uninitialized.h:637)
==22141==    by 0x401012C: std::__cxx11::basic_string<char, std::char_traits<char>, std::allocator<char> >* std::__uninitialized_move_if_noexcept_a<std::__cxx11::basic_string<char, std::char_traits<char>, std::allocator<char> >*, std::__cxx11::basic_string<char, std::char_traits<char>, std::allocator<char> >*, std::allocator<std::__cxx11::basic_string<char, std::char_traits<char>, std::allocator<char> > > >(std::__cxx11::basic_string<char, std::char_traits<char>, std::allocator<char> >*, std::__cxx11::basic_string<char, std::char_traits<char>, std::allocator<char> >*, std::__cxx11::basic_string<char, std::char_traits<char>, std::allocator<char> >*, std::allocator<std::__cxx11::basic_string<char, std::char_traits<char>, std::allocator<char> > >&) (stl_uninitialized.h:664)
==22141== 
==22141== 296 bytes in 1 blocks are still reachable in loss record 65 of 80
==22141==    at 0x48B1FD3: operator new(unsigned long) (vg_replace_malloc.c:487)
==22141==    by 0x4022CCE: std::__new_allocator<std::_Rb_tree_node<std::pair<std::__cxx11::basic_string<char, std::char_traits<char>, std::allocator<char> > const, Server> > >::allocate(unsigned long, void const*) (new_allocator.h:151)
==22141==    by 0x4022A9D: allocate (alloc_traits.h:142)
==22141==    by 0x4022A9D: std::_Rb_tree<std::__cxx11::basic_string<char, std::char_traits<char>, std::allocator<char> >, std::pair<std::__cxx11::basic_string<char, std::char_traits<char>, std::allocator<char> > const, Server>, std::_Select1st<std::pair<std::__cxx11::basic_string<char, std::char_traits<char>, std::allocator<char> > const, Server> >, std::less<std::__cxx11::basic_string<char, std::char_traits<char>, std::allocator<char> > >, std::allocator<std::pair<std::__cxx11::basic_string<char, std::char_traits<char>, std::allocator<char> > const, Server> > >::_M_get_node() (stl_tree.h:1170)
==22141==    by 0x4022A3B: std::_Rb_tree<std::__cxx11::basic_string<char, std::char_traits<char>, std::allocator<char> >, std::pair<std::__cxx11::basic_string<char, std::char_traits<char>, std::allocator<char> > const, Server>, std::_Select1st<std::pair<std::__cxx11::basic_string<char, std::char_traits<char>, std::allocator<char> > const, Server> >, std::less<std::__cxx11::basic_string<char, std::char_traits<char>, std::allocator<char> > >, std::allocator<std::pair<std::__cxx11::basic_string<char, std::char_traits<char>, std::allocator<char> > const, Server> > >::_M_create_node(std::pair<std::__cxx11::basic_string<char, std::char_traits<char>, std::allocator<char> > const, Server> const&) (stl_tree.h:1225)
==22141==    by 0x402262B: std::_Rb_tree_node<std::pair<std::__cxx11::basic_string<char, std::char_traits<char>, std::allocator<char> > const, Server> >* std::_Rb_tree<std::__cxx11::basic_string<char, std::char_traits<char>, std::allocator<char> >, std::pair<std::__cxx11::basic_string<char, std::char_traits<char>, std::allocator<char> > const, Server>, std::_Select1st<std::pair<std::__cxx11::basic_string<char, std::char_traits<char>, std::allocator<char> > const, Server> >, std::less<std::__cxx11::basic_string<char, std::char_traits<char>, std::allocator<char> > >, std::allocator<std::pair<std::__cxx11::basic_string<char, std::char_traits<char>, std::allocator<char> > const, Server> > >::_Alloc_node::operator()<std::pair<std::__cxx11::basic_string<char, std::char_traits<char>, std::allocator<char> > const, Server> >(std::pair<std::__cxx11::basic_string<char, std::char_traits<char>, std::allocator<char> > const, Server> const&) const (stl_tree.h:1136)
==22141==    by 0x4021F3C: std::_Rb_tree_iterator<std::pair<std::__cxx11::basic_string<char, std::char_traits<char>, std::allocator<char> > const, Server> > std::_Rb_tree<std::__cxx11::basic_string<char, std::char_traits<char>, std::allocator<char> >, std::pair<std::__cxx11::basic_string<char, std::char_traits<char>, std::allocator<char> > const, Server>, std::_Select1st<std::pair<std::__cxx11::basic_string<char, std::char_traits<char>, std::allocator<char> > const, Server> >, std::less<std::__cxx11::basic_string<char, std::char_traits<char>, std::allocator<char> > >, std::allocator<std::pair<std::__cxx11::basic_string<char, std::char_traits<char>, std::allocator<char> > const, Server> > >::_M_insert_<std::_Rb_tree<std::__cxx11::basic_string<char, std::char_traits<char>, std::allocator<char> >, std::pair<std::__cxx11::basic_string<char, std::char_traits<char>, std::allocator<char> > const, Server>, std::_Select1st<std::pair<std::__cxx11::basic_string<char, std::char_traits<char>, std::allocator<char> > const, Server> >, std::less<std::__cxx11::basic_string<char, std::char_traits<char>, std::allocator<char> > >, std::allocator<std::pair<std::__cxx11::basic_string<char, std::char_traits<char>, std::allocator<char> > const, Server> > >::_Alloc_node>(std::_Rb_tree_node_base*, std::_Rb_tree_node_base*, std::pair<std::__cxx11::basic_string<char, std::char_traits<char>, std::allocator<char> > const, Server> const&, std::_Rb_tree<std::__cxx11::basic_string<char, std::char_traits<char>, std::allocator<char> >, std::pair<std::__cxx11::basic_string<char, std::char_traits<char>, std::allocator<char> > const, Server>, std::_Select1st<std::pair<std::__cxx11::basic_string<char, std::char_traits<char>, std::allocator<char> > const, Server> >, std::less<std::__cxx11::basic_string<char, std::char_traits<char>, std::allocator<char> > >, std::allocator<std::pair<std::__cxx11::basic_string<char, std::char_traits<char>, std::allocator<char> > const, Server> > >::_Alloc_node&) (stl_tree.h:2481)
==22141==    by 0x402186F: std::_Rb_tree_iterator<std::pair<std::__cxx11::basic_string<char, std::char_traits<char>, std::allocator<char> > const, Server> > std::_Rb_tree<std::__cxx11::basic_string<char, std::char_traits<char>, std::allocator<char> >, std::pair<std::__cxx11::basic_string<char, std::char_traits<char>, std::allocator<char> > const, Server>, std::_Select1st<std::pair<std::__cxx11::basic_string<char, std::char_traits<char>, std::allocator<char> > const, Server> >, std::less<std::__cxx11::basic_string<char, std::char_traits<char>, std::allocator<char> > >, std::allocator<std::pair<std::__cxx11::basic_string<char, std::char_traits<char>, std::allocator<char> > const, Server> > >::_M_insert_unique_<std::_Rb_tree<std::__cxx11::basic_string<char, std::char_traits<char>, std::allocator<char> >, std::pair<std::__cxx11::basic_string<char, std::char_traits<char>, std::allocator<char> > const, Server>, std::_Select1st<std::pair<std::__cxx11::basic_string<char, std::char_traits<char>, std::allocator<char> > const, Server> >, std::less<std::__cxx11::basic_string<char, std::char_traits<char>, std::allocator<char> > >, std::allocator<std::pair<std::__cxx11::basic_string<char, std::char_traits<char>, std::allocator<char> > const, Server> > >::_Alloc_node>(std::_Rb_tree_const_iterator<std::pair<std::__cxx11::basic_string<char, std::char_traits<char>, std::allocator<char> > const, Server> >, std::pair<std::__cxx11::basic_string<char, std::char_traits<char>, std::allocator<char> > const, Server> const&, std::_Rb_tree<std::__cxx11::basic_string<char, std::char_traits<char>, std::allocator<char> >, std::pair<std::__cxx11::basic_string<char, std::char_traits<char>, std::allocator<char> > const, Server>, std::_Select1st<std::pair<std::__cxx11::basic_string<char, std::char_traits<char>, std::allocator<char> > const, Server> >, std::less<std::__cxx11::basic_string<char, std::char_traits<char>, std::allocator<char> > >, std::allocator<std::pair<std::__cxx11::basic_string<char, std::char_traits<char>, std::allocator<char> > const, Server> > >::_Alloc_node&) (stl_tree.h:2905)
==22141==    by 0x4020DE3: std::_Rb_tree<std::__cxx11::basic_string<char, std::char_traits<char>, std::allocator<char> >, std::pair<std::__cxx11::basic_string<char, std::char_traits<char>, std::allocator<char> > const, Server>, std::_Select1st<std::pair<std::__cxx11::basic_string<char, std::char_traits<char>, std::allocator<char> > const, Server> >, std::less<std::__cxx11::basic_string<char, std::char_traits<char>, std::allocator<char> > >, std::allocator<std::pair<std::__cxx11::basic_string<char, std::char_traits<char>, std::allocator<char> > const, Server> > >::_M_insert_unique_(std::_Rb_tree_const_iterator<std::pair<std::__cxx11::basic_string<char, std::char_traits<char>, std::allocator<char> > const, Server> >, std::pair<std::__cxx11::basic_string<char, std::char_traits<char>, std::allocator<char> > const, Server> const&) (stl_tree.h:1770)
==22141==    by 0x401FF8B: std::map<std::__cxx11::basic_string<char, std::char_traits<char>, std::allocator<char> >, Server, std::less<std::__cxx11::basic_string<char, std::char_traits<char>, std::allocator<char> > >, std::allocator<std::pair<std::__cxx11::basic_string<char, std::char_traits<char>, std::allocator<char> > const, Server> > >::insert(std::_Rb_tree_iterator<std::pair<std::__cxx11::basic_string<char, std::char_traits<char>, std::allocator<char> > const, Server> >, std::pair<std::__cxx11::basic_string<char, std::char_traits<char>, std::allocator<char> > const, Server> const&) (stl_map.h:954)
==22141==    by 0x401F64A: std::map<std::__cxx11::basic_string<char, std::char_traits<char>, std::allocator<char> >, Server, std::less<std::__cxx11::basic_string<char, std::char_traits<char>, std::allocator<char> > >, std::allocator<std::pair<std::__cxx11::basic_string<char, std::char_traits<char>, std::allocator<char> > const, Server> > >::operator[](std::__cxx11::basic_string<char, std::char_traits<char>, std::allocator<char> > const&) (stl_map.h:540)
==22141==    by 0x401C2B9: Loop::_createMapServer(std::vector<Server, std::allocator<Server> >) (Loop.cpp:79)
==22141==    by 0x401BBBE: Loop::Loop(std::vector<Server, std::allocator<Server> >) (Loop.cpp:19)
==22141== 
==22141== 512 bytes in 1 blocks are still reachable in loss record 66 of 80
==22141==    at 0x48B1FD3: operator new(unsigned long) (vg_replace_malloc.c:487)
==22141==    by 0x40123B1: std::__new_allocator<std::__cxx11::basic_string<char, std::char_traits<char>, std::allocator<char> > >::allocate(unsigned long, void const*) (new_allocator.h:151)
==22141==    by 0x401006E: allocate (alloc_traits.h:142)
==22141==    by 0x401006E: std::_Vector_base<std::__cxx11::basic_string<char, std::char_traits<char>, std::allocator<char> >, std::allocator<std::__cxx11::basic_string<char, std::char_traits<char>, std::allocator<char> > > >::_M_allocate(unsigned long) (stl_vector.h:387)
==22141==    by 0x400DC65: std::vector<std::__cxx11::basic_string<char, std::char_traits<char>, std::allocator<char> >, std::allocator<std::__cxx11::basic_string<char, std::char_traits<char>, std::allocator<char> > > >::_M_realloc_append(std::__cxx11::basic_string<char, std::char_traits<char>, std::allocator<char> > const&) (vector.tcc:573)
==22141==    by 0x400B603: std::vector<std::__cxx11::basic_string<char, std::char_traits<char>, std::allocator<char> >, std::allocator<std::__cxx11::basic_string<char, std::char_traits<char>, std::allocator<char> > > >::push_back(std::__cxx11::basic_string<char, std::char_traits<char>, std::allocator<char> > const&) (stl_vector.h:1427)
==22141==    by 0x4046478: Envp::setEnv(std::__cxx11::basic_string<char, std::char_traits<char>, std::allocator<char> >, std::__cxx11::basic_string<char, std::char_traits<char>, std::allocator<char> >, Request&) (Envp.cpp:39)
==22141==    by 0x4043FC7: CGI::setEnvp(Server&, Request&) (CGI.cpp:75)
==22141==    by 0x4019CBA: Client::startCGI(Server&, Epoll&) (Client.cpp:197)
==22141==    by 0x401EBF6: Loop::runLoop() (Loop.cpp:593)
==22141==    by 0x4014393: main (main.cpp:62)
==22141== 
==22141== 600 bytes in 1 blocks are still reachable in loss record 67 of 80
==22141==    at 0x48B1FD3: operator new(unsigned long) (vg_replace_malloc.c:487)
==22141==    by 0x401D24E: Loop::_acceptClient(int) (Loop.cpp:336)
==22141==    by 0x401EA24: Loop::runLoop() (Loop.cpp:579)
==22141==    by 0x4014393: main (main.cpp:62)
==22141== 
==22141== 864 bytes in 12 blocks are still reachable in loss record 68 of 80
==22141==    at 0x48B1FD3: operator new(unsigned long) (vg_replace_malloc.c:487)
==22141==    by 0x40305AF: std::__new_allocator<std::_Rb_tree_node<std::pair<std::__cxx11::basic_string<char, std::char_traits<char>, std::allocator<char> > const, bool> > >::allocate(unsigned long, void const*) (new_allocator.h:151)
==22141==    by 0x40304FF: allocate (alloc_traits.h:142)
==22141==    by 0x40304FF: std::_Rb_tree<std::__cxx11::basic_string<char, std::char_traits<char>, std::allocator<char> >, std::pair<std::__cxx11::basic_string<char, std::char_traits<char>, std::allocator<char> > const, bool>, std::_Select1st<std::pair<std::__cxx11::basic_string<char, std::char_traits<char>, std::allocator<char> > const, bool> >, std::less<std::__cxx11::basic_string<char, std::char_traits<char>, std::allocator<char> > >, std::allocator<std::pair<std::__cxx11::basic_string<char, std::char_traits<char>, std::allocator<char> > const, bool> > >::_M_get_node() (stl_tree.h:1170)
==22141==    by 0x40300A9: std::_Rb_tree<std::__cxx11::basic_string<char, std::char_traits<char>, std::allocator<char> >, std::pair<std::__cxx11::basic_string<char, std::char_traits<char>, std::allocator<char> > const, bool>, std::_Select1st<std::pair<std::__cxx11::basic_string<char, std::char_traits<char>, std::allocator<char> > const, bool> >, std::less<std::__cxx11::basic_string<char, std::char_traits<char>, std::allocator<char> > >, std::allocator<std::pair<std::__cxx11::basic_string<char, std::char_traits<char>, std::allocator<char> > const, bool> > >::_M_create_node(std::pair<std::__cxx11::basic_string<char, std::char_traits<char>, std::allocator<char> > const, bool> const&) (stl_tree.h:1225)
==22141==    by 0x402FF8D: std::_Rb_tree_node<std::pair<std::__cxx11::basic_string<char, std::char_traits<char>, std::allocator<char> > const, bool> >* std::_Rb_tree<std::__cxx11::basic_string<char, std::char_traits<char>, std::allocator<char> >, std::pair<std::__cxx11::basic_string<char, std::char_traits<char>, std::allocator<char> > const, bool>, std::_Select1st<std::pair<std::__cxx11::basic_string<char, std::char_traits<char>, std::allocator<char> > const, bool> >, std::less<std::__cxx11::basic_string<char, std::char_traits<char>, std::allocator<char> > >, std::allocator<std::pair<std::__cxx11::basic_string<char, std::char_traits<char>, std::allocator<char> > const, bool> > >::_Reuse_or_alloc_node::operator()<std::pair<std::__cxx11::basic_string<char, std::char_traits<char>, std::allocator<char> > const, bool> >(std::pair<std::__cxx11::basic_string<char, std::char_traits<char>, std::allocator<char> > const, bool> const&) (stl_tree.h:1083)
==22141==    by 0x402F871: std::_Rb_tree_node<std::pair<std::__cxx11::basic_string<char, std::char_traits<char>, std::allocator<char> > const, bool> >* std::_Rb_tree<std::__cxx11::basic_string<char, std::char_traits<char>, std::allocator<char> >, std::pair<std::__cxx11::basic_string<char, std::char_traits<char>, std::allocator<char> > const, bool>, std::_Select1st<std::pair<std::__cxx11::basic_string<char, std::char_traits<char>, std::allocator<char> > const, bool> >, std::less<std::__cxx11::basic_string<char, std::char_traits<char>, std::allocator<char> > >, std::allocator<std::pair<std::__cxx11::basic_string<char, std::char_traits<char>, std::allocator<char> > const, bool> > >::_M_clone_node<false, std::_Rb_tree<std::__cxx11::basic_string<char, std::char_traits<char>, std::allocator<char> >, std::pair<std::__cxx11::basic_string<char, std::char_traits<char>, std::allocator<char> > const, bool>, std::_Select1st<std::pair<std::__cxx11::basic_string<char, std::char_traits<char>, std::allocator<char> > const, bool> >, std::less<std::__cxx11::basic_string<char, std::char_traits<char>, std::allocator<char> > >, std::allocator<std::pair<std::__cxx11::basic_string<char, std::char_traits<char>, std::allocator<char> > const, bool> > >::_Reuse_or_alloc_node>(std::_Rb_tree_node<std::pair<std::__cxx11::basic_string<char, std::char_traits<char>, std::allocator<char> > const, bool> >*, std::_Rb_tree<std::__cxx11::basic_string<char, std::char_traits<char>, std::allocator<char> >, std::pair<std::__cxx11::basic_string<char, std::char_traits<char>, std::allocator<char> > const, bool>, std::_Select1st<std::pair<std::__cxx11::basic_string<char, std::char_traits<char>, std::allocator<char> > const, bool> >, std::less<std::__cxx11::basic_string<char, std::char_traits<char>, std::allocator<char> > >, std::allocator<std::pair<std::__cxx11::basic_string<char, std::char_traits<char>, std::allocator<char> > const, bool> > >::_Reuse_or_alloc_node&) (stl_tree.h:1287)
==22141==    by 0x402EC1D: std::_Rb_tree_node_base* std::_Rb_tree<std::__cxx11::basic_string<char, std::char_traits<char>, std::allocator<char> >, std::pair<std::__cxx11::basic_string<char, std::char_traits<char>, std::allocator<char> > const, bool>, std::_Select1st<std::pair<std::__cxx11::basic_string<char, std::char_traits<char>, std::allocator<char> > const, bool> >, std::less<std::__cxx11::basic_string<char, std::char_traits<char>, std::allocator<char> > >, std::allocator<std::pair<std::__cxx11::basic_string<char, std::char_traits<char>, std::allocator<char> > const, bool> > >::_M_copy<false, std::_Rb_tree<std::__cxx11::basic_string<char, std::char_traits<char>, std::allocator<char> >, std::pair<std::__cxx11::basic_string<char, std::char_traits<char>, std::allocator<char> > const, bool>, std::_Select1st<std::pair<std::__cxx11::basic_string<char, std::char_traits<char>, std::allocator<char> > const, bool> >, std::less<std::__cxx11::basic_string<char, std::char_traits<char>, std::allocator<char> > >, std::allocator<std::pair<std::__cxx11::basic_string<char, std::char_traits<char>, std::allocator<char> > const, bool> > >::_Reuse_or_alloc_node>(std::_Rb_tree_node<std::pair<std::__cxx11::basic_string<char, std::char_traits<char>, std::allocator<char> > const, bool> >*, std::_Rb_tree_node_base*, std::_Rb_tree<std::__cxx11::basic_string<char, std::char_traits<char>, std::allocator<char> >, std::pair<std::__cxx11::basic_string<char, std::char_traits<char>, std::allocator<char> > const, bool>, std::_Select1st<std::pair<std::__cxx11::basic_string<char, std::char_traits<char>, std::allocator<char> > const, bool> >, std::less<std::__cxx11::basic_string<char, std::char_traits<char>, std::allocator<char> > >, std::allocator<std::pair<std::__cxx11::basic_string<char, std::char_traits<char>, std::allocator<char> > const, bool> > >::_Reuse_or_alloc_node&) (stl_tree.h:2546)
==22141==    by 0x402EC6D: std::_Rb_tree_node_base* std::_Rb_tree<std::__cxx11::basic_string<char, std::char_traits<char>, std::allocator<char> >, std::pair<std::__cxx11::basic_string<char, std::char_traits<char>, std::allocator<char> > const, bool>, std::_Select1st<std::pair<std::__cxx11::basic_string<char, std::char_traits<char>, std::allocator<char> > const, bool> >, std::less<std::__cxx11::basic_string<char, std::char_traits<char>, std::allocator<char> > >, std::allocator<std::pair<std::__cxx11::basic_string<char, std::char_traits<char>, std::allocator<char> > const, bool> > >::_M_copy<false, std::_Rb_tree<std::__cxx11::basic_string<char, std::char_traits<char>, std::allocator<char> >, std::pair<std::__cxx11::basic_string<char, std::char_traits<char>, std::allocator<char> > const, bool>, std::_Select1st<std::pair<std::__cxx11::basic_string<char, std::char_traits<char>, std::allocator<char> > const, bool> >, std::less<std::__cxx11::basic_string<char, std::char_traits<char>, std::allocator<char> > >, std::allocator<std::pair<std::__cxx11::basic_string<char, std::char_traits<char>, std::allocator<char> > const, bool> > >::_Reuse_or_alloc_node>(std::_Rb_tree_node<std::pair<std::__cxx11::basic_string<char, std::char_traits<char>, std::allocator<char> > const, bool> >*, std::_Rb_tree_node_base*, std::_Rb_tree<std::__cxx11::basic_string<char, std::char_traits<char>, std::allocator<char> >, std::pair<std::__cxx11::basic_string<char, std::char_traits<char>, std::allocator<char> > const, bool>, std::_Select1st<std::pair<std::__cxx11::basic_string<char, std::char_traits<char>, std::allocator<char> > const, bool> >, std::less<std::__cxx11::basic_string<char, std::char_traits<char>, std::allocator<char> > >, std::allocator<std::pair<std::__cxx11::basic_string<char, std::char_traits<char>, std::allocator<char> > const, bool> > >::_Reuse_or_alloc_node&) (stl_tree.h:2554)
==22141==    by 0x402E324: std::_Rb_tree_node_base* std::_Rb_tree<std::__cxx11::basic_string<char, std::char_traits<char>, std::allocator<char> >, std::pair<std::__cxx11::basic_string<char, std::char_traits<char>, std::allocator<char> > const, bool>, std::_Select1st<std::pair<std::__cxx11::basic_string<char, std::char_traits<char>, std::allocator<char> > const, bool> >, std::less<std::__cxx11::basic_string<char, std::char_traits<char>, std::allocator<char> > >, std::allocator<std::pair<std::__cxx11::basic_string<char, std::char_traits<char>, std::allocator<char> > const, bool> > >::_M_copy<false, std::_Rb_tree<std::__cxx11::basic_string<char, std::char_traits<char>, std::allocator<char> >, std::pair<std::__cxx11::basic_string<char, std::char_traits<char>, std::allocator<char> > const, bool>, std::_Select1st<std::pair<std::__cxx11::basic_string<char, std::char_traits<char>, std::allocator<char> > const, bool> >, std::less<std::__cxx11::basic_string<char, std::char_traits<char>, std::allocator<char> > >, std::allocator<std::pair<std::__cxx11::basic_string<char, std::char_traits<char>, std::allocator<char> > const, bool> > >::_Reuse_or_alloc_node>(std::_Rb_tree<std::__cxx11::basic_string<char, std::char_traits<char>, std::allocator<char> >, std::pair<std::__cxx11::basic_string<char, std::char_traits<char>, std::allocator<char> > const, bool>, std::_Select1st<std::pair<std::__cxx11::basic_string<char, std::char_traits<char>, std::allocator<char> > const, bool> >, std::less<std::__cxx11::basic_string<char, std::char_traits<char>, std::allocator<char> > >, std::allocator<std::pair<std::__cxx11::basic_string<char, std::char_traits<char>, std::allocator<char> > const, bool> > > const&, std::_Rb_tree<std::__cxx11::basic_string<char, std::char_traits<char>, std::allocator<char> >, std::pair<std::__cxx11::basic_string<char, std::char_traits<char>, std::allocator<char> > const, bool>, std::_Select1st<std::pair<std::__cxx11::basic_string<char, std::char_traits<char>, std::allocator<char> > const, bool> >, std::less<std::__cxx11::basic_string<char, std::char_traits<char>, std::allocator<char> > >, std::allocator<std::pair<std::__cxx11::basic_string<char, std::char_traits<char>, std::allocator<char> > const, bool> > >::_Reuse_or_alloc_node&) (stl_tree.h:1523)
==22141==    by 0x402D38F: std::_Rb_tree<std::__cxx11::basic_string<char, std::char_traits<char>, std::allocator<char> >, std::pair<std::__cxx11::basic_string<char, std::char_traits<char>, std::allocator<char> > const, bool>, std::_Select1st<std::pair<std::__cxx11::basic_string<char, std::char_traits<char>, std::allocator<char> > const, bool> >, std::less<std::__cxx11::basic_string<char, std::char_traits<char>, std::allocator<char> > >, std::allocator<std::pair<std::__cxx11::basic_string<char, std::char_traits<char>, std::allocator<char> > const, bool> > >::operator=(std::_Rb_tree<std::__cxx11::basic_string<char, std::char_traits<char>, std::allocator<char> >, std::pair<std::__cxx11::basic_string<char, std::char_traits<char>, std::allocator<char> > const, bool>, std::_Select1st<std::pair<std::__cxx11::basic_string<char, std::char_traits<char>, std::allocator<char> > const, bool> >, std::less<std::__cxx11::basic_string<char, std::char_traits<char>, std::allocator<char> > >, std::allocator<std::pair<std::__cxx11::basic_string<char, std::char_traits<char>, std::allocator<char> > const, bool> > > const&) (stl_tree.h:2453)
==22141==    by 0x402C97C: std::map<std::__cxx11::basic_string<char, std::char_traits<char>, std::allocator<char> >, bool, std::less<std::__cxx11::basic_string<char, std::char_traits<char>, std::allocator<char> > >, std::allocator<std::pair<std::__cxx11::basic_string<char, std::char_traits<char>, std::allocator<char> > const, bool> > >::operator=(std::map<std::__cxx11::basic_string<char, std::char_traits<char>, std::allocator<char> >, bool, std::less<std::__cxx11::basic_string<char, std::char_traits<char>, std::allocator<char> > >, std::allocator<std::pair<std::__cxx11::basic_string<char, std::char_traits<char>, std::allocator<char> > const, bool> > > const&) (stl_map.h:349)
==22141==    by 0x402AA2D: Location::Location(Location const&) (Location.cpp:192)
==22141== 
==22141== 864 bytes in 12 blocks are still reachable in loss record 69 of 80
==22141==    at 0x48B1FD3: operator new(unsigned long) (vg_replace_malloc.c:487)
==22141==    by 0x40305AF: std::__new_allocator<std::_Rb_tree_node<std::pair<std::__cxx11::basic_string<char, std::char_traits<char>, std::allocator<char> > const, bool> > >::allocate(unsigned long, void const*) (new_allocator.h:151)
==22141==    by 0x40304FF: allocate (alloc_traits.h:142)
==22141==    by 0x40304FF: std::_Rb_tree<std::__cxx11::basic_string<char, std::char_traits<char>, std::allocator<char> >, std::pair<std::__cxx11::basic_string<char, std::char_traits<char>, std::allocator<char> > const, bool>, std::_Select1st<std::pair<std::__cxx11::basic_string<char, std::char_traits<char>, std::allocator<char> > const, bool> >, std::less<std::__cxx11::basic_string<char, std::char_traits<char>, std::allocator<char> > >, std::allocator<std::pair<std::__cxx11::basic_string<char, std::char_traits<char>, std::allocator<char> > const, bool> > >::_M_get_node() (stl_tree.h:1170)
==22141==    by 0x40300A9: std::_Rb_tree<std::__cxx11::basic_string<char, std::char_traits<char>, std::allocator<char> >, std::pair<std::__cxx11::basic_string<char, std::char_traits<char>, std::allocator<char> > const, bool>, std::_Select1st<std::pair<std::__cxx11::basic_string<char, std::char_traits<char>, std::allocator<char> > const, bool> >, std::less<std::__cxx11::basic_string<char, std::char_traits<char>, std::allocator<char> > >, std::allocator<std::pair<std::__cxx11::basic_string<char, std::char_traits<char>, std::allocator<char> > const, bool> > >::_M_create_node(std::pair<std::__cxx11::basic_string<char, std::char_traits<char>, std::allocator<char> > const, bool> const&) (stl_tree.h:1225)
==22141==    by 0x402FF8D: std::_Rb_tree_node<std::pair<std::__cxx11::basic_string<char, std::char_traits<char>, std::allocator<char> > const, bool> >* std::_Rb_tree<std::__cxx11::basic_string<char, std::char_traits<char>, std::allocator<char> >, std::pair<std::__cxx11::basic_string<char, std::char_traits<char>, std::allocator<char> > const, bool>, std::_Select1st<std::pair<std::__cxx11::basic_string<char, std::char_traits<char>, std::allocator<char> > const, bool> >, std::less<std::__cxx11::basic_string<char, std::char_traits<char>, std::allocator<char> > >, std::allocator<std::pair<std::__cxx11::basic_string<char, std::char_traits<char>, std::allocator<char> > const, bool> > >::_Reuse_or_alloc_node::operator()<std::pair<std::__cxx11::basic_string<char, std::char_traits<char>, std::allocator<char> > const, bool> >(std::pair<std::__cxx11::basic_string<char, std::char_traits<char>, std::allocator<char> > const, bool> const&) (stl_tree.h:1083)
==22141==    by 0x402F871: std::_Rb_tree_node<std::pair<std::__cxx11::basic_string<char, std::char_traits<char>, std::allocator<char> > const, bool> >* std::_Rb_tree<std::__cxx11::basic_string<char, std::char_traits<char>, std::allocator<char> >, std::pair<std::__cxx11::basic_string<char, std::char_traits<char>, std::allocator<char> > const, bool>, std::_Select1st<std::pair<std::__cxx11::basic_string<char, std::char_traits<char>, std::allocator<char> > const, bool> >, std::less<std::__cxx11::basic_string<char, std::char_traits<char>, std::allocator<char> > >, std::allocator<std::pair<std::__cxx11::basic_string<char, std::char_traits<char>, std::allocator<char> > const, bool> > >::_M_clone_node<false, std::_Rb_tree<std::__cxx11::basic_string<char, std::char_traits<char>, std::allocator<char> >, std::pair<std::__cxx11::basic_string<char, std::char_traits<char>, std::allocator<char> > const, bool>, std::_Select1st<std::pair<std::__cxx11::basic_string<char, std::char_traits<char>, std::allocator<char> > const, bool> >, std::less<std::__cxx11::basic_string<char, std::char_traits<char>, std::allocator<char> > >, std::allocator<std::pair<std::__cxx11::basic_string<char, std::char_traits<char>, std::allocator<char> > const, bool> > >::_Reuse_or_alloc_node>(std::_Rb_tree_node<std::pair<std::__cxx11::basic_string<char, std::char_traits<char>, std::allocator<char> > const, bool> >*, std::_Rb_tree<std::__cxx11::basic_string<char, std::char_traits<char>, std::allocator<char> >, std::pair<std::__cxx11::basic_string<char, std::char_traits<char>, std::allocator<char> > const, bool>, std::_Select1st<std::pair<std::__cxx11::basic_string<char, std::char_traits<char>, std::allocator<char> > const, bool> >, std::less<std::__cxx11::basic_string<char, std::char_traits<char>, std::allocator<char> > >, std::allocator<std::pair<std::__cxx11::basic_string<char, std::char_traits<char>, std::allocator<char> > const, bool> > >::_Reuse_or_alloc_node&) (stl_tree.h:1287)
==22141==    by 0x402EC1D: std::_Rb_tree_node_base* std::_Rb_tree<std::__cxx11::basic_string<char, std::char_traits<char>, std::allocator<char> >, std::pair<std::__cxx11::basic_string<char, std::char_traits<char>, std::allocator<char> > const, bool>, std::_Select1st<std::pair<std::__cxx11::basic_string<char, std::char_traits<char>, std::allocator<char> > const, bool> >, std::less<std::__cxx11::basic_string<char, std::char_traits<char>, std::allocator<char> > >, std::allocator<std::pair<std::__cxx11::basic_string<char, std::char_traits<char>, std::allocator<char> > const, bool> > >::_M_copy<false, std::_Rb_tree<std::__cxx11::basic_string<char, std::char_traits<char>, std::allocator<char> >, std::pair<std::__cxx11::basic_string<char, std::char_traits<char>, std::allocator<char> > const, bool>, std::_Select1st<std::pair<std::__cxx11::basic_string<char, std::char_traits<char>, std::allocator<char> > const, bool> >, std::less<std::__cxx11::basic_string<char, std::char_traits<char>, std::allocator<char> > >, std::allocator<std::pair<std::__cxx11::basic_string<char, std::char_traits<char>, std::allocator<char> > const, bool> > >::_Reuse_or_alloc_node>(std::_Rb_tree_node<std::pair<std::__cxx11::basic_string<char, std::char_traits<char>, std::allocator<char> > const, bool> >*, std::_Rb_tree_node_base*, std::_Rb_tree<std::__cxx11::basic_string<char, std::char_traits<char>, std::allocator<char> >, std::pair<std::__cxx11::basic_string<char, std::char_traits<char>, std::allocator<char> > const, bool>, std::_Select1st<std::pair<std::__cxx11::basic_string<char, std::char_traits<char>, std::allocator<char> > const, bool> >, std::less<std::__cxx11::basic_string<char, std::char_traits<char>, std::allocator<char> > >, std::allocator<std::pair<std::__cxx11::basic_string<char, std::char_traits<char>, std::allocator<char> > const, bool> > >::_Reuse_or_alloc_node&) (stl_tree.h:2546)
==22141==    by 0x402E324: std::_Rb_tree_node_base* std::_Rb_tree<std::__cxx11::basic_string<char, std::char_traits<char>, std::allocator<char> >, std::pair<std::__cxx11::basic_string<char, std::char_traits<char>, std::allocator<char> > const, bool>, std::_Select1st<std::pair<std::__cxx11::basic_string<char, std::char_traits<char>, std::allocator<char> > const, bool> >, std::less<std::__cxx11::basic_string<char, std::char_traits<char>, std::allocator<char> > >, std::allocator<std::pair<std::__cxx11::basic_string<char, std::char_traits<char>, std::allocator<char> > const, bool> > >::_M_copy<false, std::_Rb_tree<std::__cxx11::basic_string<char, std::char_traits<char>, std::allocator<char> >, std::pair<std::__cxx11::basic_string<char, std::char_traits<char>, std::allocator<char> > const, bool>, std::_Select1st<std::pair<std::__cxx11::basic_string<char, std::char_traits<char>, std::allocator<char> > const, bool> >, std::less<std::__cxx11::basic_string<char, std::char_traits<char>, std::allocator<char> > >, std::allocator<std::pair<std::__cxx11::basic_string<char, std::char_traits<char>, std::allocator<char> > const, bool> > >::_Reuse_or_alloc_node>(std::_Rb_tree<std::__cxx11::basic_string<char, std::char_traits<char>, std::allocator<char> >, std::pair<std::__cxx11::basic_string<char, std::char_traits<char>, std::allocator<char> > const, bool>, std::_Select1st<std::pair<std::__cxx11::basic_string<char, std::char_traits<char>, std::allocator<char> > const, bool> >, std::less<std::__cxx11::basic_string<char, std::char_traits<char>, std::allocator<char> > >, std::allocator<std::pair<std::__cxx11::basic_string<char, std::char_traits<char>, std::allocator<char> > const, bool> > > const&, std::_Rb_tree<std::__cxx11::basic_string<char, std::char_traits<char>, std::allocator<char> >, std::pair<std::__cxx11::basic_string<char, std::char_traits<char>, std::allocator<char> > const, bool>, std::_Select1st<std::pair<std::__cxx11::basic_string<char, std::char_traits<char>, std::allocator<char> > const, bool> >, std::less<std::__cxx11::basic_string<char, std::char_traits<char>, std::allocator<char> > >, std::allocator<std::pair<std::__cxx11::basic_string<char, std::char_traits<char>, std::allocator<char> > const, bool> > >::_Reuse_or_alloc_node&) (stl_tree.h:1523)
==22141==    by 0x402D38F: std::_Rb_tree<std::__cxx11::basic_string<char, std::char_traits<char>, std::allocator<char> >, std::pair<std::__cxx11::basic_string<char, std::char_traits<char>, std::allocator<char> > const, bool>, std::_Select1st<std::pair<std::__cxx11::basic_string<char, std::char_traits<char>, std::allocator<char> > const, bool> >, std::less<std::__cxx11::basic_string<char, std::char_traits<char>, std::allocator<char> > >, std::allocator<std::pair<std::__cxx11::basic_string<char, std::char_traits<char>, std::allocator<char> > const, bool> > >::operator=(std::_Rb_tree<std::__cxx11::basic_string<char, std::char_traits<char>, std::allocator<char> >, std::pair<std::__cxx11::basic_string<char, std::char_traits<char>, std::allocator<char> > const, bool>, std::_Select1st<std::pair<std::__cxx11::basic_string<char, std::char_traits<char>, std::allocator<char> > const, bool> >, std::less<std::__cxx11::basic_string<char, std::char_traits<char>, std::allocator<char> > >, std::allocator<std::pair<std::__cxx11::basic_string<char, std::char_traits<char>, std::allocator<char> > const, bool> > > const&) (stl_tree.h:2453)
==22141==    by 0x402C97C: std::map<std::__cxx11::basic_string<char, std::char_traits<char>, std::allocator<char> >, bool, std::less<std::__cxx11::basic_string<char, std::char_traits<char>, std::allocator<char> > >, std::allocator<std::pair<std::__cxx11::basic_string<char, std::char_traits<char>, std::allocator<char> > const, bool> > >::operator=(std::map<std::__cxx11::basic_string<char, std::char_traits<char>, std::allocator<char> >, bool, std::less<std::__cxx11::basic_string<char, std::char_traits<char>, std::allocator<char> > >, std::allocator<std::pair<std::__cxx11::basic_string<char, std::char_traits<char>, std::allocator<char> > const, bool> > > const&) (stl_map.h:349)
==22141==    by 0x402AA2D: Location::Location(Location const&) (Location.cpp:192)
==22141==    by 0x4013423: void std::_Construct<Location, Location>(Location*, Location const&) (stl_construct.h:142)
==22141== 
==22141== 864 bytes in 12 blocks are still reachable in loss record 70 of 80
==22141==    at 0x48B1FD3: operator new(unsigned long) (vg_replace_malloc.c:487)
==22141==    by 0x40305AF: std::__new_allocator<std::_Rb_tree_node<std::pair<std::__cxx11::basic_string<char, std::char_traits<char>, std::allocator<char> > const, bool> > >::allocate(unsigned long, void const*) (new_allocator.h:151)
==22141==    by 0x40304FF: allocate (alloc_traits.h:142)
==22141==    by 0x40304FF: std::_Rb_tree<std::__cxx11::basic_string<char, std::char_traits<char>, std::allocator<char> >, std::pair<std::__cxx11::basic_string<char, std::char_traits<char>, std::allocator<char> > const, bool>, std::_Select1st<std::pair<std::__cxx11::basic_string<char, std::char_traits<char>, std::allocator<char> > const, bool> >, std::less<std::__cxx11::basic_string<char, std::char_traits<char>, std::allocator<char> > >, std::allocator<std::pair<std::__cxx11::basic_string<char, std::char_traits<char>, std::allocator<char> > const, bool> > >::_M_get_node() (stl_tree.h:1170)
==22141==    by 0x40300A9: std::_Rb_tree<std::__cxx11::basic_string<char, std::char_traits<char>, std::allocator<char> >, std::pair<std::__cxx11::basic_string<char, std::char_traits<char>, std::allocator<char> > const, bool>, std::_Select1st<std::pair<std::__cxx11::basic_string<char, std::char_traits<char>, std::allocator<char> > const, bool> >, std::less<std::__cxx11::basic_string<char, std::char_traits<char>, std::allocator<char> > >, std::allocator<std::pair<std::__cxx11::basic_string<char, std::char_traits<char>, std::allocator<char> > const, bool> > >::_M_create_node(std::pair<std::__cxx11::basic_string<char, std::char_traits<char>, std::allocator<char> > const, bool> const&) (stl_tree.h:1225)
==22141==    by 0x402FF8D: std::_Rb_tree_node<std::pair<std::__cxx11::basic_string<char, std::char_traits<char>, std::allocator<char> > const, bool> >* std::_Rb_tree<std::__cxx11::basic_string<char, std::char_traits<char>, std::allocator<char> >, std::pair<std::__cxx11::basic_string<char, std::char_traits<char>, std::allocator<char> > const, bool>, std::_Select1st<std::pair<std::__cxx11::basic_string<char, std::char_traits<char>, std::allocator<char> > const, bool> >, std::less<std::__cxx11::basic_string<char, std::char_traits<char>, std::allocator<char> > >, std::allocator<std::pair<std::__cxx11::basic_string<char, std::char_traits<char>, std::allocator<char> > const, bool> > >::_Reuse_or_alloc_node::operator()<std::pair<std::__cxx11::basic_string<char, std::char_traits<char>, std::allocator<char> > const, bool> >(std::pair<std::__cxx11::basic_string<char, std::char_traits<char>, std::allocator<char> > const, bool> const&) (stl_tree.h:1083)
==22141==    by 0x402F871: std::_Rb_tree_node<std::pair<std::__cxx11::basic_string<char, std::char_traits<char>, std::allocator<char> > const, bool> >* std::_Rb_tree<std::__cxx11::basic_string<char, std::char_traits<char>, std::allocator<char> >, std::pair<std::__cxx11::basic_string<char, std::char_traits<char>, std::allocator<char> > const, bool>, std::_Select1st<std::pair<std::__cxx11::basic_string<char, std::char_traits<char>, std::allocator<char> > const, bool> >, std::less<std::__cxx11::basic_string<char, std::char_traits<char>, std::allocator<char> > >, std::allocator<std::pair<std::__cxx11::basic_string<char, std::char_traits<char>, std::allocator<char> > const, bool> > >::_M_clone_node<false, std::_Rb_tree<std::__cxx11::basic_string<char, std::char_traits<char>, std::allocator<char> >, std::pair<std::__cxx11::basic_string<char, std::char_traits<char>, std::allocator<char> > const, bool>, std::_Select1st<std::pair<std::__cxx11::basic_string<char, std::char_traits<char>, std::allocator<char> > const, bool> >, std::less<std::__cxx11::basic_string<char, std::char_traits<char>, std::allocator<char> > >, std::allocator<std::pair<std::__cxx11::basic_string<char, std::char_traits<char>, std::allocator<char> > const, bool> > >::_Reuse_or_alloc_node>(std::_Rb_tree_node<std::pair<std::__cxx11::basic_string<char, std::char_traits<char>, std::allocator<char> > const, bool> >*, std::_Rb_tree<std::__cxx11::basic_string<char, std::char_traits<char>, std::allocator<char> >, std::pair<std::__cxx11::basic_string<char, std::char_traits<char>, std::allocator<char> > const, bool>, std::_Select1st<std::pair<std::__cxx11::basic_string<char, std::char_traits<char>, std::allocator<char> > const, bool> >, std::less<std::__cxx11::basic_string<char, std::char_traits<char>, std::allocator<char> > >, std::allocator<std::pair<std::__cxx11::basic_string<char, std::char_traits<char>, std::allocator<char> > const, bool> > >::_Reuse_or_alloc_node&) (stl_tree.h:1287)
==22141==    by 0x402ECA9: std::_Rb_tree_node_base* std::_Rb_tree<std::__cxx11::basic_string<char, std::char_traits<char>, std::allocator<char> >, std::pair<std::__cxx11::basic_string<char, std::char_traits<char>, std::allocator<char> > const, bool>, std::_Select1st<std::pair<std::__cxx11::basic_string<char, std::char_traits<char>, std::allocator<char> > const, bool> >, std::less<std::__cxx11::basic_string<char, std::char_traits<char>, std::allocator<char> > >, std::allocator<std::pair<std::__cxx11::basic_string<char, std::char_traits<char>, std::allocator<char> > const, bool> > >::_M_copy<false, std::_Rb_tree<std::__cxx11::basic_string<char, std::char_traits<char>, std::allocator<char> >, std::pair<std::__cxx11::basic_string<char, std::char_traits<char>, std::allocator<char> > const, bool>, std::_Select1st<std::pair<std::__cxx11::basic_string<char, std::char_traits<char>, std::allocator<char> > const, bool> >, std::less<std::__cxx11::basic_string<char, std::char_traits<char>, std::allocator<char> > >, std::allocator<std::pair<std::__cxx11::basic_string<char, std::char_traits<char>, std::allocator<char> > const, bool> > >::_Reuse_or_alloc_node>(std::_Rb_tree_node<std::pair<std::__cxx11::basic_string<char, std::char_traits<char>, std::allocator<char> > const, bool> >*, std::_Rb_tree_node_base*, std::_Rb_tree<std::__cxx11::basic_string<char, std::char_traits<char>, std::allocator<char> >, std::pair<std::__cxx11::basic_string<char, std::char_traits<char>, std::allocator<char> > const, bool>, std::_Select1st<std::pair<std::__cxx11::basic_string<char, std::char_traits<char>, std::allocator<char> > const, bool> >, std::less<std::__cxx11::basic_string<char, std::char_traits<char>, std::allocator<char> > >, std::allocator<std::pair<std::__cxx11::basic_string<char, std::char_traits<char>, std::allocator<char> > const, bool> > >::_Reuse_or_alloc_node&) (stl_tree.h:2561)
==22141==    by 0x402E324: std::_Rb_tree_node_base* std::_Rb_tree<std::__cxx11::basic_string<char, std::char_traits<char>, std::allocator<char> >, std::pair<std::__cxx11::basic_string<char, std::char_traits<char>, std::allocator<char> > const, bool>, std::_Select1st<std::pair<std::__cxx11::basic_string<char, std::char_traits<char>, std::allocator<char> > const, bool> >, std::less<std::__cxx11::basic_string<char, std::char_traits<char>, std::allocator<char> > >, std::allocator<std::pair<std::__cxx11::basic_string<char, std::char_traits<char>, std::allocator<char> > const, bool> > >::_M_copy<false, std::_Rb_tree<std::__cxx11::basic_string<char, std::char_traits<char>, std::allocator<char> >, std::pair<std::__cxx11::basic_string<char, std::char_traits<char>, std::allocator<char> > const, bool>, std::_Select1st<std::pair<std::__cxx11::basic_string<char, std::char_traits<char>, std::allocator<char> > const, bool> >, std::less<std::__cxx11::basic_string<char, std::char_traits<char>, std::allocator<char> > >, std::allocator<std::pair<std::__cxx11::basic_string<char, std::char_traits<char>, std::allocator<char> > const, bool> > >::_Reuse_or_alloc_node>(std::_Rb_tree<std::__cxx11::basic_string<char, std::char_traits<char>, std::allocator<char> >, std::pair<std::__cxx11::basic_string<char, std::char_traits<char>, std::allocator<char> > const, bool>, std::_Select1st<std::pair<std::__cxx11::basic_string<char, std::char_traits<char>, std::allocator<char> > const, bool> >, std::less<std::__cxx11::basic_string<char, std::char_traits<char>, std::allocator<char> > >, std::allocator<std::pair<std::__cxx11::basic_string<char, std::char_traits<char>, std::allocator<char> > const, bool> > > const&, std::_Rb_tree<std::__cxx11::basic_string<char, std::char_traits<char>, std::allocator<char> >, std::pair<std::__cxx11::basic_string<char, std::char_traits<char>, std::allocator<char> > const, bool>, std::_Select1st<std::pair<std::__cxx11::basic_string<char, std::char_traits<char>, std::allocator<char> > const, bool> >, std::less<std::__cxx11::basic_string<char, std::char_traits<char>, std::allocator<char> > >, std::allocator<std::pair<std::__cxx11::basic_string<char, std::char_traits<char>, std::allocator<char> > const, bool> > >::_Reuse_or_alloc_node&) (stl_tree.h:1523)
==22141==    by 0x402D38F: std::_Rb_tree<std::__cxx11::basic_string<char, std::char_traits<char>, std::allocator<char> >, std::pair<std::__cxx11::basic_string<char, std::char_traits<char>, std::allocator<char> > const, bool>, std::_Select1st<std::pair<std::__cxx11::basic_string<char, std::char_traits<char>, std::allocator<char> > const, bool> >, std::less<std::__cxx11::basic_string<char, std::char_traits<char>, std::allocator<char> > >, std::allocator<std::pair<std::__cxx11::basic_string<char, std::char_traits<char>, std::allocator<char> > const, bool> > >::operator=(std::_Rb_tree<std::__cxx11::basic_string<char, std::char_traits<char>, std::allocator<char> >, std::pair<std::__cxx11::basic_string<char, std::char_traits<char>, std::allocator<char> > const, bool>, std::_Select1st<std::pair<std::__cxx11::basic_string<char, std::char_traits<char>, std::allocator<char> > const, bool> >, std::less<std::__cxx11::basic_string<char, std::char_traits<char>, std::allocator<char> > >, std::allocator<std::pair<std::__cxx11::basic_string<char, std::char_traits<char>, std::allocator<char> > const, bool> > > const&) (stl_tree.h:2453)
==22141==    by 0x402C97C: std::map<std::__cxx11::basic_string<char, std::char_traits<char>, std::allocator<char> >, bool, std::less<std::__cxx11::basic_string<char, std::char_traits<char>, std::allocator<char> > >, std::allocator<std::pair<std::__cxx11::basic_string<char, std::char_traits<char>, std::allocator<char> > const, bool> > >::operator=(std::map<std::__cxx11::basic_string<char, std::char_traits<char>, std::allocator<char> >, bool, std::less<std::__cxx11::basic_string<char, std::char_traits<char>, std::allocator<char> > >, std::allocator<std::pair<std::__cxx11::basic_string<char, std::char_traits<char>, std::allocator<char> > const, bool> > > const&) (stl_map.h:349)
==22141==    by 0x402AA2D: Location::Location(Location const&) (Location.cpp:192)
==22141==    by 0x4013423: void std::_Construct<Location, Location>(Location*, Location const&) (stl_construct.h:142)
==22141== 
==22141== 1,024 bytes in 1 blocks are still reachable in loss record 71 of 80
==22141==    at 0x48B1FD3: operator new(unsigned long) (vg_replace_malloc.c:487)
==22141==    by 0x40123B1: std::__new_allocator<std::__cxx11::basic_string<char, std::char_traits<char>, std::allocator<char> > >::allocate(unsigned long, void const*) (new_allocator.h:151)
==22141==    by 0x401006E: allocate (alloc_traits.h:142)
==22141==    by 0x401006E: std::_Vector_base<std::__cxx11::basic_string<char, std::char_traits<char>, std::allocator<char> >, std::allocator<std::__cxx11::basic_string<char, std::char_traits<char>, std::allocator<char> > > >::_M_allocate(unsigned long) (stl_vector.h:387)
==22141==    by 0x400DC65: std::vector<std::__cxx11::basic_string<char, std::char_traits<char>, std::allocator<char> >, std::allocator<std::__cxx11::basic_string<char, std::char_traits<char>, std::allocator<char> > > >::_M_realloc_append(std::__cxx11::basic_string<char, std::char_traits<char>, std::allocator<char> > const&) (vector.tcc:573)
==22141==    by 0x400B603: std::vector<std::__cxx11::basic_string<char, std::char_traits<char>, std::allocator<char> >, std::allocator<std::__cxx11::basic_string<char, std::char_traits<char>, std::allocator<char> > > >::push_back(std::__cxx11::basic_string<char, std::char_traits<char>, std::allocator<char> > const&) (stl_vector.h:1427)
==22141==    by 0x403AD6F: Request::_acceptedType[abi:cxx11]() (Request.cpp:72)
==22141==    by 0x403E378: __static_initialization_and_destruction_0() (Request.cpp:5)
==22141==    by 0x403E3BC: _GLOBAL__sub_I__ZN7Request2_vB5cxx11E (Request.cpp:488)
==22141==    by 0x4BC26A3: call_init (libc-start.c:145)
==22141==    by 0x4BC26A3: __libc_start_main@@GLIBC_2.34 (libc-start.c:347)
==22141==    by 0x4006E44: (below main) (in /home/dana/Documents/42/Webserv/webServ)
==22141== 
==22141== 1,024 bytes in 1 blocks are still reachable in loss record 72 of 80
==22141==    at 0x48B1858: malloc (vg_replace_malloc.c:446)
==22141==    by 0x4C2378B: _IO_file_doallocate (filedoalloc.c:91)
==22141==    by 0x4C34D25: _IO_doallocbuf (genops.c:373)
==22141==    by 0x4C323D8: _IO_file_overflow@@GLIBC_2.2.5 (fileops.c:779)
==22141==    by 0x4C32FD2: _IO_new_file_xsputn (fileops.c:1305)
==22141==    by 0x4C32FD2: _IO_file_xsputn@@GLIBC_2.2.5 (fileops.c:1258)
==22141==    by 0x4C2518A: fwrite (iofwrite.c:44)
==22141==    by 0x4A3979B: std::basic_ostream<char, std::char_traits<char> >& std::__ostream_insert<char, std::char_traits<char> >(std::basic_ostream<char, std::char_traits<char> >&, char const*, long) (in /usr/lib/x86_64-linux-gnu/libstdc++.so.6.0.34)
==22141==    by 0x4A39B7F: std::basic_ostream<char, std::char_traits<char> >& std::operator<< <std::char_traits<char> >(std::basic_ostream<char, std::char_traits<char> >&, char const*) (in /usr/lib/x86_64-linux-gnu/libstdc++.so.6.0.34)
==22141==    by 0x40185FE: printStructV2(server) (printDebug.cpp:77)
==22141==    by 0x40070D0: Server::Server(server) (Server.cpp:13)
==22141==    by 0x4013FE7: createServers(std::__cxx11::basic_string<char, std::char_traits<char>, std::allocator<char> >) (main.cpp:40)
==22141==    by 0x40142FC: main (main.cpp:59)
==22141== 
==22141== 1,025 bytes in 1 blocks are still reachable in loss record 73 of 80
==22141==    at 0x48B1FD3: operator new(unsigned long) (vg_replace_malloc.c:487)
==22141==    by 0x4012C5C: std::__new_allocator<char>::allocate(unsigned long, void const*) (new_allocator.h:151)
==22141==    by 0x4010DF6: allocate (alloc_traits.h:142)
==22141==    by 0x4010DF6: std::__cxx11::basic_string<char, std::char_traits<char>, std::allocator<char> >::_S_allocate(std::allocator<char>&, unsigned long) (basic_string.h:142)
==22141==    by 0x400F609: std::__cxx11::basic_string<char, std::char_traits<char>, std::allocator<char> >::_M_create(unsigned long&, unsigned long) (basic_string.tcc:164)
==22141==    by 0x4045E40: void std::__cxx11::basic_string<char, std::char_traits<char>, std::allocator<char> >::_M_construct<__gnu_cxx::__normal_iterator<char*, std::__cxx11::basic_string<char, std::char_traits<char>, std::allocator<char> > > >(__gnu_cxx::__normal_iterator<char*, std::__cxx11::basic_string<char, std::char_traits<char>, std::allocator<char> > >, __gnu_cxx::__normal_iterator<char*, std::__cxx11::basic_string<char, std::char_traits<char>, std::allocator<char> > >, std::forward_iterator_tag) (basic_string.tcc:235)
==22141==    by 0x4045D47: void std::__cxx11::basic_string<char, std::char_traits<char>, std::allocator<char> >::_M_construct_aux<__gnu_cxx::__normal_iterator<char*, std::__cxx11::basic_string<char, std::char_traits<char>, std::allocator<char> > > >(__gnu_cxx::__normal_iterator<char*, std::__cxx11::basic_string<char, std::char_traits<char>, std::allocator<char> > >, __gnu_cxx::__normal_iterator<char*, std::__cxx11::basic_string<char, std::char_traits<char>, std::allocator<char> > >, std::__false_type) (basic_string.h:316)
==22141==    by 0x4045C96: std::__cxx11::basic_string<char, std::char_traits<char>, std::allocator<char> >::basic_string<__gnu_cxx::__normal_iterator<char*, std::__cxx11::basic_string<char, std::char_traits<char>, std::allocator<char> > > >(__gnu_cxx::__normal_iterator<char*, std::__cxx11::basic_string<char, std::char_traits<char>, std::allocator<char> > >, __gnu_cxx::__normal_iterator<char*, std::__cxx11::basic_string<char, std::char_traits<char>, std::allocator<char> > >, std::allocator<char> const&) (basic_string.h:860)
==22141==    by 0x404495C: CGI::sendBody(std::__cxx11::basic_string<char, std::char_traits<char>, std::allocator<char> >) (CGI.cpp:186)
==22141==    by 0x401A156: Client::startCGI(Server&, Epoll&) (Client.cpp:227)
==22141==    by 0x401EBF6: Loop::runLoop() (Loop.cpp:593)
==22141==    by 0x4014393: main (main.cpp:62)
==22141== 
==22141== 1,172 bytes in 1 blocks are still reachable in loss record 74 of 80
==22141==    at 0x48B1858: malloc (vg_replace_malloc.c:446)
==22141==    by 0x4C826BD: __tzfile_read (tzfile.c:281)
==22141==    by 0x4C816A8: tzset_internal (tzset.c:405)
==22141==    by 0x4C820DC: __tz_convert (tzset.c:577)
==22141==    by 0x4032FB3: addDate(std::__cxx11::basic_string<char, std::char_traits<char>, std::allocator<char> >*) (methodsUtils.cpp:108)
==22141==    by 0x4042F2B: ResponseBuilder::date() (ResponseBuilder.cpp:27)
==22141==    by 0x4036565: Get::createResponse[abi:cxx11](Server const&) (Get.cpp:164)
==22141==    by 0x401DEA1: Loop::_createResponse(int) (Loop.cpp:460)
==22141==    by 0x401EDDF: Loop::runLoop() (Loop.cpp:612)
==22141==    by 0x4014393: main (main.cpp:62)
==22141== 
==22141== 1,440 bytes in 1 blocks are still reachable in loss record 75 of 80
==22141==    at 0x48B1FD3: operator new(unsigned long) (vg_replace_malloc.c:487)
==22141==    by 0x40120FC: std::__new_allocator<Location>::allocate(unsigned long, void const*) (new_allocator.h:151)
==22141==    by 0x400FD8A: allocate (alloc_traits.h:142)
==22141==    by 0x400FD8A: std::_Vector_base<Location, std::allocator<Location> >::_M_allocate(unsigned long) (stl_vector.h:387)
==22141==    by 0x4016632: std::_Vector_base<Location, std::allocator<Location> >::_M_create_storage(unsigned long) (stl_vector.h:405)
==22141==    by 0x4015938: std::_Vector_base<Location, std::allocator<Location> >::_Vector_base(unsigned long, std::allocator<Location> const&) (stl_vector.h:341)
==22141==    by 0x4014D40: std::vector<Location, std::allocator<Location> >::vector(std::vector<Location, std::allocator<Location> > const&) (stl_vector.h:633)
==22141==    by 0x40146DC: Server::Server(Server const&) (Server.hpp:12)
==22141==    by 0x4017A67: void std::_Construct<Server, Server>(Server*, Server const&) (stl_construct.h:142)
==22141==    by 0x401732F: Server* std::__do_uninit_copy<__gnu_cxx::__normal_iterator<Server const*, std::vector<Server, std::allocator<Server> > >, __gnu_cxx::__normal_iterator<Server const*, std::vector<Server, std::allocator<Server> > >, Server*>(__gnu_cxx::__normal_iterator<Server const*, std::vector<Server, std::allocator<Server> > >, __gnu_cxx::__normal_iterator<Server const*, std::vector<Server, std::allocator<Server> > >, Server*) (stl_uninitialized.h:145)
==22141==    by 0x4016D65: Server* std::__uninitialized_copy<false>::__uninit_copy<__gnu_cxx::__normal_iterator<Server const*, std::vector<Server, std::allocator<Server> > >, Server*>(__gnu_cxx::__normal_iterator<Server const*, std::vector<Server, std::allocator<Server> > >, __gnu_cxx::__normal_iterator<Server const*, std::vector<Server, std::allocator<Server> > >, Server*) (stl_uninitialized.h:170)
==22141==    by 0x401673F: Server* std::uninitialized_copy<__gnu_cxx::__normal_iterator<Server const*, std::vector<Server, std::allocator<Server> > >, Server*>(__gnu_cxx::__normal_iterator<Server const*, std::vector<Server, std::allocator<Server> > >, __gnu_cxx::__normal_iterator<Server const*, std::vector<Server, std::allocator<Server> > >, Server*) (stl_uninitialized.h:315)
==22141==    by 0x4015AA9: Server* std::__uninitialized_copy_a<__gnu_cxx::__normal_iterator<Server const*, std::vector<Server, std::allocator<Server> > >, __gnu_cxx::__normal_iterator<Server const*, std::vector<Server, std::allocator<Server> > >, Server*, Server>(__gnu_cxx::__normal_iterator<Server const*, std::vector<Server, std::allocator<Server> > >, __gnu_cxx::__normal_iterator<Server const*, std::vector<Server, std::allocator<Server> > >, Server*, std::allocator<Server>&) (stl_uninitialized.h:637)
==22141== 
==22141== 1,440 bytes in 1 blocks are still reachable in loss record 76 of 80
==22141==    at 0x48B1FD3: operator new(unsigned long) (vg_replace_malloc.c:487)
==22141==    by 0x40120FC: std::__new_allocator<Location>::allocate(unsigned long, void const*) (new_allocator.h:151)
==22141==    by 0x400FD8A: allocate (alloc_traits.h:142)
==22141==    by 0x400FD8A: std::_Vector_base<Location, std::allocator<Location> >::_M_allocate(unsigned long) (stl_vector.h:387)
==22141==    by 0x400D75E: Location* std::vector<Location, std::allocator<Location> >::_M_allocate_and_copy<__gnu_cxx::__normal_iterator<Location const*, std::vector<Location, std::allocator<Location> > > >(unsigned long, __gnu_cxx::__normal_iterator<Location const*, std::vector<Location, std::allocator<Location> > >, __gnu_cxx::__normal_iterator<Location const*, std::vector<Location, std::allocator<Location> > >) (stl_vector.h:1910)
==22141==    by 0x400B2EA: std::vector<Location, std::allocator<Location> >::operator=(std::vector<Location, std::allocator<Location> > const&) (vector.tcc:238)
==22141==    by 0x40073E9: Server::operator=(Server const&) (Server.cpp:30)
==22141==    by 0x401C2C4: Loop::_createMapServer(std::vector<Server, std::allocator<Server> >) (Loop.cpp:79)
==22141==    by 0x401BBBE: Loop::Loop(std::vector<Server, std::allocator<Server> >) (Loop.cpp:19)
==22141==    by 0x4014375: main (main.cpp:61)
==22141== 
==22141== 73,728 bytes in 1 blocks are still reachable in loss record 77 of 80
==22141==    at 0x48B1858: malloc (vg_replace_malloc.c:446)
==22141==    by 0x499B5DE: ??? (in /usr/lib/x86_64-linux-gnu/libstdc++.so.6.0.34)
==22141==    by 0x406A7CE: call_init.part.0 (dl-init.c:74)
==22141==    by 0x406A8E3: call_init (dl-init.c:120)
==22141==    by 0x406A8E3: _dl_init (dl-init.c:121)
==22141==    by 0x408719F: ??? (in /usr/lib/x86_64-linux-gnu/ld-linux-x86-64.so.2)
==22141==    by 0x1: ???
==22141==    by 0x1FFF000112: ???
==22141==    by 0x1FFF00011C: ???
==22141== 
==22141== 1,279,873 bytes in 1 blocks are still reachable in loss record 78 of 80
==22141==    at 0x48B1FD3: operator new(unsigned long) (vg_replace_malloc.c:487)
==22141==    by 0x4012C5C: std::__new_allocator<char>::allocate(unsigned long, void const*) (new_allocator.h:151)
==22141==    by 0x4010DF6: allocate (alloc_traits.h:142)
==22141==    by 0x4010DF6: std::__cxx11::basic_string<char, std::char_traits<char>, std::allocator<char> >::_S_allocate(std::allocator<char>&, unsigned long) (basic_string.h:142)
==22141==    by 0x400F609: std::__cxx11::basic_string<char, std::char_traits<char>, std::allocator<char> >::_M_create(unsigned long&, unsigned long) (basic_string.tcc:164)
==22141==    by 0x4010A7B: std::__cxx11::basic_string<char, std::char_traits<char>, std::allocator<char> >::_M_mutate(unsigned long, unsigned long, char const*, unsigned long) (basic_string.tcc:363)
==22141==    by 0x400F1BD: std::__cxx11::basic_string<char, std::char_traits<char>, std::allocator<char> >::_M_append(char const*, unsigned long) (basic_string.tcc:455)
==22141==    by 0x4010408: std::__cxx11::basic_string<char, std::char_traits<char>, std::allocator<char> >::append(char const*, unsigned long) (basic_string.h:1570)
==22141==    by 0x4019555: Client::setBuf(char const*, int) (Client.cpp:87)
==22141==    by 0x401D7AF: Loop::_receiveRequest(int) (Loop.cpp:378)
==22141==    by 0x401D84D: Loop::_addBodyLen(int) (Loop.cpp:392)
==22141==    by 0x401D99D: Loop::_checkBody(int) (Loop.cpp:419)
==22141==    by 0x401DB23: Loop::_getRequest(int) (Loop.cpp:437)
==22141== 
==22141== 1,737,353 bytes in 1 blocks are still reachable in loss record 79 of 80
==22141==    at 0x48B1FD3: operator new(unsigned long) (vg_replace_malloc.c:487)
==22141==    by 0x4012C5C: std::__new_allocator<char>::allocate(unsigned long, void const*) (new_allocator.h:151)
==22141==    by 0x4010DF6: allocate (alloc_traits.h:142)
==22141==    by 0x4010DF6: std::__cxx11::basic_string<char, std::char_traits<char>, std::allocator<char> >::_S_allocate(std::allocator<char>&, unsigned long) (basic_string.h:142)
==22141==    by 0x400F609: std::__cxx11::basic_string<char, std::char_traits<char>, std::allocator<char> >::_M_create(unsigned long&, unsigned long) (basic_string.tcc:164)
==22141==    by 0x400F979: std::__cxx11::basic_string<char, std::char_traits<char>, std::allocator<char> >::_M_assign(std::__cxx11::basic_string<char, std::char_traits<char>, std::allocator<char> > const&) (basic_string.tcc:319)
==22141==    by 0x400D070: std::__cxx11::basic_string<char, std::char_traits<char>, std::allocator<char> >::assign(std::__cxx11::basic_string<char, std::char_traits<char>, std::allocator<char> > const&) (basic_string.h:1771)
==22141==    by 0x400AF4C: std::__cxx11::basic_string<char, std::char_traits<char>, std::allocator<char> >::operator=(std::__cxx11::basic_string<char, std::char_traits<char>, std::allocator<char> > const&) (basic_string.h:906)
==22141==    by 0x403D878: Request::parseBody(std::__cxx11::basic_string<char, std::char_traits<char>, std::allocator<char> >&) (Request.cpp:341)
==22141==    by 0x4019684: Client::setRequestBody() (Client.cpp:107)
==22141==    by 0x401DA5D: Loop::_checkBody(int) (Loop.cpp:424)
==22141==    by 0x401DB23: Loop::_getRequest(int) (Loop.cpp:437)
==22141==    by 0x401EAA4: Loop::runLoop() (Loop.cpp:583)
==22141== 
==22141== 1,737,437 bytes in 1 blocks are still reachable in loss record 80 of 80
==22141==    at 0x48B1FD3: operator new(unsigned long) (vg_replace_malloc.c:487)
==22141==    by 0x4012C5C: std::__new_allocator<char>::allocate(unsigned long, void const*) (new_allocator.h:151)
==22141==    by 0x4010DF6: allocate (alloc_traits.h:142)
==22141==    by 0x4010DF6: std::__cxx11::basic_string<char, std::char_traits<char>, std::allocator<char> >::_S_allocate(std::allocator<char>&, unsigned long) (basic_string.h:142)
==22141==    by 0x400F609: std::__cxx11::basic_string<char, std::char_traits<char>, std::allocator<char> >::_M_create(unsigned long&, unsigned long) (basic_string.tcc:164)
==22141==    by 0x400F979: std::__cxx11::basic_string<char, std::char_traits<char>, std::allocator<char> >::_M_assign(std::__cxx11::basic_string<char, std::char_traits<char>, std::allocator<char> > const&) (basic_string.tcc:319)
==22141==    by 0x400D070: std::__cxx11::basic_string<char, std::char_traits<char>, std::allocator<char> >::assign(std::__cxx11::basic_string<char, std::char_traits<char>, std::allocator<char> > const&) (basic_string.h:1771)
==22141==    by 0x400AF4C: std::__cxx11::basic_string<char, std::char_traits<char>, std::allocator<char> >::operator=(std::__cxx11::basic_string<char, std::char_traits<char>, std::allocator<char> > const&) (basic_string.h:906)
==22141==    by 0x4019627: Client::setResponse(std::__cxx11::basic_string<char, std::char_traits<char>, std::allocator<char> > const&) (Client.cpp:97)
==22141==    by 0x401DEB3: Loop::_createResponse(int) (Loop.cpp:460)
==22141==    by 0x401EDDF: Loop::runLoop() (Loop.cpp:612)
==22141==    by 0x4014393: main (main.cpp:62)
==22141== 
==22141== LEAK SUMMARY:
==22141==    definitely lost: 0 bytes in 0 blocks
==22141==    indirectly lost: 0 bytes in 0 blocks
==22141==      possibly lost: 0 bytes in 0 blocks
==22141==    still reachable: 4,844,708 bytes in 142 blocks
==22141==         suppressed: 0 bytes in 0 blocks
==22141== 
==22141== Use --track-origins=yes to see where uninitialised values come from
==22141== For lists of detected and suppressed errors, rerun with: -s
==22141== ERROR SUMMARY: 10 errors from 10 contexts (suppressed: 0 from 0)
